Workbook

Sheet Resumen-Mensual
B2: RESUMEN DE CURTAILMENTS ACUMULADO DE CENTRALES EÓLICAS Y SOLARES CORRESPONDIENTE AL AÑO 2022 (GWh)
C4: Resumen Anual / Mensual (GWh)
C6: Acumulado 2022
B7: Eólica | C7: =SUM(C12,F12,I12,L12,O12,R12,U12,X12,AA12,AD12,AG12,AJ12) -> 53.154253 | E7: =IF($C$9=0,"-",+C7/$C$9) -> 0.55027115
B8: Solar | C8: =SUM(C13,F13,I13,L13,O13,R13,U13,X13,AA13,AD13,AG13,AJ13) -> 43.442221 | E8: =IF($C$9=0,"-",+C8/$C$9) -> 0.44972885
B9: Total | C9: =SUM(C7:C8) -> 96.596475 | E9: =SUM(E7:E8) -> 1
C11: 44562 | F11: 44593 | I11: 44621 | L11: 44652 | O11: 44682 | R11: 44713 | U11: 44743 | X11: 44774 | AA11: 44805 | AD11: 44835 | AG11: 44866 | AJ11: 44896
B12: Eólica | C12: ='Acumulado-Anual-Eólico'!AJ10/1000 -> 53.154253 | E12: =IF($C$14=0,"-",+C12/$C$14) -> 0.55027115 | F12: =SUM(F133:U133)/1000 -> 0 | H12: =IF($C$14=0,"-",+F12/$C$14) -> 0 | I12: =SUM(I133:X133)/1000 -> 0 | K12: =IF($C$14=0,"-",+I12/$C$14) -> 0 | L12: =SUM(L133:AA133)/1000 -> 0 | N12: =IF($C$14=0,"-",+L12/$C$14) -> 0 | O12: =SUM(O133:AD133)/1000 -> 0 | Q12: =IF($C$14=0,"-",+O12/$C$14) -> 0 | R12: =SUM(R133:AG133)/1000 -> 0 | T12: =IF($C$14=0,"-",+R12/$C$14) -> 0 | U12: =SUM(U133:AJ133)/1000 -> 0 | W12: =IF($C$14=0,"-",+U12/$C$14) -> 0 | X12: =SUM(X133:AM133)/1000 -> 0 | Z12: =IF($C$14=0,"-",+X12/$C$14) -> 0 | AA12: =SUM(AA133:AP133)/1000 -> 0 | AC12: =IF($C$14=0,"-",+AA12/$C$14) -> 0 | AD12: =SUM(AD133:AS133)/1000 -> 0 | AF12: =IF($C$14=0,"-",+AD12/$C$14) -> 0 | AG12: =SUM(AG133:AV133)/1000 -> 0 | AI12: =IF($C$14=0,"-",+AG12/$C$14) -> 0 | AJ12: =SUM(AJ133:AY133)/1000 -> 0 | AL12: =IF($C$14=0,"-",+AJ12/$C$14) -> 0
B13: Solar | C13: ='Acumulado-Anual-Solar'!AJ10/1000 -> 43.442221 | E13: =IF($C$14=0,"-",+C13/$C$14) -> 0.44972885 | F13: =SUM(W133:AU133)/1000 -> 0 | H13: =IF($C$14=0,"-",+F13/$C$14) -> 0 | I13: =SUM(Z133:AX133)/1000 -> 0 | K13: =IF($C$14=0,"-",+I13/$C$14) -> 0 | L13: =SUM(AC133:BA133)/1000 -> 0 | N13: =IF($C$14=0,"-",+L13/$C$14) -> 0 | O13: =SUM(AF133:BD133)/1000 -> 0 | Q13: =IF($C$14=0,"-",+O13/$C$14) -> 0 | R13: =SUM(AI133:BG133)/1000 -> 0 | T13: =IF($C$14=0,"-",+R13/$C$14) -> 0 | U13: =SUM(AL133:BJ133)/1000 -> 0 | W13: =IF($C$14=0,"-",+U13/$C$14) -> 0 | X13: =SUM(AO133:BM133)/1000 -> 0 | Z13: =IF($C$14=0,"-",+X13/$C$14) -> 0 | AA13: =SUM(AR133:BP133)/1000 -> 0 | AC13: =IF($C$14=0,"-",+AA13/$C$14) -> 0 | AD13: =SUM(AU133:BS133)/1000 -> 0 | AF13: =IF($C$14=0,"-",+AD13/$C$14) -> 0 | AG13: =SUM(AX133:BV133)/1000 -> 0 | AI13: =IF($C$14=0,"-",+AG13/$C$14) -> 0 | AJ13: =SUM(BA133:BY133)/1000 -> 0 | AL13: =IF($C$14=0,"-",+AJ13/$C$14) -> 0
B14: Total | C14: =SUM(C12:C13) -> 96.596475 | E14: =SUM(E12:E13) -> 1 | F14: =SUM(F12:F13) -> 0 | H14: =SUM(H12:H13) -> 0 | I14: =SUM(I12:I13) -> 0 | K14: =SUM(K12:K13) -> 0 | L14: =SUM(L12:L13) -> 0 | N14: =SUM(N12:N13) -> 0 | O14: =SUM(O12:O13) -> 0 | Q14: =SUM(Q12:Q13) -> 0 | R14: =SUM(R12:R13) -> 0 | T14: =SUM(T12:T13) -> 0 | U14: =SUM(U12:U13) -> 0 | W14: =SUM(W12:W13) -> 0 | X14: =SUM(X12:X13) -> 0 | Z14: =SUM(Z12:Z13) -> 0 | AA14: =SUM(AA12:AA13) -> 0 | AC14: =SUM(AC12:AC13) -> 0 | AD14: =SUM(AD12:AD13) -> 0 | AF14: =SUM(AF12:AF13) -> 0 | AG14: =SUM(AG12:AG13) -> 0 | AI14: =SUM(AI12:AI13) -> 0 | AJ14: =SUM(AJ12:AJ13) -> 0 | AL14: =SUM(AL12:AL13) -> 0
B17: RESUMEN DE CURTAILMENTS CENTRALES EÓLICAS Y SOLARES CORRESPONDIENTE A ENERO 2022 (MWh)
B20: DESGLOSE DIARIO DE CURTAILMENTS DE ENERGÍA EÓLICA
B22: Central / Día | E22: 44562 | F22: =E22+1 -> 44563 | G22: =F22+1 -> 44564 | H22: =G22+1 -> 44565 | I22: =H22+1 -> 44566 | J22: =I22+1 -> 44567 | K22: =J22+1 -> 44568 | L22: =K22+1 -> 44569 | M22: =L22+1 -> 44570 | ... AI22: =AH22+1 -> 44592 | AJ22: Total
B23: Total | E23: =SUM(E24:E60) -> 5534.6365 | F23: =SUM(F24:F60) -> 5449.3832 | G23: =SUM(G24:G60) -> 582.06317 | H23: =SUM(H24:H60) -> 2478.4272 | I23: =SUM(I24:I60) -> 2233.1848 | J23: =SUM(J24:J60) -> 2271.0747 | K23: =SUM(K24:K60) -> 457.4755 | L23: =SUM(L24:L60) -> 99.093667 | ... AI23: =SUM(AI24:AI60) -> 72.604667 | AJ23: =SUM(AJ24:AK60) -> 53154.253
B24: PE-TCHAMMA | E24: ='Resumen-DiarioHorario-Eólico'!AC8 -> 40.035667 | F24: ='Resumen-DiarioHorario-Eólico'!AC51 -> 238.97183 | G24: ='Resumen-DiarioHorario-Eólico'!AC94 -> 44.0795 | H24: ='Resumen-DiarioHorario-Eólico'!AC137 -> 18.868333 | I24: ='Resumen-DiarioHorario-Eólico'!AC180 -> 92.931333 | J24: ='Resumen-DiarioHorario-Eólico'!AC223 -> 56.291833 | K24: ='Resumen-DiarioHorario-Eólico'!AC266 -> 1.7065 | L24: ='Resumen-DiarioHorario-Eólico'!AC309 -> 0 | M24: ='Resumen-DiarioHorario-Eólico'!AC352 -> 0.41183333 | N24: ='Resumen-DiarioHorario-Eólico'!AC395 -> 0 | O24: ='Resumen-DiarioHorario-Eólico'!AC438 -> 199.435 | P24: ='Resumen-DiarioHorario-Eólico'!AC481 -> 0 | Q24: ='Resumen-DiarioHorario-Eólico'!AC524 -> 0 | R24: ='Resumen-DiarioHorario-Eólico'!AC567 -> 0 | S24: ='Resumen-DiarioHorario-Eólico'!AC610 -> 0 | T24: ='Resumen-DiarioHorario-Eólico'!AC653 -> 98.387333 | U24: ='Resumen-DiarioHorario-Eólico'!AC696 -> 7.234 | V24: ='Resumen-DiarioHorario-Eólico'!AC739 -> 10.3115 | W24: ='Resumen-DiarioHorario-Eólico'!AC782 -> 30.728667 | X24: ='Resumen-DiarioHorario-Eólico'!AC825 -> 13.649833 | Y24: ='Resumen-DiarioHorario-Eólico'!AC868 -> 0 | Z24: ='Resumen-DiarioHorario-Eólico'!AC911 -> 3.8051667 | AA24: ='Resumen-DiarioHorario-Eólico'!AC954 -> 6.6075 | AB24: ='Resumen-DiarioHorario-Eólico'!AC997 -> 0 | AC24: ='Resumen-DiarioHorario-Eólico'!AC1040 -> 0 | AD24: ='Resumen-DiarioHorario-Eólico'!AC1083 -> 0 | AE24: ='Resumen-DiarioHorario-Eólico'!AC1126 -> 0 | AF24: ='Resumen-DiarioHorario-Eólico'!AC1168 -> 96.722167 | AG24: ='Resumen-DiarioHorario-Eólico'!AC1211 -> 45.759 | AH24: ='Resumen-DiarioHorario-Eólico'!AC1254 -> 197.9975 | AI24: ='Resumen-DiarioHorario-Eólico'!AC1297 -> 0 | AJ24: =SUM(E24:AI24) -> 1203.9345
B25: PE-SIERRAGORDA | E25: ='Resumen-DiarioHorario-Eólico'!AC9 -> 375.948 | F25: ='Resumen-DiarioHorario-Eólico'!AC52 -> 243.93717 | G25: ='Resumen-DiarioHorario-Eólico'!AC95 -> 90.725167 | H25: ='Resumen-DiarioHorario-Eólico'!AC138 -> 340.09767 | I25: ='Resumen-DiarioHorario-Eólico'!AC181 -> 397.41817 | J25: ='Resumen-DiarioHorario-Eólico'!AC224 -> 367.01133 | K25: ='Resumen-DiarioHorario-Eólico'!AC267 -> 141.34583 | L25: ='Resumen-DiarioHorario-Eólico'!AC310 -> 0 | M25: ='Resumen-DiarioHorario-Eólico'!AC353 -> 58.5055 | N25: ='Resumen-DiarioHorario-Eólico'!AC396 -> 0 | O25: ='Resumen-DiarioHorario-Eólico'!AC439 -> 137.362 | P25: ='Resumen-DiarioHorario-Eólico'!AC482 -> 211.9025 | Q25: ='Resumen-DiarioHorario-Eólico'!AC525 -> 262.27633 | R25: ='Resumen-DiarioHorario-Eólico'!AC568 -> 4.4561667 | S25: ='Resumen-DiarioHorario-Eólico'!AC611 -> 210.32917 | T25: ='Resumen-DiarioHorario-Eólico'!AC654 -> 192.63317 | U25: ='Resumen-DiarioHorario-Eólico'!AC697 -> 287.8905 | V25: ='Resumen-DiarioHorario-Eólico'!AC740 -> 177.4975 | W25: ='Resumen-DiarioHorario-Eólico'!AC783 -> 304.62783 | X25: ='Resumen-DiarioHorario-Eólico'!AC826 -> 382.69567 | Y25: ='Resumen-DiarioHorario-Eólico'!AC869 -> 344.20367 | Z25: ='Resumen-DiarioHorario-Eólico'!AC912 -> 70.681167 | AA25: ='Resumen-DiarioHorario-Eólico'!AC955 -> 209.16133 | AB25: ='Resumen-DiarioHorario-Eólico'!AC998 -> 0 | AC25: ='Resumen-DiarioHorario-Eólico'!AC1041 -> 0 | AD25: ='Resumen-DiarioHorario-Eólico'!AC1084 -> 167.22183 | AE25: ='Resumen-DiarioHorario-Eólico'!AC1127 -> 202.269 | AF25: ='Resumen-DiarioHorario-Eólico'!AC1169 -> 266.57583 | AG25: ='Resumen-DiarioHorario-Eólico'!AC1212 -> 305.3085 | AH25: ='Resumen-DiarioHorario-Eólico'!AC1255 -> 364.59283 | AI25: ='Resumen-DiarioHorario-Eólico'!AC1298 -> 0 | AJ25: =SUM(E25:AI25) -> 6116.6738
B26: PE-VALLEDELOSVIENTOS | E26: ='Resumen-DiarioHorario-Eólico'!AC10 -> 131.81 | F26: ='Resumen-DiarioHorario-Eólico'!AC53 -> 87.025167 | G26: ='Resumen-DiarioHorario-Eólico'!AC96 -> 82.388667 | H26: ='Resumen-DiarioHorario-Eólico'!AC139 -> 35.1175 | I26: ='Resumen-DiarioHorario-Eólico'!AC182 -> 51.385667 | J26: ='Resumen-DiarioHorario-Eólico'!AC225 -> 40.4655 | K26: ='Resumen-DiarioHorario-Eólico'!AC268 -> 96.599333 | L26: ='Resumen-DiarioHorario-Eólico'!AC311 -> 69.482167 | M26: ='Resumen-DiarioHorario-Eólico'!AC354 -> 100.3095 | N26: ='Resumen-DiarioHorario-Eólico'!AC397 -> 2.112 | O26: ='Resumen-DiarioHorario-Eólico'!AC440 -> 43.519333 | P26: ='Resumen-DiarioHorario-Eólico'!AC483 -> 0.088166667 | Q26: ='Resumen-DiarioHorario-Eólico'!AC526 -> 40.813833 | R26: ='Resumen-DiarioHorario-Eólico'!AC569 -> 28.809833 | S26: ='Resumen-DiarioHorario-Eólico'!AC612 -> 70.495833 | T26: ='Resumen-DiarioHorario-Eólico'!AC655 -> 46.288333 | U26: ='Resumen-DiarioHorario-Eólico'!AC698 -> 113.36117 | V26: ='Resumen-DiarioHorario-Eólico'!AC741 -> 50.753667 | W26: ='Resumen-DiarioHorario-Eólico'!AC784 -> 90.77 | X26: ='Resumen-DiarioHorario-Eólico'!AC827 -> 42.303833 | Y26: ='Resumen-DiarioHorario-Eólico'!AC870 -> 44.485833 | Z26: ='Resumen-DiarioHorario-Eólico'!AC913 -> 23.359 | AA26: ='Resumen-DiarioHorario-Eólico'!AC956 -> 65.468 | AB26: ='Resumen-DiarioHorario-Eólico'!AC999 -> 56.177333 | AC26: ='Resumen-DiarioHorario-Eólico'!AC1042 -> 69.392833 | AD26: ='Resumen-DiarioHorario-Eólico'!AC1085 -> 51.367833 | AE26: ='Resumen-DiarioHorario-Eólico'!AC1128 -> 46.691167 | AF26: ='Resumen-DiarioHorario-Eólico'!AC1170 -> 27.381667 | AG26: ='Resumen-DiarioHorario-Eólico'!AC1213 -> 34.549333 | AH26: ='Resumen-DiarioHorario-Eólico'!AC1256 -> 78.553667 | AI26: ='Resumen-DiarioHorario-Eólico'!AC1299 -> 66.0875 | AJ26: =SUM(E26:AI26) -> 1787.4137
B27: PE-CERROTIGRE * | E27: ='Resumen-DiarioHorario-Eólico'!AC11 -> 0 | F27: ='Resumen-DiarioHorario-Eólico'!AC54 -> 0 | G27: ='Resumen-DiarioHorario-Eólico'!AC97 -> 0 | H27: ='Resumen-DiarioHorario-Eólico'!AC140 -> 0 | I27: ='Resumen-DiarioHorario-Eólico'!AC183 -> 0 | J27: ='Resumen-DiarioHorario-Eólico'!AC226 -> 0 | K27: ='Resumen-DiarioHorario-Eólico'!AC269 -> 0 | L27: ='Resumen-DiarioHorario-Eólico'!AC312 -> 0 | M27: ='Resumen-DiarioHorario-Eólico'!AC355 -> 0 | N27: ='Resumen-DiarioHorario-Eólico'!AC398 -> 0 | O27: ='Resumen-DiarioHorario-Eólico'!AC441 -> 0 | P27: ='Resumen-DiarioHorario-Eólico'!AC484 -> 0 | Q27: ='Resumen-DiarioHorario-Eólico'!AC527 -> 0 | R27: ='Resumen-DiarioHorario-Eólico'!AC570 -> 0 | S27: ='Resumen-DiarioHorario-Eólico'!AC613 -> 0 | T27: ='Resumen-DiarioHorario-Eólico'!AC656 -> 0 | U27: ='Resumen-DiarioHorario-Eólico'!AC699 -> 0 | V27: ='Resumen-DiarioHorario-Eólico'!AC742 -> 0 | W27: ='Resumen-DiarioHorario-Eólico'!AC785 -> 0 | X27: ='Resumen-DiarioHorario-Eólico'!AC828 -> 0 | Y27: ='Resumen-DiarioHorario-Eólico'!AC871 -> 0 | Z27: ='Resumen-DiarioHorario-Eólico'!AC914 -> 0 | AA27: ='Resumen-DiarioHorario-Eólico'!AC957 -> 0 | AB27: ='Resumen-DiarioHorario-Eólico'!AC1000 -> 0 | AC27: ='Resumen-DiarioHorario-Eólico'!AC1043 -> 0 | AD27: ='Resumen-DiarioHorario-Eólico'!AC1086 -> 0 | AE27: ='Resumen-DiarioHorario-Eólico'!AC1129 -> 0 | AF27: ='Resumen-DiarioHorario-Eólico'!AC1171 -> 0 | AG27: ='Resumen-DiarioHorario-Eólico'!AC1214 -> 0 | AH27: ='Resumen-DiarioHorario-Eólico'!AC1257 -> 0 | AI27: ='Resumen-DiarioHorario-Eólico'!AC1300 -> 0 | AJ27: =SUM(E27:AI27) -> 0
B28: PE-CALAMA | E28: ='Resumen-DiarioHorario-Eólico'!AC12 -> 70.6495 | F28: ='Resumen-DiarioHorario-Eólico'!AC55 -> 20.817833 | G28: ='Resumen-DiarioHorario-Eólico'!AC98 -> 15.963 | H28: ='Resumen-DiarioHorario-Eólico'!AC141 -> 2.0201667 | I28: ='Resumen-DiarioHorario-Eólico'!AC184 -> 22.887 | J28: ='Resumen-DiarioHorario-Eólico'!AC227 -> 45.043333 | K28: ='Resumen-DiarioHorario-Eólico'!AC270 -> 11.348333 | L28: ='Resumen-DiarioHorario-Eólico'!AC313 -> 29.603 | M28: ='Resumen-DiarioHorario-Eólico'!AC356 -> 22.87 | N28: ='Resumen-DiarioHorario-Eólico'!AC399 -> 10.672167 | O28: ='Resumen-DiarioHorario-Eólico'!AC442 -> 100.96017 | P28: ='Resumen-DiarioHorario-Eólico'!AC485 -> 199.60167 | Q28: ='Resumen-DiarioHorario-Eólico'!AC528 -> 59.336833 | R28: ='Resumen-DiarioHorario-Eólico'!AC571 -> 16.512833 | S28: ='Resumen-DiarioHorario-Eólico'!AC614 -> 57.215833 | T28: ='Resumen-DiarioHorario-Eólico'!AC657 -> 81.5255 | U28: ='Resumen-DiarioHorario-Eólico'!AC700 -> 131.01317 | V28: ='Resumen-DiarioHorario-Eólico'!AC743 -> 9.5638333 | W28: ='Resumen-DiarioHorario-Eólico'!AC786 -> 1.2778333 | X28: ='Resumen-DiarioHorario-Eólico'!AC829 -> 139.30817 | Y28: ='Resumen-DiarioHorario-Eólico'!AC872 -> 56.418333 | Z28: ='Resumen-DiarioHorario-Eólico'!AC915 -> 0 | AA28: ='Resumen-DiarioHorario-Eólico'!AC958 -> 1.8776667 | AB28: ='Resumen-DiarioHorario-Eólico'!AC1001 -> 30.701333 | AC28: ='Resumen-DiarioHorario-Eólico'!AC1044 -> 18.668 | AD28: ='Resumen-DiarioHorario-Eólico'!AC1087 -> 8.4916667 | AE28: ='Resumen-DiarioHorario-Eólico'!AC1130 -> 2.4348333 | AF28: ='Resumen-DiarioHorario-Eólico'!AC1172 -> 184.80717 | AG28: ='Resumen-DiarioHorario-Eólico'!AC1215 -> 212.745 | AH28: ='Resumen-DiarioHorario-Eólico'!AC1258 -> 31.3865 | AI28: ='Resumen-DiarioHorario-Eólico'!AC1301 -> 2.6051667 | AJ28: =SUM(E28:AI28) -> 1598.3258
B29: PE-TALTAL | E29: ='Resumen-DiarioHorario-Eólico'!AC13 -> 0 | F29: ='Resumen-DiarioHorario-Eólico'!AC56 -> 43.195167 | G29: ='Resumen-DiarioHorario-Eólico'!AC99 -> 66.6805 | H29: ='Resumen-DiarioHorario-Eólico'!AC142 -> 123.75133 | I29: ='Resumen-DiarioHorario-Eólico'!AC185 -> 181.06833 | J29: ='Resumen-DiarioHorario-Eólico'!AC228 -> 88.691333 | K29: ='Resumen-DiarioHorario-Eólico'!AC271 -> 24.324833 | L29: ='Resumen-DiarioHorario-Eólico'!AC314 -> 0.0085 | M29: ='Resumen-DiarioHorario-Eólico'!AC357 -> 3.4371667 | N29: ='Resumen-DiarioHorario-Eólico'!AC400 -> 7.3858333 | O29: ='Resumen-DiarioHorario-Eólico'!AC443 -> 32.481667 | P29: ='Resumen-DiarioHorario-Eólico'!AC486 -> 122.97517 | Q29: ='Resumen-DiarioHorario-Eólico'!AC529 -> 96.214833 | R29: ='Resumen-DiarioHorario-Eólico'!AC572 -> 0.47916667 | S29: ='Resumen-DiarioHorario-Eólico'!AC615 -> 11.572833 | T29: ='Resumen-DiarioHorario-Eólico'!AC658 -> 0 | U29: ='Resumen-DiarioHorario-Eólico'!AC701 -> 58.354667 | V29: ='Resumen-DiarioHorario-Eólico'!AC744 -> 30.989667 | W29: ='Resumen-DiarioHorario-Eólico'!AC787 -> 15.637333 | X29: ='Resumen-DiarioHorario-Eólico'!AC830 -> 170.95383 | Y29: ='Resumen-DiarioHorario-Eólico'!AC873 -> 240.14933 | Z29: ='Resumen-DiarioHorario-Eólico'!AC916 -> 113.98367 | AA29: ='Resumen-DiarioHorario-Eólico'!AC959 -> 115.09317 | AB29: ='Resumen-DiarioHorario-Eólico'!AC1002 -> 0 | AC29: ='Resumen-DiarioHorario-Eólico'!AC1045 -> 16.096 | AD29: ='Resumen-DiarioHorario-Eólico'!AC1088 -> 48.376667 | AE29: ='Resumen-DiarioHorario-Eólico'!AC1131 -> 50.386333 | AF29: ='Resumen-DiarioHorario-Eólico'!AC1173 -> 113.70933 | AG29: ='Resumen-DiarioHorario-Eólico'!AC1216 -> 13.944667 | AH29: ='Resumen-DiarioHorario-Eólico'!AC1259 -> 32.6615 | AI29: ='Resumen-DiarioHorario-Eólico'!AC1302 -> 3.912 | AJ29: =SUM(E29:AI29) -> 1826.5148
B30: PE-SARCO | E30: ='Resumen-DiarioHorario-Eólico'!AC14 -> 496.5445 | F30: ='Resumen-DiarioHorario-Eólico'!AC57 -> 373.91633 | G30: ='Resumen-DiarioHorario-Eólico'!AC100 -> 5.3935 | H30: ='Resumen-DiarioHorario-Eólico'!AC143 -> 47.887333 | I30: ='Resumen-DiarioHorario-Eólico'!AC186 -> 217.99767 | J30: ='Resumen-DiarioHorario-Eólico'!AC229 -> 245.04833 | K30: ='Resumen-DiarioHorario-Eólico'!AC272 -> 0 | L30: ='Resumen-DiarioHorario-Eólico'!AC315 -> 0 | M30: ='Resumen-DiarioHorario-Eólico'!AC358 -> 2.4915 | N30: ='Resumen-DiarioHorario-Eólico'!AC401 -> 0 | O30: ='Resumen-DiarioHorario-Eólico'!AC444 -> 147.16833 | P30: ='Resumen-DiarioHorario-Eólico'!AC487 -> 397.95833 | Q30: ='Resumen-DiarioHorario-Eólico'!AC530 -> 639.96 | R30: ='Resumen-DiarioHorario-Eólico'!AC573 -> 0 | S30: ='Resumen-DiarioHorario-Eólico'!AC616 -> 0 | T30: ='Resumen-DiarioHorario-Eólico'!AC659 -> 195.24167 | U30: ='Resumen-DiarioHorario-Eólico'!AC702 -> 181.63667 | V30: ='Resumen-DiarioHorario-Eólico'!AC745 -> 7.2618333 | W30: ='Resumen-DiarioHorario-Eólico'!AC788 -> 248.56217 | X30: ='Resumen-DiarioHorario-Eólico'!AC831 -> 186.42933 | Y30: ='Resumen-DiarioHorario-Eólico'!AC874 -> 24.848 | Z30: ='Resumen-DiarioHorario-Eólico'!AC917 -> 55.175167 | AA30: ='Resumen-DiarioHorario-Eólico'!AC960 -> 77.1005 | AB30: ='Resumen-DiarioHorario-Eólico'!AC1003 -> 0 | AC30: ='Resumen-DiarioHorario-Eólico'!AC1046 -> 0 | AD30: ='Resumen-DiarioHorario-Eólico'!AC1089 -> 88.676167 | AE30: ='Resumen-DiarioHorario-Eólico'!AC1132 -> 27.773 | AF30: ='Resumen-DiarioHorario-Eólico'!AC1174 -> 17.172333 | AG30: ='Resumen-DiarioHorario-Eólico'!AC1217 -> 259.92667 | AH30: ='Resumen-DiarioHorario-Eólico'!AC1260 -> 233.47783 | AI30: ='Resumen-DiarioHorario-Eólico'!AC1303 -> 0 | AJ30: =SUM(E30:AI30) -> 4177.6472
B31: PE-CABOLEONES-1 | E31: ='Resumen-DiarioHorario-Eólico'!AC15 -> 290.31783 | F31: ='Resumen-DiarioHorario-Eólico'!AC58 -> 408.905 | G31: ='Resumen-DiarioHorario-Eólico'!AC101 -> 2.5895 | H31: ='Resumen-DiarioHorario-Eólico'!AC144 -> 202.36883 | I31: ='Resumen-DiarioHorario-Eólico'!AC187 -> 215.2715 | J31: ='Resumen-DiarioHorario-Eólico'!AC230 -> 195.493 | K31: ='Resumen-DiarioHorario-Eólico'!AC273 -> 10.502667 | L31: ='Resumen-DiarioHorario-Eólico'!AC316 -> 0 | M31: ='Resumen-DiarioHorario-Eólico'!AC359 -> 5.4266667 | N31: ='Resumen-DiarioHorario-Eólico'!AC402 -> 0 | O31: ='Resumen-DiarioHorario-Eólico'!AC445 -> 7.8396667 | P31: ='Resumen-DiarioHorario-Eólico'!AC488 -> 4.1816667 | Q31: ='Resumen-DiarioHorario-Eólico'!AC531 -> 225.81833 | R31: ='Resumen-DiarioHorario-Eólico'!AC574 -> 0 | S31: ='Resumen-DiarioHorario-Eólico'!AC617 -> 65.135 | T31: ='Resumen-DiarioHorario-Eólico'!AC660 -> 196.21317 | U31: ='Resumen-DiarioHorario-Eólico'!AC703 -> 99.672167 | V31: ='Resumen-DiarioHorario-Eólico'!AC746 -> 0 | W31: ='Resumen-DiarioHorario-Eólico'!AC789 -> 118.21667 | X31: ='Resumen-DiarioHorario-Eólico'!AC832 -> 189.73517 | Y31: ='Resumen-DiarioHorario-Eólico'!AC875 -> 109.20433 | Z31: ='Resumen-DiarioHorario-Eólico'!AC918 -> 115.606 | AA31: ='Resumen-DiarioHorario-Eólico'!AC961 -> 88.962167 | AB31: ='Resumen-DiarioHorario-Eólico'!AC1004 -> 0 | AC31: ='Resumen-DiarioHorario-Eólico'!AC1047 -> 0 | AD31: ='Resumen-DiarioHorario-Eólico'!AC1090 -> 52.345 | AE31: ='Resumen-DiarioHorario-Eólico'!AC1133 -> 62.1355 | AF31: ='Resumen-DiarioHorario-Eólico'!AC1175 -> 12.317833 | AG31: ='Resumen-DiarioHorario-Eólico'!AC1218 -> 226.15367 | AH31: ='Resumen-DiarioHorario-Eólico'!AC1261 -> 44.2625 | AI31: ='Resumen-DiarioHorario-Eólico'!AC1304 -> 0 | AJ31: =SUM(E31:AI31) -> 2948.6738
B32: PE-CABOLEONES-2 | E32: ='Resumen-DiarioHorario-Eólico'!AC16 -> 460.74117 | F32: ='Resumen-DiarioHorario-Eólico'!AC59 -> 528.59033 | G32: ='Resumen-DiarioHorario-Eólico'!AC102 -> 71.992667 | H32: ='Resumen-DiarioHorario-Eólico'!AC145 -> 255.079 | I32: ='Resumen-DiarioHorario-Eólico'!AC188 -> 205.59167 | J32: ='Resumen-DiarioHorario-Eólico'!AC231 -> 306.03883 | K32: ='Resumen-DiarioHorario-Eólico'!AC274 -> 20.150667 | L32: ='Resumen-DiarioHorario-Eólico'!AC317 -> 0 | M32: ='Resumen-DiarioHorario-Eólico'!AC360 -> 0.55483333 | N32: ='Resumen-DiarioHorario-Eólico'!AC403 -> 0 | O32: ='Resumen-DiarioHorario-Eólico'!AC446 -> 17.580833 | P32: ='Resumen-DiarioHorario-Eólico'!AC489 -> 28.493667 | Q32: ='Resumen-DiarioHorario-Eólico'!AC532 -> 354.31833 | R32: ='Resumen-DiarioHorario-Eólico'!AC575 -> 0 | S32: ='Resumen-DiarioHorario-Eólico'!AC618 -> 140.24717 | T32: ='Resumen-DiarioHorario-Eólico'!AC661 -> 286.60783 | U32: ='Resumen-DiarioHorario-Eólico'!AC704 -> 484.24733 | V32: ='Resumen-DiarioHorario-Eólico'!AC747 -> 0 | W32: ='Resumen-DiarioHorario-Eólico'!AC790 -> 344.87517 | X32: ='Resumen-DiarioHorario-Eólico'!AC833 -> 719.07317 | Y32: ='Resumen-DiarioHorario-Eólico'!AC876 -> 173.55517 | Z32: ='Resumen-DiarioHorario-Eólico'!AC919 -> 100.26183 | AA32: ='Resumen-DiarioHorario-Eólico'!AC962 -> 177.6045 | AB32: ='Resumen-DiarioHorario-Eólico'!AC1005 -> 0 | AC32: ='Resumen-DiarioHorario-Eólico'!AC1048 -> 0 | AD32: ='Resumen-DiarioHorario-Eólico'!AC1091 -> 69.4375 | AE32: ='Resumen-DiarioHorario-Eólico'!AC1134 -> 75.662333 | AF32: ='Resumen-DiarioHorario-Eólico'!AC1176 -> 93.159833 | AG32: ='Resumen-DiarioHorario-Eólico'!AC1219 -> 258.42667 | AH32: ='Resumen-DiarioHorario-Eólico'!AC1262 -> 134.9545 | AI32: ='Resumen-DiarioHorario-Eólico'!AC1305 -> 0 | AJ32: =SUM(E32:AI32) -> 5307.245
B33: PE-CABOLEONES-3 | E33: ='Resumen-DiarioHorario-Eólico'!AC17 -> 729.52833 | F33: ='Resumen-DiarioHorario-Eólico'!AC60 -> 621.62717 | G33: ='Resumen-DiarioHorario-Eólico'!AC103 -> 87.560333 | H33: ='Resumen-DiarioHorario-Eólico'!AC146 -> 385.92467 | I33: ='Resumen-DiarioHorario-Eólico'!AC189 -> 330.81217 | J33: ='Resumen-DiarioHorario-Eólico'!AC232 -> 405.0295 | K33: ='Resumen-DiarioHorario-Eólico'!AC275 -> 104.94183 | L33: ='Resumen-DiarioHorario-Eólico'!AC318 -> 0 | M33: ='Resumen-DiarioHorario-Eólico'!AC361 -> 12.820667 | N33: ='Resumen-DiarioHorario-Eólico'!AC404 -> 0 | O33: ='Resumen-DiarioHorario-Eólico'!AC447 -> 91.9075 | P33: ='Resumen-DiarioHorario-Eólico'!AC490 -> 89.5795 | Q33: ='Resumen-DiarioHorario-Eólico'!AC533 -> 443.3745 | R33: ='Resumen-DiarioHorario-Eólico'!AC576 -> 24.539667 | S33: ='Resumen-DiarioHorario-Eólico'!AC619 -> 233.32833 | T33: ='Resumen-DiarioHorario-Eólico'!AC662 -> 349.04183 | U33: ='Resumen-DiarioHorario-Eólico'!AC705 -> 271.312 | V33: ='Resumen-DiarioHorario-Eólico'!AC748 -> 8.2663333 | W33: ='Resumen-DiarioHorario-Eólico'!AC791 -> 301.0975 | X33: ='Resumen-DiarioHorario-Eólico'!AC834 -> 419.72217 | Y33: ='Resumen-DiarioHorario-Eólico'!AC877 -> 164.05017 | Z33: ='Resumen-DiarioHorario-Eólico'!AC920 -> 284.9085 | AA33: ='Resumen-DiarioHorario-Eólico'!AC963 -> 421.679 | AB33: ='Resumen-DiarioHorario-Eólico'!AC1006 -> 0 | AC33: ='Resumen-DiarioHorario-Eólico'!AC1049 -> 0 | AD33: ='Resumen-DiarioHorario-Eólico'!AC1092 -> 144.30967 | AE33: ='Resumen-DiarioHorario-Eólico'!AC1135 -> 222.4305 | AF33: ='Resumen-DiarioHorario-Eólico'!AC1177 -> 290.94233 | AG33: ='Resumen-DiarioHorario-Eólico'!AC1220 -> 464.91667 | AH33: ='Resumen-DiarioHorario-Eólico'!AC1263 -> 441.128 | AI33: ='Resumen-DiarioHorario-Eólico'!AC1306 -> 0 | AJ33: =SUM(E33:AI33) -> 7344.7788
B34: PE-SANJUAN | E34: ='Resumen-DiarioHorario-Eólico'!AC18 -> 691.9525 | F34: ='Resumen-DiarioHorario-Eólico'!AC61 -> 474.511 | G34: ='Resumen-DiarioHorario-Eólico'!AC104 -> 1.012 | H34: ='Resumen-DiarioHorario-Eólico'!AC147 -> 93.547333 | I34: ='Resumen-DiarioHorario-Eólico'!AC190 -> 87.821833 | J34: ='Resumen-DiarioHorario-Eólico'!AC233 -> 62.3855 | K34: ='Resumen-DiarioHorario-Eólico'!AC276 -> 0 | L34: ='Resumen-DiarioHorario-Eólico'!AC319 -> 0 | M34: ='Resumen-DiarioHorario-Eólico'!AC362 -> 15.0355 | N34: ='Resumen-DiarioHorario-Eólico'!AC405 -> 0 | O34: ='Resumen-DiarioHorario-Eólico'!AC448 -> 0 | P34: ='Resumen-DiarioHorario-Eólico'!AC491 -> 0 | Q34: ='Resumen-DiarioHorario-Eólico'!AC534 -> 24.5395 | R34: ='Resumen-DiarioHorario-Eólico'!AC577 -> 0 | S34: ='Resumen-DiarioHorario-Eólico'!AC620 -> 99.821833 | T34: ='Resumen-DiarioHorario-Eólico'!AC663 -> 431.03217 | U34: ='Resumen-DiarioHorario-Eólico'!AC706 -> 169.87783 | V34: ='Resumen-DiarioHorario-Eólico'!AC749 -> 0 | W34: ='Resumen-DiarioHorario-Eólico'!AC792 -> 127.27383 | X34: ='Resumen-DiarioHorario-Eólico'!AC835 -> 211.62483 | Y34: ='Resumen-DiarioHorario-Eólico'!AC878 -> 147.27183 | Z34: ='Resumen-DiarioHorario-Eólico'!AC921 -> 58.9085 | AA34: ='Resumen-DiarioHorario-Eólico'!AC964 -> 25.734833 | AB34: ='Resumen-DiarioHorario-Eólico'!AC1007 -> 0 | AC34: ='Resumen-DiarioHorario-Eólico'!AC1050 -> 0 | AD34: ='Resumen-DiarioHorario-Eólico'!AC1093 -> 110.15867 | AE34: ='Resumen-DiarioHorario-Eólico'!AC1136 -> 54.096333 | AF34: ='Resumen-DiarioHorario-Eólico'!AC1178 -> 24.483333 | AG34: ='Resumen-DiarioHorario-Eólico'!AC1221 -> 318.58233 | AH34: ='Resumen-DiarioHorario-Eólico'!AC1264 -> 202.51867 | AI34: ='Resumen-DiarioHorario-Eólico'!AC1307 -> 0 | AJ34: =SUM(E34:AI34) -> 3432.1902
B35: PE-PUNTACOLORADA | E35: ='Resumen-DiarioHorario-Eólico'!AC19 -> 42.212167 | F35: ='Resumen-DiarioHorario-Eólico'!AC62 -> 40.655167 | G35: ='Resumen-DiarioHorario-Eólico'!AC105 -> 0 | H35: ='Resumen-DiarioHorario-Eólico'!AC148 -> 30.16 | I35: ='Resumen-DiarioHorario-Eólico'!AC191 -> 32.492167 | J35: ='Resumen-DiarioHorario-Eólico'!AC234 -> 25.644167 | K35: ='Resumen-DiarioHorario-Eólico'!AC277 -> 9.1128333 | L35: ='Resumen-DiarioHorario-Eólico'!AC320 -> 0 | M35: ='Resumen-DiarioHorario-Eólico'!AC363 -> 9.2695 | N35: ='Resumen-DiarioHorario-Eólico'!AC406 -> 0 | O35: ='Resumen-DiarioHorario-Eólico'!AC449 -> 8.7263333 | P35: ='Resumen-DiarioHorario-Eólico'!AC492 -> 20.115 | Q35: ='Resumen-DiarioHorario-Eólico'!AC535 -> 25.0035 | R35: ='Resumen-DiarioHorario-Eólico'!AC578 -> 2.4516667 | S35: ='Resumen-DiarioHorario-Eólico'!AC621 -> 10.516667 | T35: ='Resumen-DiarioHorario-Eólico'!AC664 -> 9.3833333 | U35: ='Resumen-DiarioHorario-Eólico'!AC707 -> 10.060833 | V35: ='Resumen-DiarioHorario-Eólico'!AC750 -> 6.3933333 | W35: ='Resumen-DiarioHorario-Eólico'!AC793 -> 8.2075 | X35: ='Resumen-DiarioHorario-Eólico'!AC836 -> 6.5158333 | Y35: ='Resumen-DiarioHorario-Eólico'!AC879 -> 7.3475 | Z35: ='Resumen-DiarioHorario-Eólico'!AC922 -> 15.286167 | AA35: ='Resumen-DiarioHorario-Eólico'!AC965 -> 7.8675 | AB35: ='Resumen-DiarioHorario-Eólico'!AC1008 -> 0 | AC35: ='Resumen-DiarioHorario-Eólico'!AC1051 -> 0 | AD35: ='Resumen-DiarioHorario-Eólico'!AC1094 -> 10.080667 | AE35: ='Resumen-DiarioHorario-Eólico'!AC1137 -> 4.0606667 | AF35: ='Resumen-DiarioHorario-Eólico'!AC1179 -> 17.107167 | AG35: ='Resumen-DiarioHorario-Eólico'!AC1222 -> 17.454833 | AH35: ='Resumen-DiarioHorario-Eólico'!AC1265 -> 23.018833 | AI35: ='Resumen-DiarioHorario-Eólico'!AC1308 -> 0 | AJ35: =SUM(E35:AI35) -> 399.14333
... B60: PE-ALENA | E60: ='Resumen-DiarioHorario-Eólico'!AC44 -> 231.824 | F60: ='Resumen-DiarioHorario-Eólico'!AC87 -> 261.65733 | G60: ='Resumen-DiarioHorario-Eólico'!AC130 -> 0 | H60: ='Resumen-DiarioHorario-Eólico'!AC173 -> 0 | I60: ='Resumen-DiarioHorario-Eólico'!AC216 -> 0 | J60: ='Resumen-DiarioHorario-Eólico'!AC259 -> 0 | K60: ='Resumen-DiarioHorario-Eólico'!AC302 -> 0 | L60: ='Resumen-DiarioHorario-Eólico'!AC345 -> 0 | M60: ='Resumen-DiarioHorario-Eólico'!AC388 -> 0 | N60: ='Resumen-DiarioHorario-Eólico'!AC431 -> 0 | O60: ='Resumen-DiarioHorario-Eólico'!AC474 -> 0 | P60: ='Resumen-DiarioHorario-Eólico'!AC517 -> 0 | Q60: ='Resumen-DiarioHorario-Eólico'!AC560 -> 0 | R60: ='Resumen-DiarioHorario-Eólico'!AC603 -> 0 | S60: ='Resumen-DiarioHorario-Eólico'!AC646 -> 53.079333 | T60: ='Resumen-DiarioHorario-Eólico'!AC689 -> 0 | U60: ='Resumen-DiarioHorario-Eólico'!AC732 -> 4.7955 | V60: ='Resumen-DiarioHorario-Eólico'!AC775 -> 0 | W60: ='Resumen-DiarioHorario-Eólico'!AC818 -> 0 | X60: ='Resumen-DiarioHorario-Eólico'!AC861 -> 1.2688333 | Y60: ='Resumen-DiarioHorario-Eólico'!AC904 -> 0 | Z60: ='Resumen-DiarioHorario-Eólico'!AC947 -> 0 | AA60: ='Resumen-DiarioHorario-Eólico'!AC990 -> 0 | AB60: ='Resumen-DiarioHorario-Eólico'!AC1033 -> 0 | AC60: ='Resumen-DiarioHorario-Eólico'!AC1076 -> 0 | AD60: ='Resumen-DiarioHorario-Eólico'!AC1119 -> 0 | AE60: ='Resumen-DiarioHorario-Eólico'!AC1162 -> 0 | AF60: ='Resumen-DiarioHorario-Eólico'!AC1204 -> 0 | AG60: ='Resumen-DiarioHorario-Eólico'!AC1247 -> 0 | AH60: ='Resumen-DiarioHorario-Eólico'!AC1290 -> 14.089 | AI60: ='Resumen-DiarioHorario-Eólico'!AC1333 -> 0 | AJ60: =SUM(E60:AI60) -> 566.714
B64: DESGLOSE DIARIO DE CURTAILMENTS DE ENERGÍA SOLAR
B66: Central / Día | E66: =E22 -> 44562 | F66: =F22 -> 44563 | G66: =G22 -> 44564 | H66: =H22 -> 44565 | I66: =I22 -> 44566 | J66: =J22 -> 44567 | K66: =K22 -> 44568 | L66: =L22 -> 44569 | ... AI66: =AI22 -> 44592 | AJ66: Total
B67: Total | E67: =SUM(E68:E116) -> 5637.6028 | F67: =SUM(F68:F116) -> 4370.6822 | G67: =SUM(G68:G116) -> 483.3605 | H67: =SUM(H68:H116) -> 2516.4855 | I67: =SUM(I68:I116) -> 2837.8305 | J67: =SUM(J68:J116) -> 1484.8965 | K67: =SUM(K68:K116) -> 453.25483 | L67: =SUM(L68:L116) -> 355.5485 | ... AI67: =SUM(AI68:AI116) -> 482.02283 | AJ67: =SUM(AJ68:AK116) -> 43442.221
B68: PFV-POZOALMONTE-2 | E68: ='Resumen-DiarioHorario-Solar'!AC8 -> 6.4098333 | F68: ='Resumen-DiarioHorario-Solar'!AC63 -> 6.0046667 | G68: ='Resumen-DiarioHorario-Solar'!AC118 -> 0.97666667 | H68: ='Resumen-DiarioHorario-Solar'!AC173 -> 5.5136667 | I68: ='Resumen-DiarioHorario-Solar'!AC228 -> 7.4816667 | J68: ='Resumen-DiarioHorario-Solar'!AC283 -> 0.48916667 | K68: ='Resumen-DiarioHorario-Solar'!AC338 -> 0.0745 | L68: ='Resumen-DiarioHorario-Solar'!AC393 -> 0 | M68: ='Resumen-DiarioHorario-Solar'!AC448 -> 0.2995 | N68: ='Resumen-DiarioHorario-Solar'!AC503 -> 0 | O68: ='Resumen-DiarioHorario-Solar'!AC558 -> 0 | P68: ='Resumen-DiarioHorario-Solar'!AC613 -> 0.64983333 | Q68: ='Resumen-DiarioHorario-Solar'!AC668 -> 2.3038333 | R68: ='Resumen-DiarioHorario-Solar'!AC723 -> 0 | S68: ='Resumen-DiarioHorario-Solar'!AC778 -> 0 | T68: ='Resumen-DiarioHorario-Solar'!AC833 -> 1.0166667 | U68: ='Resumen-DiarioHorario-Solar'!AC888 -> 0.026166667 | V68: ='Resumen-DiarioHorario-Solar'!AC943 -> 0.5725 | W68: ='Resumen-DiarioHorario-Solar'!AC998 -> 0.44566667 | X68: ='Resumen-DiarioHorario-Solar'!AC1053 -> 0 | Y68: ='Resumen-DiarioHorario-Solar'!AC1108 -> 0 | Z68: ='Resumen-DiarioHorario-Solar'!AC1163 -> 2.3913333 | AA68: ='Resumen-DiarioHorario-Solar'!AC1218 -> 0.20516667 | AB68: ='Resumen-DiarioHorario-Solar'!AC1273 -> 0 | AC68: ='Resumen-DiarioHorario-Solar'!AC1328 -> 0 | AD68: ='Resumen-DiarioHorario-Solar'!AC1383 -> 0.022 | AE68: ='Resumen-DiarioHorario-Solar'!AC1438 -> 1.2658333 | AF68: ='Resumen-DiarioHorario-Solar'!AC1493 -> 0.087333333 | AG68: ='Resumen-DiarioHorario-Solar'!AC1548 -> 7.3616667 | AH68: ='Resumen-DiarioHorario-Solar'!AC1603 -> 4.2343333 | AI68: ='Resumen-DiarioHorario-Solar'!AC1658 -> 0 | AJ68: =SUM(E68:AI68) -> 47.832
B69: PFV-POZOALMONTE-3 | E69: ='Resumen-DiarioHorario-Solar'!AC9 -> 7.9505 | F69: ='Resumen-DiarioHorario-Solar'!AC64 -> 5.0803333 | G69: ='Resumen-DiarioHorario-Solar'!AC119 -> 0.179 | H69: ='Resumen-DiarioHorario-Solar'!AC174 -> 8.9066667 | I69: ='Resumen-DiarioHorario-Solar'!AC229 -> 19.514667 | J69: ='Resumen-DiarioHorario-Solar'!AC284 -> 0.71433333 | K69: ='Resumen-DiarioHorario-Solar'!AC339 -> 0.7055 | L69: ='Resumen-DiarioHorario-Solar'!AC394 -> 0 | M69: ='Resumen-DiarioHorario-Solar'!AC449 -> 0.20266667 | N69: ='Resumen-DiarioHorario-Solar'!AC504 -> 0 | O69: ='Resumen-DiarioHorario-Solar'!AC559 -> 0.51216667 | P69: ='Resumen-DiarioHorario-Solar'!AC614 -> 2.062 | Q69: ='Resumen-DiarioHorario-Solar'!AC669 -> 4.9898333 | R69: ='Resumen-DiarioHorario-Solar'!AC724 -> 1.0831667 | S69: ='Resumen-DiarioHorario-Solar'!AC779 -> 1.3455 | T69: ='Resumen-DiarioHorario-Solar'!AC834 -> 0.16716667 | U69: ='Resumen-DiarioHorario-Solar'!AC889 -> 0 | V69: ='Resumen-DiarioHorario-Solar'!AC944 -> 0 | W69: ='Resumen-DiarioHorario-Solar'!AC999 -> 0 | X69: ='Resumen-DiarioHorario-Solar'!AC1054 -> 0 | Y69: ='Resumen-DiarioHorario-Solar'!AC1109 -> 0 | Z69: ='Resumen-DiarioHorario-Solar'!AC1164 -> 0 | AA69: ='Resumen-DiarioHorario-Solar'!AC1219 -> 3.3101667 | AB69: ='Resumen-DiarioHorario-Solar'!AC1274 -> 0 | AC69: ='Resumen-DiarioHorario-Solar'!AC1329 -> 0 | AD69: ='Resumen-DiarioHorario-Solar'!AC1384 -> 0.19466667 | AE69: ='Resumen-DiarioHorario-Solar'!AC1439 -> 3.3141667 | AF69: ='Resumen-DiarioHorario-Solar'!AC1494 -> 6.6795 | AG69: ='Resumen-DiarioHorario-Solar'!AC1549 -> 5.1121667 | AH69: ='Resumen-DiarioHorario-Solar'!AC1604 -> 7.0381667 | AI69: ='Resumen-DiarioHorario-Solar'!AC1659 -> 0 | AJ69: =SUM(E69:AI69) -> 79.062333
B70: PFV-LAHUAYCA-2 | E70: ='Resumen-DiarioHorario-Solar'!AC10 -> 33.761833 | F70: ='Resumen-DiarioHorario-Solar'!AC65 -> 32.543 | G70: ='Resumen-DiarioHorario-Solar'!AC120 -> 0.5705 | H70: ='Resumen-DiarioHorario-Solar'!AC175 -> 16.7035 | I70: ='Resumen-DiarioHorario-Solar'!AC230 -> 19.068 | J70: ='Resumen-DiarioHorario-Solar'!AC285 -> 0.80266667 | K70: ='Resumen-DiarioHorario-Solar'!AC340 -> 0.27 | L70: ='Resumen-DiarioHorario-Solar'!AC395 -> 0 | M70: ='Resumen-DiarioHorario-Solar'!AC450 -> 0.017 | N70: ='Resumen-DiarioHorario-Solar'!AC505 -> 0 | O70: ='Resumen-DiarioHorario-Solar'!AC560 -> 5.3516667 | P70: ='Resumen-DiarioHorario-Solar'!AC615 -> 25.206167 | Q70: ='Resumen-DiarioHorario-Solar'!AC670 -> 12.7305 | R70: ='Resumen-DiarioHorario-Solar'!AC725 -> 1.717 | S70: ='Resumen-DiarioHorario-Solar'!AC780 -> 0.7455 | T70: ='Resumen-DiarioHorario-Solar'!AC835 -> 3.077 | U70: ='Resumen-DiarioHorario-Solar'!AC890 -> 0.86883333 | V70: ='Resumen-DiarioHorario-Solar'!AC945 -> 0 | W70: ='Resumen-DiarioHorario-Solar'!AC1000 -> 19.86 | X70: ='Resumen-DiarioHorario-Solar'!AC1055 -> 26.492833 | Y70: ='Resumen-DiarioHorario-Solar'!AC1110 -> 0 | Z70: ='Resumen-DiarioHorario-Solar'!AC1165 -> 0.57016667 | AA70: ='Resumen-DiarioHorario-Solar'!AC1220 -> 9.5323333 | AB70: ='Resumen-DiarioHorario-Solar'!AC1275 -> 0 | AC70: ='Resumen-DiarioHorario-Solar'!AC1330 -> 0 | AD70: ='Resumen-DiarioHorario-Solar'!AC1385 -> 0 | AE70: ='Resumen-DiarioHorario-Solar'!AC1440 -> 5.4583333 | AF70: ='Resumen-DiarioHorario-Solar'!AC1495 -> 1.9133333 | AG70: ='Resumen-DiarioHorario-Solar'!AC1550 -> 2.3501667 | AH70: ='Resumen-DiarioHorario-Solar'!AC1605 -> 54.038167 | AI70: ='Resumen-DiarioHorario-Solar'!AC1660 -> 0 | AJ70: =SUM(E70:AI70) -> 273.6485
B71: PFV-SANTAISABEL | E71: ='Resumen-DiarioHorario-Solar'!AC11 -> 637.85033 | F71: ='Resumen-DiarioHorario-Solar'!AC66 -> 130.4355 | G71: ='Resumen-DiarioHorario-Solar'!AC121 -> 0 | H71: ='Resumen-DiarioHorario-Solar'!AC176 -> 48.374667 | I71: ='Resumen-DiarioHorario-Solar'!AC231 -> 93.350833 | J71: ='Resumen-DiarioHorario-Solar'!AC286 -> 20.537833 | K71: ='Resumen-DiarioHorario-Solar'!AC341 -> 0 | L71: ='Resumen-DiarioHorario-Solar'!AC396 -> 0 | M71: ='Resumen-DiarioHorario-Solar'!AC451 -> 0.028333333 | N71: ='Resumen-DiarioHorario-Solar'!AC506 -> 0 | O71: ='Resumen-DiarioHorario-Solar'!AC561 -> 21.919 | P71: ='Resumen-DiarioHorario-Solar'!AC616 -> 3.3483333 | Q71: ='Resumen-DiarioHorario-Solar'!AC671 -> 15.184333 | R71: ='Resumen-DiarioHorario-Solar'!AC726 -> 0 | S71: ='Resumen-DiarioHorario-Solar'!AC781 -> 1.488 | T71: ='Resumen-DiarioHorario-Solar'!AC836 -> 4.6251667 | U71: ='Resumen-DiarioHorario-Solar'!AC891 -> 6.378 | V71: ='Resumen-DiarioHorario-Solar'!AC946 -> 0.3155 | W71: ='Resumen-DiarioHorario-Solar'!AC1001 -> 0.025833333 | X71: ='Resumen-DiarioHorario-Solar'!AC1056 -> 9.2688333 | Y71: ='Resumen-DiarioHorario-Solar'!AC1111 -> 0 | Z71: ='Resumen-DiarioHorario-Solar'!AC1166 -> 0 | AA71: ='Resumen-DiarioHorario-Solar'!AC1221 -> 358.992 | AB71: ='Resumen-DiarioHorario-Solar'!AC1276 -> 0 | AC71: ='Resumen-DiarioHorario-Solar'!AC1331 -> 0 | AD71: ='Resumen-DiarioHorario-Solar'!AC1386 -> 0 | AE71: ='Resumen-DiarioHorario-Solar'!AC1441 -> 2.58 | AF71: ='Resumen-DiarioHorario-Solar'!AC1496 -> 1.7925 | AG71: ='Resumen-DiarioHorario-Solar'!AC1551 -> 0.17016667 | AH71: ='Resumen-DiarioHorario-Solar'!AC1606 -> 35.794333 | AI71: ='Resumen-DiarioHorario-Solar'!AC1661 -> 0 | AJ71: =SUM(E71:AI71) -> 1392.4595
B72: PFV-HUATACONDO | E72: ='Resumen-DiarioHorario-Solar'!AC12 -> 90.176 | F72: ='Resumen-DiarioHorario-Solar'!AC67 -> 36.588 | G72: ='Resumen-DiarioHorario-Solar'!AC122 -> 3.3573333 | H72: ='Resumen-DiarioHorario-Solar'!AC177 -> 54.7005 | I72: ='Resumen-DiarioHorario-Solar'!AC232 -> 78.878833 | J72: ='Resumen-DiarioHorario-Solar'!AC287 -> 13.0155 | K72: ='Resumen-DiarioHorario-Solar'!AC342 -> 54.052167 | L72: ='Resumen-DiarioHorario-Solar'!AC397 -> 2.2356667 | M72: ='Resumen-DiarioHorario-Solar'!AC452 -> 15.131667 | N72: ='Resumen-DiarioHorario-Solar'!AC507 -> 45.353833 | O72: ='Resumen-DiarioHorario-Solar'!AC562 -> 121.268 | P72: ='Resumen-DiarioHorario-Solar'!AC617 -> 22.125833 | Q72: ='Resumen-DiarioHorario-Solar'!AC672 -> 81.832167 | R72: ='Resumen-DiarioHorario-Solar'!AC727 -> 0 | S72: ='Resumen-DiarioHorario-Solar'!AC782 -> 0.221 | T72: ='Resumen-DiarioHorario-Solar'!AC837 -> 31.618667 | U72: ='Resumen-DiarioHorario-Solar'!AC892 -> 32.6585 | V72: ='Resumen-DiarioHorario-Solar'!AC947 -> 14.874833 | W72: ='Resumen-DiarioHorario-Solar'!AC1002 -> 42.9385 | X72: ='Resumen-DiarioHorario-Solar'!AC1057 -> 3.6 | Y72: ='Resumen-DiarioHorario-Solar'!AC1112 -> 56.0025 | Z72: ='Resumen-DiarioHorario-Solar'!AC1167 -> 0 | AA72: ='Resumen-DiarioHorario-Solar'!AC1222 -> 25.285 | AB72: ='Resumen-DiarioHorario-Solar'!AC1277 -> 0.46533333 | AC72: ='Resumen-DiarioHorario-Solar'!AC1332 -> 0 | AD72: ='Resumen-DiarioHorario-Solar'!AC1387 -> 31.162 | AE72: ='Resumen-DiarioHorario-Solar'!AC1442 -> 42.586333 | AF72: ='Resumen-DiarioHorario-Solar'!AC1497 -> 0.073333333 | AG72: ='Resumen-DiarioHorario-Solar'!AC1552 -> 66.583 | AH72: ='Resumen-DiarioHorario-Solar'!AC1607 -> 8.446 | AI72: ='Resumen-DiarioHorario-Solar'!AC1662 -> 0 | AJ72: =SUM(E72:AI72) -> 975.2305
B73: PFV-ATACAMASOLAR-2 | E73: ='Resumen-DiarioHorario-Solar'!AC13 -> 75.845333 | F73: ='Resumen-DiarioHorario-Solar'!AC68 -> 10.090833 | G73: ='Resumen-DiarioHorario-Solar'!AC123 -> 0 | H73: ='Resumen-DiarioHorario-Solar'!AC178 -> 7.9671667 | I73: ='Resumen-DiarioHorario-Solar'!AC233 -> 19.190667 | J73: ='Resumen-DiarioHorario-Solar'!AC288 -> 0 | K73: ='Resumen-DiarioHorario-Solar'!AC343 -> 21.997833 | L73: ='Resumen-DiarioHorario-Solar'!AC398 -> 0 | M73: ='Resumen-DiarioHorario-Solar'!AC453 -> 0 | N73: ='Resumen-DiarioHorario-Solar'!AC508 -> 0 | O73: ='Resumen-DiarioHorario-Solar'!AC563 -> 3.7576667 | P73: ='Resumen-DiarioHorario-Solar'!AC618 -> 27.141667 | Q73: ='Resumen-DiarioHorario-Solar'!AC673 -> 102.85933 | R73: ='Resumen-DiarioHorario-Solar'!AC728 -> 2.1695 | S73: ='Resumen-DiarioHorario-Solar'!AC783 -> 0 | T73: ='Resumen-DiarioHorario-Solar'!AC838 -> 0.52716667 | U73: ='Resumen-DiarioHorario-Solar'!AC893 -> 2.1545 | V73: ='Resumen-DiarioHorario-Solar'!AC948 -> 0 | W73: ='Resumen-DiarioHorario-Solar'!AC1003 -> 0 | X73: ='Resumen-DiarioHorario-Solar'!AC1058 -> 2.0243333 | Y73: ='Resumen-DiarioHorario-Solar'!AC1113 -> 0.034166667 | Z73: ='Resumen-DiarioHorario-Solar'!AC1168 -> 0 | AA73: ='Resumen-DiarioHorario-Solar'!AC1223 -> 6.7291667 | AB73: ='Resumen-DiarioHorario-Solar'!AC1278 -> 0 | AC73: ='Resumen-DiarioHorario-Solar'!AC1333 -> 0 | AD73: ='Resumen-DiarioHorario-Solar'!AC1388 -> 0.028166667 | AE73: ='Resumen-DiarioHorario-Solar'!AC1443 -> 42.126 | AF73: ='Resumen-DiarioHorario-Solar'!AC1498 -> 18.498 | AG73: ='Resumen-DiarioHorario-Solar'!AC1553 -> 0 | AH73: ='Resumen-DiarioHorario-Solar'!AC1608 -> 0 | AI73: ='Resumen-DiarioHorario-Solar'!AC1663 -> 0 | AJ73: =SUM(E73:AI73) -> 343.1415
B74: PFV-NUEVOQUILLAGUA | E74: ='Resumen-DiarioHorario-Solar'!AC14 -> 275.15017 | F74: ='Resumen-DiarioHorario-Solar'!AC69 -> 202.304 | G74: ='Resumen-DiarioHorario-Solar'!AC124 -> 6.084 | H74: ='Resumen-DiarioHorario-Solar'!AC179 -> 58.896833 | I74: ='Resumen-DiarioHorario-Solar'!AC234 -> 81.192833 | J74: ='Resumen-DiarioHorario-Solar'!AC289 -> 50.307833 | K74: ='Resumen-DiarioHorario-Solar'!AC344 -> 54.652833 | L74: ='Resumen-DiarioHorario-Solar'!AC399 -> 45.7735 | M74: ='Resumen-DiarioHorario-Solar'!AC454 -> 23.054333 | N74: ='Resumen-DiarioHorario-Solar'!AC509 -> 0.1455 | O74: ='Resumen-DiarioHorario-Solar'!AC564 -> 116.03533 | P74: ='Resumen-DiarioHorario-Solar'!AC619 -> 39.385833 | Q74: ='Resumen-DiarioHorario-Solar'!AC674 -> 2.7796667 | R74: ='Resumen-DiarioHorario-Solar'!AC729 -> 13.005833 | S74: ='Resumen-DiarioHorario-Solar'!AC784 -> 0.56616667 | T74: ='Resumen-DiarioHorario-Solar'!AC839 -> 45.0905 | U74: ='Resumen-DiarioHorario-Solar'!AC894 -> 15.523833 | V74: ='Resumen-DiarioHorario-Solar'!AC949 -> 11.162167 | W74: ='Resumen-DiarioHorario-Solar'!AC1004 -> 8.795 | X74: ='Resumen-DiarioHorario-Solar'!AC1059 -> 0.0048333333 | Y74: ='Resumen-DiarioHorario-Solar'!AC1114 -> 67.718833 | Z74: ='Resumen-DiarioHorario-Solar'!AC1169 -> 111.32633 | AA74: ='Resumen-DiarioHorario-Solar'!AC1224 -> 119.312 | AB74: ='Resumen-DiarioHorario-Solar'!AC1279 -> 0.41133333 | AC74: ='Resumen-DiarioHorario-Solar'!AC1334 -> 0.42733333 | AD74: ='Resumen-DiarioHorario-Solar'!AC1389 -> 26.536333 | AE74: ='Resumen-DiarioHorario-Solar'!AC1444 -> 48.6005 | AF74: ='Resumen-DiarioHorario-Solar'!AC1499 -> 61.264167 | AG74: ='Resumen-DiarioHorario-Solar'!AC1554 -> 92.104333 | AH74: ='Resumen-DiarioHorario-Solar'!AC1609 -> 63.8145 | AI74: ='Resumen-DiarioHorario-Solar'!AC1664 -> 14.481167 | AJ74: =SUM(E74:AI74) -> 1655.9078
B75: PFV-GRANJA | E75: ='Resumen-DiarioHorario-Solar'!AC15 -> 72.896333 | F75: ='Resumen-DiarioHorario-Solar'!AC70 -> 44.234 | G75: ='Resumen-DiarioHorario-Solar'!AC125 -> 0 | H75: ='Resumen-DiarioHorario-Solar'!AC180 -> 33.3755 | I75: ='Resumen-DiarioHorario-Solar'!AC235 -> 60.0965 | J75: ='Resumen-DiarioHorario-Solar'!AC290 -> 0 | K75: ='Resumen-DiarioHorario-Solar'!AC345 -> 2.6935 | L75: ='Resumen-DiarioHorario-Solar'!AC400 -> 0 | M75: ='Resumen-DiarioHorario-Solar'!AC455 -> 0 | N75: ='Resumen-DiarioHorario-Solar'!AC510 -> 0 | O75: ='Resumen-DiarioHorario-Solar'!AC565 -> 13.237333 | P75: ='Resumen-DiarioHorario-Solar'!AC620 -> 54.544667 | Q75: ='Resumen-DiarioHorario-Solar'!AC675 -> 135.55533 | R75: ='Resumen-DiarioHorario-Solar'!AC730 -> 0.72883333 | S75: ='Resumen-DiarioHorario-Solar'!AC785 -> 0 | T75: ='Resumen-DiarioHorario-Solar'!AC840 -> 0 | U75: ='Resumen-DiarioHorario-Solar'!AC895 -> 0.020666667 | V75: ='Resumen-DiarioHorario-Solar'!AC950 -> 1.8473333 | W75: ='Resumen-DiarioHorario-Solar'!AC1005 -> 0 | X75: ='Resumen-DiarioHorario-Solar'!AC1060 -> 7.2875 | Y75: ='Resumen-DiarioHorario-Solar'!AC1115 -> 0 | Z75: ='Resumen-DiarioHorario-Solar'!AC1170 -> 0.034666667 | AA75: ='Resumen-DiarioHorario-Solar'!AC1225 -> 32.744667 | AB75: ='Resumen-DiarioHorario-Solar'!AC1280 -> 0 | AC75: ='Resumen-DiarioHorario-Solar'!AC1335 -> 0 | AD75: ='Resumen-DiarioHorario-Solar'!AC1390 -> 3.2745 | AE75: ='Resumen-DiarioHorario-Solar'!AC1445 -> 12.188833 | AF75: ='Resumen-DiarioHorario-Solar'!AC1500 -> 8.0225 | AG75: ='Resumen-DiarioHorario-Solar'!AC1555 -> 1.3175 | AH75: ='Resumen-DiarioHorario-Solar'!AC1610 -> 45.874 | AI75: ='Resumen-DiarioHorario-Solar'!AC1665 -> 0 | AJ75: =SUM(E75:AI75) -> 529.97417
B76: PFV-USYA | E76: ='Resumen-DiarioHorario-Solar'!AC16 -> 120.39 | F76: ='Resumen-DiarioHorario-Solar'!AC71 -> 64.603833 | G76: ='Resumen-DiarioHorario-Solar'!AC126 -> 70.936667 | H76: ='Resumen-DiarioHorario-Solar'!AC181 -> 105.713 | I76: ='Resumen-DiarioHorario-Solar'!AC236 -> 79.2085 | J76: ='Resumen-DiarioHorario-Solar'!AC291 -> 47.313167 | K76: ='Resumen-DiarioHorario-Solar'!AC346 -> 96.404667 | L76: ='Resumen-DiarioHorario-Solar'!AC401 -> 78.159 | M76: ='Resumen-DiarioHorario-Solar'!AC456 -> 43.289 | N76: ='Resumen-DiarioHorario-Solar'!AC511 -> 78.276833 | O76: ='Resumen-DiarioHorario-Solar'!AC566 -> 99.849667 | P76: ='Resumen-DiarioHorario-Solar'!AC621 -> 30.3985 | Q76: ='Resumen-DiarioHorario-Solar'!AC676 -> 37.3545 | R76: ='Resumen-DiarioHorario-Solar'!AC731 -> 62.285833 | S76: ='Resumen-DiarioHorario-Solar'!AC786 -> 78.7175 | T76: ='Resumen-DiarioHorario-Solar'!AC841 -> 77.759167 | U76: ='Resumen-DiarioHorario-Solar'!AC896 -> 60.681333 | V76: ='Resumen-DiarioHorario-Solar'!AC951 -> 120.89517 | W76: ='Resumen-DiarioHorario-Solar'!AC1006 -> 33.880667 | X76: ='Resumen-DiarioHorario-Solar'!AC1061 -> 13.145833 | Y76: ='Resumen-DiarioHorario-Solar'!AC1116 -> 25.633667 | Z76: ='Resumen-DiarioHorario-Solar'!AC1171 -> 48.655167 | AA76: ='Resumen-DiarioHorario-Solar'!AC1226 -> 28.4545 | AB76: ='Resumen-DiarioHorario-Solar'!AC1281 -> 55.062333 | AC76: ='Resumen-DiarioHorario-Solar'!AC1336 -> 59.8805 | AD76: ='Resumen-DiarioHorario-Solar'!AC1391 -> 44.862667 | AE76: ='Resumen-DiarioHorario-Solar'!AC1446 -> 8.7906667 | AF76: ='Resumen-DiarioHorario-Solar'!AC1501 -> 31.473 | AG76: ='Resumen-DiarioHorario-Solar'!AC1556 -> 46.997833 | AH76: ='Resumen-DiarioHorario-Solar'!AC1611 -> 77.736667 | AI76: ='Resumen-DiarioHorario-Solar'!AC1666 -> 85.873667 | AJ76: =SUM(E76:AI76) -> 1912.6835
B77: PFV-SANPEDRO-GPG | E77: ='Resumen-DiarioHorario-Solar'!AC17 -> 134.54617 | F77: ='Resumen-DiarioHorario-Solar'!AC72 -> 212.428 | G77: ='Resumen-DiarioHorario-Solar'!AC127 -> 67.772 | H77: ='Resumen-DiarioHorario-Solar'!AC182 -> 142.22517 | I77: ='Resumen-DiarioHorario-Solar'!AC237 -> 117.4485 | J77: ='Resumen-DiarioHorario-Solar'!AC292 -> 55.668167 | K77: ='Resumen-DiarioHorario-Solar'!AC347 -> 48.343667 | L77: ='Resumen-DiarioHorario-Solar'!AC402 -> 114.31183 | M77: ='Resumen-DiarioHorario-Solar'!AC457 -> 94.6445 | N77: ='Resumen-DiarioHorario-Solar'!AC512 -> 234.5245 | O77: ='Resumen-DiarioHorario-Solar'!AC567 -> 7.8305 | P77: ='Resumen-DiarioHorario-Solar'!AC622 -> 78.643 | Q77: ='Resumen-DiarioHorario-Solar'!AC677 -> 137.10317 | R77: ='Resumen-DiarioHorario-Solar'!AC732 -> 75.624833 | S77: ='Resumen-DiarioHorario-Solar'!AC787 -> 174.639 | T77: ='Resumen-DiarioHorario-Solar'!AC842 -> 79.991 | U77: ='Resumen-DiarioHorario-Solar'!AC897 -> 4.8996667 | V77: ='Resumen-DiarioHorario-Solar'!AC952 -> 127.13383 | W77: ='Resumen-DiarioHorario-Solar'!AC1007 -> 52.67 | X77: ='Resumen-DiarioHorario-Solar'!AC1062 -> 86.266667 | Y77: ='Resumen-DiarioHorario-Solar'!AC1117 -> 74.924667 | Z77: ='Resumen-DiarioHorario-Solar'!AC1172 -> 107.77633 | AA77: ='Resumen-DiarioHorario-Solar'!AC1227 -> 121.34583 | AB77: ='Resumen-DiarioHorario-Solar'!AC1282 -> 64.6565 | AC77: ='Resumen-DiarioHorario-Solar'!AC1337 -> 21.404 | AD77: ='Resumen-DiarioHorario-Solar'!AC1392 -> 65.704 | AE77: ='Resumen-DiarioHorario-Solar'!AC1447 -> 132.52333 | AF77: ='Resumen-DiarioHorario-Solar'!AC1502 -> 0.033333333 | AG77: ='Resumen-DiarioHorario-Solar'!AC1557 -> 64.122833 | AH77: ='Resumen-DiarioHorario-Solar'!AC1612 -> 68.991333 | AI77: ='Resumen-DiarioHorario-Solar'!AC1667 -> 119.192 | AJ77: =SUM(E77:AI77) -> 2887.3883
B78: PFV-JAMA-1 | E78: ='Resumen-DiarioHorario-Solar'!AC18 -> 31.439667 | F78: ='Resumen-DiarioHorario-Solar'!AC73 -> 80.259 | G78: ='Resumen-DiarioHorario-Solar'!AC128 -> 51.121667 | H78: ='Resumen-DiarioHorario-Solar'!AC183 -> 67.513 | I78: ='Resumen-DiarioHorario-Solar'!AC238 -> 52.058333 | J78: ='Resumen-DiarioHorario-Solar'!AC293 -> 45.5555 | K78: ='Resumen-DiarioHorario-Solar'!AC348 -> 31.9695 | L78: ='Resumen-DiarioHorario-Solar'!AC403 -> 25.806333 | M78: ='Resumen-DiarioHorario-Solar'!AC458 -> 26.2355 | N78: ='Resumen-DiarioHorario-Solar'!AC513 -> 61.258 | O78: ='Resumen-DiarioHorario-Solar'!AC568 -> 19.344667 | P78: ='Resumen-DiarioHorario-Solar'!AC623 -> 82.836667 | Q78: ='Resumen-DiarioHorario-Solar'!AC678 -> 35.419 | R78: ='Resumen-DiarioHorario-Solar'!AC733 -> 26.236667 | S78: ='Resumen-DiarioHorario-Solar'!AC788 -> 41.978833 | T78: ='Resumen-DiarioHorario-Solar'!AC843 -> 33.835833 | U78: ='Resumen-DiarioHorario-Solar'!AC898 -> 81.554167 | V78: ='Resumen-DiarioHorario-Solar'!AC953 -> 5.1593333 | W78: ='Resumen-DiarioHorario-Solar'!AC1008 -> 30.441667 | X78: ='Resumen-DiarioHorario-Solar'!AC1063 -> 13.222667 | Y78: ='Resumen-DiarioHorario-Solar'!AC1118 -> 13.572333 | Z78: ='Resumen-DiarioHorario-Solar'!AC1173 -> 15.507333 | AA78: ='Resumen-DiarioHorario-Solar'!AC1228 -> 9.531 | AB78: ='Resumen-DiarioHorario-Solar'!AC1283 -> 14.697667 | AC78: ='Resumen-DiarioHorario-Solar'!AC1338 -> 9.9143333 | AD78: ='Resumen-DiarioHorario-Solar'!AC1393 -> 39.4575 | AE78: ='Resumen-DiarioHorario-Solar'!AC1448 -> 10.228833 | AF78: ='Resumen-DiarioHorario-Solar'!AC1503 -> 21.002333 | AG78: ='Resumen-DiarioHorario-Solar'!AC1558 -> 54.859167 | AH78: ='Resumen-DiarioHorario-Solar'!AC1613 -> 27.6945 | AI78: ='Resumen-DiarioHorario-Solar'!AC1668 -> 82.957333 | AJ78: =SUM(E78:AI78) -> 1142.6683
B79: PFV-JAMA-2 | E79: ='Resumen-DiarioHorario-Solar'!AC19 -> 28.039667 | F79: ='Resumen-DiarioHorario-Solar'!AC74 -> 67.776667 | G79: ='Resumen-DiarioHorario-Solar'!AC129 -> 44.8965 | H79: ='Resumen-DiarioHorario-Solar'!AC184 -> 48.255167 | I79: ='Resumen-DiarioHorario-Solar'!AC239 -> 43.457833 | J79: ='Resumen-DiarioHorario-Solar'!AC294 -> 31.1985 | K79: ='Resumen-DiarioHorario-Solar'!AC349 -> 34.946667 | L79: ='Resumen-DiarioHorario-Solar'!AC404 -> 24.096167 | M79: ='Resumen-DiarioHorario-Solar'!AC459 -> 23.009 | N79: ='Resumen-DiarioHorario-Solar'!AC514 -> 41.4555 | O79: ='Resumen-DiarioHorario-Solar'!AC569 -> 16.943 | P79: ='Resumen-DiarioHorario-Solar'!AC624 -> 0.080166667 | Q79: ='Resumen-DiarioHorario-Solar'!AC679 -> 26.897833 | R79: ='Resumen-DiarioHorario-Solar'!AC734 -> 22.5955 | S79: ='Resumen-DiarioHorario-Solar'!AC789 -> 32.615833 | T79: ='Resumen-DiarioHorario-Solar'!AC844 -> 30.437667 | U79: ='Resumen-DiarioHorario-Solar'!AC899 -> 15.577833 | V79: ='Resumen-DiarioHorario-Solar'!AC954 -> 0 | W79: ='Resumen-DiarioHorario-Solar'!AC1009 -> 28.316833 | X79: ='Resumen-DiarioHorario-Solar'!AC1064 -> 13.726667 | Y79: ='Resumen-DiarioHorario-Solar'!AC1119 -> 14.728833 | Z79: ='Resumen-DiarioHorario-Solar'!AC1174 -> 14.334 | AA79: ='Resumen-DiarioHorario-Solar'!AC1229 -> 11.376167 | AB79: ='Resumen-DiarioHorario-Solar'!AC1284 -> 14.694333 | AC79: ='Resumen-DiarioHorario-Solar'!AC1339 -> 12.557833 | AD79: ='Resumen-DiarioHorario-Solar'!AC1394 -> 21.869167 | AE79: ='Resumen-DiarioHorario-Solar'!AC1449 -> 12.63 | AF79: ='Resumen-DiarioHorario-Solar'!AC1504 -> 14.1875 | AG79: ='Resumen-DiarioHorario-Solar'!AC1559 -> 41.118167 | AH79: ='Resumen-DiarioHorario-Solar'!AC1614 -> 30.774333 | AI79: ='Resumen-DiarioHorario-Solar'!AC1669 -> 2.4695 | AJ79: =SUM(E79:AI79) -> 765.06283
... B116: PFV-PUERTOSECO | E116: ='Resumen-DiarioHorario-Solar'!AC56 -> 22.561 | F116: ='Resumen-DiarioHorario-Solar'!AC111 -> 22.545667 | G116: ='Resumen-DiarioHorario-Solar'!AC166 -> 21.310833 | H116: ='Resumen-DiarioHorario-Solar'!AC221 -> 24.752667 | I116: ='Resumen-DiarioHorario-Solar'!AC276 -> 23.336 | J116: ='Resumen-DiarioHorario-Solar'!AC331 -> 15.970167 | K116: ='Resumen-DiarioHorario-Solar'!AC386 -> 14.125333 | L116: ='Resumen-DiarioHorario-Solar'!AC441 -> 4.8315 | M116: ='Resumen-DiarioHorario-Solar'!AC496 -> 0.146 | N116: ='Resumen-DiarioHorario-Solar'!AC551 -> 1.3981667 | O116: ='Resumen-DiarioHorario-Solar'!AC606 -> 1.209 | P116: ='Resumen-DiarioHorario-Solar'!AC661 -> 8.1535 | Q116: ='Resumen-DiarioHorario-Solar'!AC716 -> 10.2825 | R116: ='Resumen-DiarioHorario-Solar'!AC771 -> 6.8781667 | S116: ='Resumen-DiarioHorario-Solar'!AC826 -> 4.6915 | T116: ='Resumen-DiarioHorario-Solar'!AC881 -> 0.39033333 | U116: ='Resumen-DiarioHorario-Solar'!AC936 -> 6.2221667 | V116: ='Resumen-DiarioHorario-Solar'!AC991 -> 6.6408333 | W116: ='Resumen-DiarioHorario-Solar'!AC1046 -> 8.0445 | X116: ='Resumen-DiarioHorario-Solar'!AC1101 -> 0.089 | Y116: ='Resumen-DiarioHorario-Solar'!AC1156 -> 2.8138333 | Z116: ='Resumen-DiarioHorario-Solar'!AC1211 -> 14.2285 | AA116: ='Resumen-DiarioHorario-Solar'!AC1266 -> 1.4015 | AB116: ='Resumen-DiarioHorario-Solar'!AC1321 -> 0.86566667 | AC116: ='Resumen-DiarioHorario-Solar'!AC1376 -> 2.6078333 | AD116: ='Resumen-DiarioHorario-Solar'!AC1431 -> 12.402333 | AE116: ='Resumen-DiarioHorario-Solar'!AC1486 -> 4.4113333 | AF116: ='Resumen-DiarioHorario-Solar'!AC1541 -> 4.4925 | AG116: ='Resumen-DiarioHorario-Solar'!AC1596 -> 5.4521667 | AH116: ='Resumen-DiarioHorario-Solar'!AC1651 -> 16.165167 | AI116: ='Resumen-DiarioHorario-Solar'!AC1706 -> 0 | AJ116: =SUM(E116:AI116) -> 268.41967
B120: * Centrales en Pruebas de Puesta en Servicio.
B123: Los datos son obtenidos desde SCADA por tanto pueden diferir de acuerdo a lo informado por el Coordinado

Sheet Resumen-DiarioHorario-Eólico
B2: CURTAILMENTS EÓLICAS POR CENTRALES EN FORMA DIARIA/HORARIA
B5: ='Resumen-Mensual'!$E$22 -> 44562
B7: Central/Hora | E7: 1 | F7: 2 | G7: 3 | H7: 4 | I7: 5 | J7: 6 | K7: 7 | L7: 8 | M7: 9 | N7: 10 | O7: 11 | P7: 12 | Q7: 13 | R7: 14 | S7: 15 | T7: 16 | U7: 17 | V7: 18 | W7: 19 | X7: 20 | Y7: 21 | Z7: 22 | AA7: 23 | AB7: 24 | AC7: Total
B8: PE-TCHAMMA | E8: 0 | F8: 0 | G8: 0 | H8: 0 | I8: 0 | J8: 0 | K8: 0 | L8: 0 | M8: 0 | N8: 0 | O8: 4.8538333 | P8: 11.198667 | Q8: 1.0118333 | R8: 0 | S8: 0.32183333 | T8: 0 | U8: 0 | V8: 0 | W8: 9.893 | X8: 12.7565 | Y8: 0 | Z8: 0 | AA8: 0 | AB8: 0 | AC8: =SUM(E8:AB8) -> 40.035667
B9: PE-SIERRAGORDA | E9: 0 | F9: 0 | G9: 0 | H9: 0 | I9: 0 | J9: 0 | K9: 0 | L9: 0 | M9: 0 | N9: 0 | O9: 0 | P9: 1.717 | Q9: 18.222833 | R9: 31.246167 | S9: 44.260833 | T9: 58.359333 | U9: 68.076 | V9: 65.919667 | W9: 67.0925 | X9: 21.053667 | Y9: 0 | Z9: 0 | AA9: 0 | AB9: 0 | AC9: =SUM(E9:AB9) -> 375.948
B10: PE-VALLEDELOSVIENTOS | E10: 0 | F10: 0 | G10: 0 | H10: 0 | I10: 0 | J10: 0 | K10: 0 | L10: 0 | M10: 0 | N10: 0 | O10: 0 | P10: 1.1998333 | Q10: 13.1035 | R10: 20.3525 | S10: 7.8423333 | T10: 0 | U10: 28.6775 | V10: 11.487167 | W10: 27.0945 | X10: 22.052667 | Y10: 0 | Z10: 0 | AA10: 0 | AB10: 0 | AC10: =SUM(E10:AB10) -> 131.81
B11: PE-CERROTIGRE * | E11: 0 | F11: 0 | G11: 0 | H11: 0 | I11: 0 | J11: 0 | K11: 0 | L11: 0 | M11: 0 | N11: 0 | O11: 0 | P11: 0 | Q11: 0 | R11: 0 | S11: 0 | T11: 0 | U11: 0 | V11: 0 | W11: 0 | X11: 0 | Y11: 0 | Z11: 0 | AA11: 0 | AB11: 0 | AC11: =SUM(E11:AB11) -> 0
B12: PE-CALAMA | E12: 0 | F12: 0 | G12: 0 | H12: 0 | I12: 0 | J12: 0 | K12: 0 | L12: 0 | M12: 6.409 | N12: 3.5953333 | O12: 0.15533333 | P12: 11.230833 | Q12: 5.446 | R12: 31.667167 | S12: 0 | T12: 0.0016666667 | U12: 0 | V12: 0.17433333 | W12: 0.0023333333 | X12: 11.9675 | Y12: 0 | Z12: 0 | AA12: 0 | AB12: 0 | AC12: =SUM(E12:AB12) -> 70.6495
B13: PE-TALTAL | E13: 0 | F13: 0 | G13: 0 | H13: 0 | I13: 0 | J13: 0 | K13: 0 | L13: 0 | M13: 0 | N13: 0 | O13: 0 | P13: 0 | Q13: 0 | R13: 0 | S13: 0 | T13: 0 | U13: 0 | V13: 0 | W13: 0 | X13: 0 | Y13: 0 | Z13: 0 | AA13: 0 | AB13: 0 | AC13: =SUM(E13:AB13) -> 0
B14: PE-SARCO | E14: 0 | F14: 0 | G14: 0 | H14: 0 | I14: 0 | J14: 0 | K14: 0 | L14: 0 | M14: 1.4563333 | N14: 2.6985 | O14: 5.0588333 | P14: 10.983167 | Q14: 16.426333 | R14: 25.166333 | S14: 37.801667 | T14: 63.856 | U14: 94.180333 | V14: 99.478667 | W14: 103.8345 | X14: 35.603833 | Y14: 0 | Z14: 0 | AA14: 0 | AB14: 0 | AC14: =SUM(E14:AB14) -> 496.5445
B15: PE-CABOLEONES-1 | E15: 0 | F15: 0 | G15: 0 | H15: 0 | I15: 0 | J15: 0 | K15: 0 | L15: 0 | M15: 0.33983333 | N15: 1.786 | O15: 5.5665 | P15: 11.641833 | Q15: 19.9815 | R15: 17.277333 | S15: 18.46 | T15: 39.502 | U15: 58.686667 | V15: 63.329167 | W15: 50.479333 | X15: 3.2676667 | Y15: 0 | Z15: 0 | AA15: 0 | AB15: 0 | AC15: =SUM(E15:AB15) -> 290.31783
B16: PE-CABOLEONES-2 | E16: 0 | F16: 0 | G16: 0 | H16: 0 | I16: 0 | J16: 0 | K16: 0 | L16: 0 | M16: 1.3101667 | N16: 2.82 | O16: 3.52 | P16: 6.7595 | Q16: 14.734167 | R16: 29.065833 | S16: 49.842333 | T16: 70.680833 | U16: 88.881667 | V16: 86.727 | W16: 83.968833 | X16: 22.430833 | Y16: 0 | Z16: 0 | AA16: 0 | AB16: 0 | AC16: =SUM(E16:AB16) -> 460.74117
B17: PE-CABOLEONES-3 | E17: 0 | F17: 0 | G17: 0 | H17: 0 | I17: 0 | J17: 0 | K17: 0 | L17: 0 | M17: 4.0558333 | N17: 6.0173333 | O17: 10.1455 | P17: 22.4085 | Q17: 43.294833 | R17: 65.253167 | S17: 92.7055 | T17: 116.67617 | U17: 130.97733 | V17: 114.1235 | W17: 98.133 | X17: 25.737667 | Y17: 0 | Z17: 0 | AA17: 0 | AB17: 0 | AC17: =SUM(E17:AB17) -> 729.52833
B18: PE-SANJUAN | E18: 0 | F18: 0 | G18: 0 | H18: 0 | I18: 0 | J18: 0 | K18: 0 | L18: 0 | M18: 3.6725 | N18: 3.3281667 | O18: 8.9013333 | P18: 15.738667 | Q18: 31.228667 | R18: 52.9015 | S18: 75.967667 | T18: 102.2995 | U18: 131.336 | V18: 115.20417 | W18: 120.21883 | X18: 31.1555 | Y18: 0 | Z18: 0 | AA18: 0 | AB18: 0 | AC18: =SUM(E18:AB18) -> 691.9525
B19: PE-PUNTACOLORADA | E19: 0 | F19: 0 | G19: 0 | H19: 0 | I19: 0 | J19: 0 | K19: 0 | L19: 0 | M19: 0.0175 | N19: 0.13 | O19: 0.43 | P19: 1.83 | Q19: 4.13 | R19: 5.63 | S19: 6.03 | T19: 5.7361667 | U19: 5.54 | V19: 4.84 | W19: 5.14 | X19: 2.7585 | Y19: 0 | Z19: 0 | AA19: 0 | AB19: 0 | AC19: =SUM(E19:AB19) -> 42.212167
... B44: PE-ALENA | E44: 0 | F44: 0 | G44: 0 | H44: 0 | I44: 0 | J44: 0 | K44: 0 | L44: 0 | M44: 0 | N44: 0 | O44: 1.8273333 | P44: 9.8256667 | Q44: 20.122833 | R44: 24.946167 | S44: 31.460833 | T44: 38.859333 | U44: 42.976 | V44: 32.319667 | W44: 25.7925 | X44: 3.6936667 | Y44: 0 | Z44: 0 | AA44: 0 | AB44: 0 | AC44: =SUM(E44:AB44) -> 231.824
B45: Total | E45: =SUM(E8:E44) -> 0 | F45: =SUM(F8:F44) -> 0 | G45: =SUM(G8:G44) -> 0 | H45: =SUM(H8:H44) -> 0 | I45: =SUM(I8:I44) -> 0 | J45: =SUM(J8:J44) -> 0 | K45: =SUM(K8:K44) -> 0 | L45: =SUM(L8:L44) -> 0 | ... AB45: =SUM(AB8:AB44) -> 0 | AC45: =SUM(AC8:AE44) -> 5534.6365
B48: ='Resumen-Mensual'!$F$22 -> 44563
B50: Central/Hora | E50: 1 | F50: 2 | G50: 3 | H50: 4 | I50: 5 | J50: 6 | K50: 7 | L50: 8 | M50: 9 | N50: 10 | O50: 11 | P50: 12 | Q50: 13 | R50: 14 | S50: 15 | T50: 16 | U50: 17 | V50: 18 | W50: 19 | X50: 20 | Y50: 21 | Z50: 22 | AA50: 23 | AB50: 24 | AC50: Total
B51: PE-TCHAMMA | E51: 0 | F51: 0 | G51: 0 | H51: 0 | I51: 0 | J51: 0 | K51: 0 | L51: 0 | M51: 11.8015 | N51: 23.830167 | O51: 7.9038333 | P51: 5.1316667 | Q51: 3.8305 | R51: 0.90133333 | S51: 3.049 | T51: 11.57 | U51: 49.819333 | V51: 75.9625 | W51: 45.172 | X51: 0 | Y51: 0 | Z51: 0 | AA51: 0 | AB51: 0 | AC51: =SUM(E51:AB51) -> 238.97183
B52: PE-SIERRAGORDA | E52: 0 | F52: 0 | G52: 0 | H52: 0 | I52: 0 | J52: 0 | K52: 0 | L52: 0 | M52: 0 | N52: 0 | O52: 0 | P52: 0.133 | Q52: 3.686 | R52: 16.127667 | S52: 28.795 | T52: 34.1195 | U52: 43.150333 | V52: 57.223 | W52: 54.395 | X52: 6.3076667 | Y52: 0 | Z52: 0 | AA52: 0 | AB52: 0 | AC52: =SUM(E52:AB52) -> 243.93717
B53: PE-VALLEDELOSVIENTOS | E53: 0 | F53: 0 | G53: 0 | H53: 0 | I53: 0 | J53: 0 | K53: 0 | L53: 0 | M53: 0 | N53: 0 | O53: 0 | P53: 0.19366667 | Q53: 1.2981667 | R53: 0 | S53: 0 | T53: 0 | U53: 21.3015 | V53: 14.494833 | W53: 40.707167 | X53: 9.0298333 | Y53: 0 | Z53: 0 | AA53: 0 | AB53: 0 | AC53: =SUM(E53:AB53) -> 87.025167
B54: PE-CERROTIGRE * | E54: 0 | F54: 0 | G54: 0 | H54: 0 | I54: 0 | J54: 0 | K54: 0 | L54: 0 | M54: 0 | N54: 0 | O54: 0 | P54: 0 | Q54: 0 | R54: 0 | S54: 0 | T54: 0 | U54: 0 | V54: 0 | W54: 0 | X54: 0 | Y54: 0 | Z54: 0 | AA54: 0 | AB54: 0 | AC54: =SUM(E54:AB54) -> 0
B55: PE-CALAMA | E55: 0 | F55: 0 | G55: 0 | H55: 0 | I55: 0 | J55: 0 | K55: 0 | L55: 0 | M55: 0 | N55: 0.25133333 | O55: 0.027166667 | P55: 0 | Q55: 0.037333333 | R55: 2.0765 | S55: 0 | T55: 0 | U55: 0.038333333 | V55: 0 | W55: 0 | X55: 18.387167 | Y55: 0 | Z55: 0 | AA55: 0 | AB55: 0 | AC55: =SUM(E55:AB55) -> 20.817833
B56: PE-TALTAL | E56: 0 | F56: 0 | G56: 0 | H56: 0 | I56: 0 | J56: 0 | K56: 0 | L56: 0 | M56: 0 | N56: 0 | O56: 0 | P56: 0 | Q56: 0 | R56: 2.5506667 | S56: 0 | T56: 5.1705 | U56: 20.904167 | V56: 14.298667 | W56: 0.27116667 | X56: 0 | Y56: 0 | Z56: 0 | AA56: 0 | AB56: 0 | AC56: =SUM(E56:AB56) -> 43.195167
B57: PE-SARCO | E57: 0 | F57: 0 | G57: 0 | H57: 0 | I57: 0 | J57: 0 | K57: 0 | L57: 0 | M57: 0.75933333 | N57: 3.4988333 | O57: 3.8236667 | P57: 11.694 | Q57: 18.480833 | R57: 32.083167 | S57: 42.340667 | T57: 56.983667 | U57: 65.957333 | V57: 60.216667 | W57: 66.141833 | X57: 11.936333 | Y57: 0 | Z57: 0 | AA57: 0 | AB57: 0 | AC57: =SUM(E57:AB57) -> 373.91633
B58: PE-CABOLEONES-1 | E58: 0 | F58: 0 | G58: 0 | H58: 0 | I58: 0 | J58: 0 | K58: 0 | L58: 0 | M58: 0.56533333 | N58: 2.5993333 | O58: 6.4873333 | P58: 13.672 | Q58: 21.916167 | R58: 30.316 | S58: 29.410333 | T58: 45.646333 | U58: 68.156167 | V58: 88.424333 | W58: 88.445167 | X58: 13.2665 | Y58: 0 | Z58: 0 | AA58: 0 | AB58: 0 | AC58: =SUM(E58:AB58) -> 408.905
B59: PE-CABOLEONES-2 | E59: 0 | F59: 0 | G59: 0 | H59: 0 | I59: 0 | J59: 0 | K59: 0 | L59: 0 | M59: 1.0553333 | N59: 2.2503333 | O59: 2.0471667 | P59: 9.967 | Q59: 19.651833 | R59: 34.010833 | S59: 40.5515 | T59: 60.9755 | U59: 84.972333 | V59: 116.62167 | W59: 134.38817 | X59: 22.098667 | Y59: 0 | Z59: 0 | AA59: 0 | AB59: 0 | AC59: =SUM(E59:AB59) -> 528.59033
B60: PE-CABOLEONES-3 | E60: 0 | F60: 0 | G60: 0 | H60: 0 | I60: 0 | J60: 0 | K60: 0 | L60: 0 | M60: 2.7596667 | N60: 5.4588333 | O60: 10.629167 | P60: 19.226333 | Q60: 30.753 | R60: 44.076167 | S60: 52.131333 | T60: 76.986333 | U60: 102.09667 | V60: 121.61817 | W60: 134.433 | X60: 21.4585 | Y60: 0 | Z60: 0 | AA60: 0 | AB60: 0 | AC60: =SUM(E60:AB60) -> 621.62717
B61: PE-SANJUAN | E61: 0 | F61: 0 | G61: 0 | H61: 0 | I61: 0 | J61: 0 | K61: 0 | L61: 0 | M61: 4.5431667 | N61: 11.225833 | O61: 15.702833 | P61: 21.312833 | Q61: 30.213167 | R61: 44.074667 | S61: 49.459 | T61: 56.565 | U61: 79.769667 | V61: 67.876 | W61: 82.125667 | X61: 11.643167 | Y61: 0 | Z61: 0 | AA61: 0 | AB61: 0 | AC61: =SUM(E61:AB61) -> 474.511
B62: PE-PUNTACOLORADA | E62: 0 | F62: 0 | G62: 0 | H62: 0 | I62: 0 | J62: 0 | K62: 0 | L62: 0 | M62: 0.052 | N62: 0.13 | O62: 0.53 | P62: 2.13 | Q62: 4.03 | R62: 5.63 | S62: 6.0435 | T62: 5.7578333 | U62: 5.4741667 | V62: 4.8888333 | W62: 5.1953333 | X62: 0.7935 | Y62: 0 | Z62: 0 | AA62: 0 | AB62: 0 | AC62: =SUM(E62:AB62) -> 40.655167
... B87: PE-ALENA | E87: 0 | F87: 0 | G87: 0 | H87: 0 | I87: 0 | J87: 0 | K87: 0 | L87: 0 | M87: 15.315667 | N87: 43.402667 | O87: 44.7415 | P87: 42.573167 | Q87: 33.031167 | R87: 24.527667 | S87: 14.295 | T87: 10.8195 | U87: 10.550333 | V87: 11.623 | W87: 9.795 | X87: 0.98266667 | Y87: 0 | Z87: 0 | AA87: 0 | AB87: 0 | AC87: =SUM(E87:AB87) -> 261.65733
B88: Total | E88: =SUM(E51:E87) -> 0 | F88: =SUM(F51:F87) -> 0 | G88: =SUM(G51:G87) -> 0 | H88: =SUM(H51:H87) -> 0 | I88: =SUM(I51:I87) -> 0 | J88: =SUM(J51:J87) -> 0 | K88: =SUM(K51:K87) -> 0 | L88: =SUM(L51:L87) -> 0 | ... AB88: =SUM(AB51:AB87) -> 0 | AC88: =SUM(AC51:AE87) -> 5449.3832
B91: ='Resumen-Mensual'!$G$22 -> 44564
B93: Central/Hora | E93: 1 | F93: 2 | G93: 3 | H93: 4 | I93: 5 | J93: 6 | K93: 7 | L93: 8 | M93: 9 | N93: 10 | O93: 11 | P93: 12 | Q93: 13 | R93: 14 | S93: 15 | T93: 16 | U93: 17 | V93: 18 | W93: 19 | X93: 20 | Y93: 21 | Z93: 22 | AA93: 23 | AB93: 24 | AC93: Total
B94: PE-TCHAMMA | E94: 0 | F94: 0 | G94: 0 | H94: 0 | I94: 0 | J94: 0 | K94: 0 | L94: 0 | M94: 0 | N94: 0 | O94: 0 | P94: 0 | Q94: 0 | R94: 0 | S94: 0 | T94: 0 | U94: 0.40283333 | V94: 31.593833 | W94: 12.082833 | X94: 0 | Y94: 0 | Z94: 0 | AA94: 0 | AB94: 0 | AC94: =SUM(E94:AB94) -> 44.0795
B95: PE-SIERRAGORDA | E95: 0 | F95: 0 | G95: 0 | H95: 0 | I95: 0 | J95: 0 | K95: 0 | L95: 0 | M95: 0 | N95: 0 | O95: 0 | P95: 0 | Q95: 0 | R95: 0 | S95: 0 | T95: 0 | U95: 9.5136667 | V95: 58.414167 | W95: 22.797333 | X95: 0 | Y95: 0 | Z95: 0 | AA95: 0 | AB95: 0 | AC95: =SUM(E95:AB95) -> 90.725167
B96: PE-VALLEDELOSVIENTOS | E96: 0 | F96: 0 | G96: 0 | H96: 0 | I96: 0 | J96: 0 | K96: 0 | L96: 0 | M96: 0 | N96: 0 | O96: 0 | P96: 0 | Q96: 0 | R96: 0 | S96: 0 | T96: 14.290167 | U96: 13.880833 | V96: 14.870333 | W96: 31.679333 | X96: 7.668 | Y96: 0 | Z96: 0 | AA96: 0 | AB96: 0 | AC96: =SUM(E96:AB96) -> 82.388667
B97: PE-CERROTIGRE * | E97: 0 | F97: 0 | G97: 0 | H97: 0 | I97: 0 | J97: 0 | K97: 0 | L97: 0 | M97: 0 | N97: 0 | O97: 0 | P97: 0 | Q97: 0 | R97: 0 | S97: 0 | T97: 0 | U97: 0 | V97: 0 | W97: 0 | X97: 0 | Y97: 0 | Z97: 0 | AA97: 0 | AB97: 0 | AC97: =SUM(E97:AB97) -> 0
B98: PE-CALAMA | E98: 0 | F98: 0 | G98: 0 | H98: 0 | I98: 0 | J98: 0 | K98: 0 | L98: 0 | M98: 0 | N98: 0 | O98: 0 | P98: 0 | Q98: 0 | R98: 11.273333 | S98: 0 | T98: 0.023833333 | U98: 0 | V98: 0.089166667 | W98: 0 | X98: 4.5766667 | Y98: 0 | Z98: 0 | AA98: 0 | AB98: 0 | AC98: =SUM(E98:AB98) -> 15.963
B99: PE-TALTAL | E99: 0 | F99: 0 | G99: 0 | H99: 0 | I99: 0 | J99: 0 | K99: 0 | L99: 0 | M99: 0 | N99: 0 | O99: 0 | P99: 0 | Q99: 0 | R99: 0 | S99: 3.1853333 | T99: 19.523167 | U99: 21.553667 | V99: 16.254667 | W99: 6.1636667 | X99: 0 | Y99: 0 | Z99: 0 | AA99: 0 | AB99: 0 | AC99: =SUM(E99:AB99) -> 66.6805
B100: PE-SARCO | E100: 0 | F100: 0 | G100: 0 | H100: 0 | I100: 0 | J100: 0 | K100: 0 | L100: 0 | M100: 0 | N100: 0 | O100: 0 | P100: 0 | Q100: 0 | R100: 0 | S100: 0 | T100: 0 | U100: 0 | V100: 0 | W100: 5.3935 | X100: 0 | Y100: 0 | Z100: 0 | AA100: 0 | AB100: 0 | AC100: =SUM(E100:AB100) -> 5.3935
B101: PE-CABOLEONES-1 | E101: 0 | F101: 0 | G101: 0 | H101: 0 | I101: 0 | J101: 0 | K101: 0 | L101: 0 | M101: 0 | N101: 0 | O101: 0 | P101: 0 | Q101: 0 | R101: 0 | S101: 0 | T101: 0 | U101: 0 | V101: 1.6725 | W101: 0.917 | X101: 0 | Y101: 0 | Z101: 0 | AA101: 0 | AB101: 0 | AC101: =SUM(E101:AB101) -> 2.5895
B102: PE-CABOLEONES-2 | E102: 0 | F102: 0 | G102: 0 | H102: 0 | I102: 0 | J102: 0 | K102: 0 | L102: 0 | M102: 0 | N102: 0 | O102: 0 | P102: 0 | Q102: 0 | R102: 0 | S102: 0 | T102: 0 | U102: 0 | V102: 42.641667 | W102: 29.351 | X102: 0 | Y102: 0 | Z102: 0 | AA102: 0 | AB102: 0 | AC102: =SUM(E102:AB102) -> 71.992667
B103: PE-CABOLEONES-3 | E103: 0 | F103: 0 | G103: 0 | H103: 0 | I103: 0 | J103: 0 | K103: 0 | L103: 0 | M103: 0 | N103: 0 | O103: 0 | P103: 0 | Q103: 0 | R103: 0 | S103: 0 | T103: 0 | U103: 1.6996667 | V103: 55.9795 | W103: 29.881167 | X103: 0 | Y103: 0 | Z103: 0 | AA103: 0 | AB103: 0 | AC103: =SUM(E103:AB103) -> 87.560333
B104: PE-SANJUAN | E104: 0 | F104: 0 | G104: 0 | H104: 0 | I104: 0 | J104: 0 | K104: 0 | L104: 0 | M104: 0 | N104: 0 | O104: 0 | P104: 0 | Q104: 0 | R104: 0 | S104: 0 | T104: 0 | U104: 0 | V104: 0 | W104: 1.012 | X104: 0 | Y104: 0 | Z104: 0 | AA104: 0 | AB104: 0 | AC104: =SUM(E104:AB104) -> 1.012
B105: PE-PUNTACOLORADA | E105: 0 | F105: 0 | G105: 0 | H105: 0 | I105: 0 | J105: 0 | K105: 0 | L105: 0 | M105: 0 | N105: 0 | O105: 0 | P105: 0 | Q105: 0 | R105: 0 | S105: 0 | T105: 0 | U105: 0 | V105: 0 | W105: 0 | X105: 0 | Y105: 0 | Z105: 0 | AA105: 0 | AB105: 0 | AC105: =SUM(E105:AB105) -> 0
... B130: PE-ALENA | E130: 0 | F130: 0 | G130: 0 | H130: 0 | I130: 0 | J130: 0 | K130: 0 | L130: 0 | M130: 0 | N130: 0 | O130: 0 | P130: 0 | Q130: 0 | R130: 0 | S130: 0 | T130: 0 | U130: 0 | V130: 0 | W130: 0 | X130: 0 | Y130: 0 | Z130: 0 | AA130: 0 | AB130: 0 | AC130: =SUM(E130:AB130) -> 0
B131: Total | E131: =SUM(E94:E130) -> 0 | F131: =SUM(F94:F130) -> 0 | G131: =SUM(G94:G130) -> 0 | H131: =SUM(H94:H130) -> 0 | I131: =SUM(I94:I130) -> 0 | J131: =SUM(J94:J130) -> 0 | K131: =SUM(K94:K130) -> 0 | L131: =SUM(L94:L130) -> 0 | ... AB131: =SUM(AB94:AB130) -> 0 | AC131: =SUM(AC94:AE130) -> 582.06317
B134: ='Resumen-Mensual'!$H$22 -> 44565
B136: Central/Hora | E136: 1 | F136: 2 | G136: 3 | H136: 4 | I136: 5 | J136: 6 | K136: 7 | L136: 8 | M136: 9 | N136: 10 | O136: 11 | P136: 12 | Q136: 13 | R136: 14 | S136: 15 | T136: 16 | U136: 17 | V136: 18 | W136: 19 | X136: 20 | Y136: 21 | Z136: 22 | AA136: 23 | AB136: 24 | AC136: Total
B137: PE-TCHAMMA | E137: 0 | F137: 0 | G137: 0 | H137: 0 | I137: 0 | J137: 0 | K137: 0 | L137: 0 | M137: 0 | N137: 0 | O137: 0 | P137: 0 | Q137: 0 | R137: 7.6555 | S137: 11.212833 | T137: 0 | U137: 0 | V137: 0 | W137: 0 | X137: 0 | Y137: 0 | Z137: 0 | AA137: 0 | AB137: 0 | AC137: =SUM(E137:AB137) -> 18.868333
B138: PE-SIERRAGORDA | E138: 0 | F138: 0 | G138: 0 | H138: 0 | I138: 0 | J138: 0 | K138: 0 | L138: 0 | M138: 0 | N138: 0 | O138: 0 | P138: 0 | Q138: 0 | R138: 36.681167 | S138: 53.340833 | T138: 51.796667 | U138: 64.994 | V138: 75.331167 | W138: 57.170833 | X138: 0.783 | Y138: 0 | Z138: 0 | AA138: 0 | AB138: 0 | AC138: =SUM(E138:AB138) -> 340.09767
B139: PE-VALLEDELOSVIENTOS | E139: 0 | F139: 0 | G139: 0 | H139: 0 | I139: 0 | J139: 0 | K139: 0 | L139: 0 | M139: 0 | N139: 0 | O139: 0 | P139: 0 | Q139: 0 | R139: 0 | S139: 0 | T139: 0 | U139: 22.407833 | V139: 0 | W139: 10.731833 | X139: 1.9778333 | Y139: 0 | Z139: 0 | AA139: 0 | AB139: 0 | AC139: =SUM(E139:AB139) -> 35.1175
B140: PE-CERROTIGRE * | E140: 0 | F140: 0 | G140: 0 | H140: 0 | I140: 0 | J140: 0 | K140: 0 | L140: 0 | M140: 0 | N140: 0 | O140: 0 | P140: 0 | Q140: 0 | R140: 0 | S140: 0 | T140: 0 | U140: 0 | V140: 0 | W140: 0 | X140: 0 | Y140: 0 | Z140: 0 | AA140: 0 | AB140: 0 | AC140: =SUM(E140:AB140) -> 0
B141: PE-CALAMA | E141: 0 | F141: 0 | G141: 0 | H141: 0 | I141: 0 | J141: 0 | K141: 0 | L141: 0 | M141: 0 | N141: 0 | O141: 0 | P141: 0 | Q141: 1.87 | R141: 0 | S141: 0 | T141: 0.15016667 | U141: 0 | V141: 0 | W141: 0 | X141: 0 | Y141: 0 | Z141: 0 | AA141: 0 | AB141: 0 | AC141: =SUM(E141:AB141) -> 2.0201667
B142: PE-TALTAL | E142: 0 | F142: 0 | G142: 0 | H142: 0 | I142: 0 | J142: 0 | K142: 0 | L142: 0 | M142: 0 | N142: 0 | O142: 0 | P142: 0 | Q142: 0 | R142: 12.528 | S142: 30.404833 | T142: 19.377667 | U142: 19.7025 | V142: 16.2625 | W142: 25.228333 | X142: 0.2475 | Y142: 0 | Z142: 0 | AA142: 0 | AB142: 0 | AC142: =SUM(E142:AB142) -> 123.75133
B143: PE-SARCO | E143: 0 | F143: 0 | G143: 0 | H143: 0 | I143: 0 | J143: 0 | K143: 0 | L143: 0 | M143: 0 | N143: 0 | O143: 0 | P143: 0 | Q143: 0 | R143: 0 | S143: 13.399667 | T143: 0 | U143: 2.966 | V143: 31.508833 | W143: 0 | X143: 0.012833333 | Y143: 0 | Z143: 0 | AA143: 0 | AB143: 0 | AC143: =SUM(E143:AB143) -> 47.887333
B144: PE-CABOLEONES-1 | E144: 0 | F144: 0 | G144: 0 | H144: 0 | I144: 0 | J144: 0 | K144: 0 | L144: 0 | M144: 0 | N144: 0 | O144: 0 | P144: 0 | Q144: 0 | R144: 9.9378333 | S144: 27.324 | T144: 31.6585 | U144: 51.276333 | V144: 75.370167 | W144: 6.802 | X144: 0 | Y144: 0 | Z144: 0 | AA144: 0 | AB144: 0 | AC144: =SUM(E144:AB144) -> 202.36883
B145: PE-CABOLEONES-2 | E145: 0 | F145: 0 | G145: 0 | H145: 0 | I145: 0 | J145: 0 | K145: 0 | L145: 0 | M145: 0 | N145: 0 | O145: 0 | P145: 0 | Q145: 0 | R145: 10.331667 | S145: 21.712167 | T145: 30.2505 | U145: 61.347333 | V145: 103.2925 | W145: 28.144833 | X145: 0 | Y145: 0 | Z145: 0 | AA145: 0 | AB145: 0 | AC145: =SUM(E145:AB145) -> 255.079
B146: PE-CABOLEONES-3 | E146: 0 | F146: 0 | G146: 0 | H146: 0 | I146: 0 | J146: 0 | K146: 0 | L146: 0 | M146: 0 | N146: 0 | O146: 0 | P146: 0 | Q146: 0 | R146: 20.118333 | S146: 53.967333 | T146: 73.482167 | U146: 89.506333 | V146: 109.27717 | W146: 39.438833 | X146: 0.1345 | Y146: 0 | Z146: 0 | AA146: 0 | AB146: 0 | AC146: =SUM(E146:AB146) -> 385.92467
B147: PE-SANJUAN | E147: 0 | F147: 0 | G147: 0 | H147: 0 | I147: 0 | J147: 0 | K147: 0 | L147: 0 | M147: 0 | N147: 0 | O147: 0 | P147: 0 | Q147: 0 | R147: 9.0733333 | S147: 26.6855 | T147: 0 | U147: 18.527 | V147: 39.2615 | W147: 0 | X147: 0 | Y147: 0 | Z147: 0 | AA147: 0 | AB147: 0 | AC147: =SUM(E147:AB147) -> 93.547333
B148: PE-PUNTACOLORADA | E148: 0 | F148: 0 | G148: 0 | H148: 0 | I148: 0 | J148: 0 | K148: 0 | L148: 0 | M148: 0 | N148: 0 | O148: 0 | P148: 0 | Q148: 0 | R148: 3.9283333 | S148: 5.8261667 | T148: 5.63 | U148: 5.33 | V148: 4.53 | W148: 4.83 | X148: 0.0855 | Y148: 0 | Z148: 0 | AA148: 0 | AB148: 0 | AC148: =SUM(E148:AB148) -> 30.16
... B173: PE-ALENA | E173: 0 | F173: 0 | G173: 0 | H173: 0 | I173: 0 | J173: 0 | K173: 0 | L173: 0 | M173: 0 | N173: 0 | O173: 0 | P173: 0 | Q173: 0 | R173: 0 | S173: 0 | T173: 0 | U173: 0 | V173: 0 | W173: 0 | X173: 0 | Y173: 0 | Z173: 0 | AA173: 0 | AB173: 0 | AC173: =SUM(E173:AB173) -> 0
B174: Total | E174: =SUM(E137:E173) -> 0 | F174: =SUM(F137:F173) -> 0 | G174: =SUM(G137:G173) -> 0 | H174: =SUM(H137:H173) -> 0 | I174: =SUM(I137:I173) -> 0 | J174: =SUM(J137:J173) -> 0 | K174: =SUM(K137:K173) -> 0 | L174: =SUM(L137:L173) -> 0 | ... AB174: =SUM(AB137:AB173) -> 10.5445 | AC174: =SUM(AC137:AE173) -> 2478.4272
B177: ='Resumen-Mensual'!$I$22 -> 44566
B179: Central/Hora | E179: 1 | F179: 2 | G179: 3 | H179: 4 | I179: 5 | J179: 6 | K179: 7 | L179: 8 | M179: 9 | N179: 10 | O179: 11 | P179: 12 | Q179: 13 | R179: 14 | S179: 15 | T179: 16 | U179: 17 | V179: 18 | W179: 19 | X179: 20 | Y179: 21 | Z179: 22 | AA179: 23 | AB179: 24 | AC179: Total
B180: PE-TCHAMMA | E180: 0 | F180: 0 | G180: 0 | H180: 0 | I180: 0 | J180: 0 | K180: 0 | L180: 0 | M180: 0 | N180: 0 | O180: 0 | P180: 0 | Q180: 0 | R180: 0 | S180: 4.7718333 | T180: 13.96 | U180: 11.289167 | V180: 0.12783333 | W180: 33.503167 | X180: 29.279333 | Y180: 0 | Z180: 0 | AA180: 0 | AB180: 0 | AC180: =SUM(E180:AB180) -> 92.931333
B181: PE-SIERRAGORDA | E181: 0 | F181: 0 | G181: 0 | H181: 0 | I181: 0 | J181: 0 | K181: 0 | L181: 0 | M181: 0 | N181: 0 | O181: 0 | P181: 0 | Q181: 0 | R181: 10.746667 | S181: 58.313 | T181: 72.582667 | U181: 78.213 | V181: 64.6165 | W181: 62.434833 | X181: 50.5115 | Y181: 0 | Z181: 0 | AA181: 0 | AB181: 0 | AC181: =SUM(E181:AB181) -> 397.41817
B182: PE-VALLEDELOSVIENTOS | E182: 0 | F182: 0 | G182: 0 | H182: 0 | I182: 0 | J182: 0 | K182: 0 | L182: 0 | M182: 0 | N182: 0 | O182: 0 | P182: 0 | Q182: 0 | R182: 0 | S182: 0 | T182: 5.8833333 | U182: 23.612167 | V182: 0 | W182: 10.475333 | X182: 11.414833 | Y182: 0 | Z182: 0 | AA182: 0 | AB182: 0 | AC182: =SUM(E182:AB182) -> 51.385667
B183: PE-CERROTIGRE * | E183: 0 | F183: 0 | G183: 0 | H183: 0 | I183: 0 | J183: 0 | K183: 0 | L183: 0 | M183: 0 | N183: 0 | O183: 0 | P183: 0 | Q183: 0 | R183: 0 | S183: 0 | T183: 0 | U183: 0 | V183: 0 | W183: 0 | X183: 0 | Y183: 0 | Z183: 0 | AA183: 0 | AB183: 0 | AC183: =SUM(E183:AB183) -> 0
B184: PE-CALAMA | E184: 0 | F184: 0 | G184: 0 | H184: 0 | I184: 0 | J184: 0 | K184: 0 | L184: 0 | M184: 0 | N184: 0 | O184: 0 | P184: 0 | Q184: 0 | R184: 17.574 | S184: 5.2753333 | T184: 0.0021666667 | U184: 0 | V184: 0 | W184: 0 | X184: 0.0355 | Y184: 0 | Z184: 0 | AA184: 0 | AB184: 0 | AC184: =SUM(E184:AB184) -> 22.887
B185: PE-TALTAL | E185: 0 | F185: 0 | G185: 0 | H185: 0 | I185: 0 | J185: 0 | K185: 0 | L185: 0 | M185: 0 | N185: 0 | O185: 0 | P185: 0 | Q185: 0 | R185: 3.5676667 | S185: 31.409167 | T185: 37.795167 | U185: 41.5525 | V185: 30.6975 | W185: 22.081833 | X185: 13.9645 | Y185: 0 | Z185: 0 | AA185: 0 | AB185: 0 | AC185: =SUM(E185:AB185) -> 181.06833
B186: PE-SARCO | E186: 0 | F186: 0 | G186: 0 | H186: 0 | I186: 0 | J186: 0 | K186: 0 | L186: 0 | M186: 0 | N186: 0 | O186: 0 | P186: 0 | Q186: 0 | R186: 1.3435 | S186: 27.119667 | T186: 60.456333 | U186: 84.6325 | V186: 44.445667 | W186: 0 | X186: 0 | Y186: 0 | Z186: 0 | AA186: 0 | AB186: 0 | AC186: =SUM(E186:AB186) -> 217.99767
B187: PE-CABOLEONES-1 | E187: 0 | F187: 0 | G187: 0 | H187: 0 | I187: 0 | J187: 0 | K187: 0 | L187: 0 | M187: 0 | N187: 0 | O187: 0 | P187: 0 | Q187: 0 | R187: 3.125 | S187: 35.2815 | T187: 59.309167 | U187: 84.1605 | V187: 33.395333 | W187: 0 | X187: 0 | Y187: 0 | Z187: 0 | AA187: 0 | AB187: 0 | AC187: =SUM(E187:AB187) -> 215.2715
B188: PE-CABOLEONES-2 | E188: 0 | F188: 0 | G188: 0 | H188: 0 | I188: 0 | J188: 0 | K188: 0 | L188: 0 | M188: 0 | N188: 0 | O188: 0 | P188: 0 | Q188: 0 | R188: 1.8025 | S188: 27.027833 | T188: 52.329 | U188: 83.223167 | V188: 41.16 | W188: 0.049166667 | X188: 0 | Y188: 0 | Z188: 0 | AA188: 0 | AB188: 0 | AC188: =SUM(E188:AB188) -> 205.59167
B189: PE-CABOLEONES-3 | E189: 0 | F189: 0 | G189: 0 | H189: 0 | I189: 0 | J189: 0 | K189: 0 | L189: 0 | M189: 0 | N189: 0 | O189: 0 | P189: 0 | Q189: 0 | R189: 6.15 | S189: 56.735833 | T189: 92.172 | U189: 119.58783 | V189: 56.0965 | W189: 0 | X189: 0.07 | Y189: 0 | Z189: 0 | AA189: 0 | AB189: 0 | AC189: =SUM(E189:AB189) -> 330.81217
B190: PE-SANJUAN | E190: 0 | F190: 0 | G190: 0 | H190: 0 | I190: 0 | J190: 0 | K190: 0 | L190: 0 | M190: 0 | N190: 0 | O190: 0 | P190: 0 | Q190: 0 | R190: 0 | S190: 3.5146667 | T190: 31.593667 | U190: 38.466333 | V190: 14.247167 | W190: 0 | X190: 0 | Y190: 0 | Z190: 0 | AA190: 0 | AB190: 0 | AC190: =SUM(E190:AB190) -> 87.821833
B191: PE-PUNTACOLORADA | E191: 0 | F191: 0 | G191: 0 | H191: 0 | I191: 0 | J191: 0 | K191: 0 | L191: 0 | M191: 0 | N191: 0 | O191: 0 | P191: 0 | Q191: 0 | R191: 1.3575 | S191: 5.8383333 | T191: 5.6536667 | U191: 5.6665 | V191: 4.882 | W191: 5.0955 | X191: 3.9986667 | Y191: 0 | Z191: 0 | AA191: 0 | AB191: 0 | AC191: =SUM(E191:AB191) -> 32.492167
... B216: PE-ALENA | E216: 0 | F216: 0 | G216: 0 | H216: 0 | I216: 0 | J216: 0 | K216: 0 | L216: 0 | M216: 0 | N216: 0 | O216: 0 | P216: 0 | Q216: 0 | R216: 0 | S216: 0 | T216: 0 | U216: 0 | V216: 0 | W216: 0 | X216: 0 | Y216: 0 | Z216: 0 | AA216: 0 | AB216: 0 | AC216: =SUM(E216:AB216) -> 0
B217: Total | E217: =SUM(E180:E216) -> 0 | F217: =SUM(F180:F216) -> 0 | G217: =SUM(G180:G216) -> 0 | H217: =SUM(H180:H216) -> 0 | I217: =SUM(I180:I216) -> 0 | J217: =SUM(J180:J216) -> 0 | K217: =SUM(K180:K216) -> 0 | L217: =SUM(L180:L216) -> 0 | ... AB217: =SUM(AB180:AB216) -> 0 | AC217: =SUM(AC180:AE216) -> 2233.1848
B220: ='Resumen-Mensual'!$J$22 -> 44567
B222: Central/Hora | E222: 1 | F222: 2 | G222: 3 | H222: 4 | I222: 5 | J222: 6 | K222: 7 | L222: 8 | M222: 9 | N222: 10 | O222: 11 | P222: 12 | Q222: 13 | R222: 14 | S222: 15 | T222: 16 | U222: 17 | V222: 18 | W222: 19 | X222: 20 | Y222: 21 | Z222: 22 | AA222: 23 | AB222: 24 | AC222: Total
B223: PE-TCHAMMA | E223: 0 | F223: 0 | G223: 0 | H223: 0 | I223: 0 | J223: 0 | K223: 0 | L223: 0 | M223: 0 | N223: 0 | O223: 0 | P223: 0 | Q223: 3.8918333 | R223: 5.2366667 | S223: 11.480333 | T223: 4.7796667 | U223: 2.3133333 | V223: 0.0031666667 | W223: 28.586833 | X223: 0 | Y223: 0 | Z223: 0 | AA223: 0 | AB223: 0 | AC223: =SUM(E223:AB223) -> 56.291833
B224: PE-SIERRAGORDA | E224: 0 | F224: 0 | G224: 0 | H224: 0 | I224: 0 | J224: 0 | K224: 0 | L224: 0 | M224: 0 | N224: 0 | O224: 0 | P224: 0 | Q224: 13.0265 | R224: 31.3105 | S224: 47.610333 | T224: 52.815833 | U224: 61.927833 | V224: 74.209333 | W224: 76.266333 | X224: 9.8446667 | Y224: 0 | Z224: 0 | AA224: 0 | AB224: 0 | AC224: =SUM(E224:AB224) -> 367.01133
B225: PE-VALLEDELOSVIENTOS | E225: 0 | F225: 0 | G225: 0 | H225: 0 | I225: 0 | J225: 0 | K225: 0 | L225: 0 | M225: 0 | N225: 0 | O225: 0 | P225: 0 | Q225: 2.7761667 | R225: 8.19 | S225: 4.3365 | T225: 7.0066667 | U225: 0 | V225: 0 | W225: 13.9465 | X225: 4.2096667 | Y225: 0 | Z225: 0 | AA225: 0 | AB225: 0 | AC225: =SUM(E225:AB225) -> 40.4655
B226: PE-CERROTIGRE * | E226: 0 | F226: 0 | G226: 0 | H226: 0 | I226: 0 | J226: 0 | K226: 0 | L226: 0 | M226: 0 | N226: 0 | O226: 0 | P226: 0 | Q226: 0 | R226: 0 | S226: 0 | T226: 0 | U226: 0 | V226: 0 | W226: 0 | X226: 0 | Y226: 0 | Z226: 0 | AA226: 0 | AB226: 0 | AC226: =SUM(E226:AB226) -> 0
B227: PE-CALAMA | E227: 0 | F227: 0 | G227: 0 | H227: 0 | I227: 0 | J227: 0 | K227: 0 | L227: 0 | M227: 0 | N227: 0 | O227: 0 | P227: 0 | Q227: 6.6738333 | R227: 9.1661667 | S227: 14.735333 | T227: 0 | U227: 0 | V227: 0.83316667 | W227: 0.88 | X227: 12.754833 | Y227: 0 | Z227: 0 | AA227: 0 | AB227: 0 | AC227: =SUM(E227:AB227) -> 45.043333
B228: PE-TALTAL | E228: 0 | F228: 0 | G228: 0 | H228: 0 | I228: 0 | J228: 0 | K228: 0 | L228: 0 | M228: 0 | N228: 0 | O228: 0 | P228: 0 | Q228: 1.2115 | R228: 10.3655 | S228: 27.066 | T228: 19.377667 | U228: 13.5005 | V228: 12.603333 | W228: 4.5668333 | X228: 0 | Y228: 0 | Z228: 0 | AA228: 0 | AB228: 0 | AC228: =SUM(E228:AB228) -> 88.691333
B229: PE-SARCO | E229: 0 | F229: 0 | G229: 0 | H229: 0 | I229: 0 | J229: 0 | K229: 0 | L229: 0 | M229: 0 | N229: 0 | O229: 0 | P229: 0 | Q229: 0.6945 | R229: 0.028166667 | S229: 0.056166667 | T229: 18.737333 | U229: 45.7825 | V229: 71.836167 | W229: 94.256333 | X229: 13.657167 | Y229: 0 | Z229: 0 | AA229: 0 | AB229: 0 | AC229: =SUM(E229:AB229) -> 245.04833
B230: PE-CABOLEONES-1 | E230: 0 | F230: 0 | G230: 0 | H230: 0 | I230: 0 | J230: 0 | K230: 0 | L230: 0 | M230: 0 | N230: 0 | O230: 0 | P230: 0 | Q230: 1.6015 | R230: 0 | S230: 6.1158333 | T230: 20.3115 | U230: 40.110833 | V230: 60.19 | W230: 60.327 | X230: 6.8363333 | Y230: 0 | Z230: 0 | AA230: 0 | AB230: 0 | AC230: =SUM(E230:AB230) -> 195.493
B231: PE-CABOLEONES-2 | E231: 0 | F231: 0 | G231: 0 | H231: 0 | I231: 0 | J231: 0 | K231: 0 | L231: 0 | M231: 0 | N231: 0 | O231: 0 | P231: 0 | Q231: 0 | R231: 0 | S231: 2.6286667 | T231: 19.524 | U231: 52.625333 | V231: 89.247667 | W231: 114.46717 | X231: 27.546 | Y231: 0 | Z231: 0 | AA231: 0 | AB231: 0 | AC231: =SUM(E231:AB231) -> 306.03883
B232: PE-CABOLEONES-3 | E232: 0 | F232: 0 | G232: 0 | H232: 0 | I232: 0 | J232: 0 | K232: 0 | L232: 0 | M232: 0 | N232: 0 | O232: 0 | P232: 0 | Q232: 16.363 | R232: 14.0395 | S232: 29.549667 | T232: 47.070167 | U232: 70.9745 | V232: 93.858833 | W232: 108.0275 | X232: 25.146333 | Y232: 0 | Z232: 0 | AA232: 0 | AB232: 0 | AC232: =SUM(E232:AB232) -> 405.0295
B233: PE-SANJUAN | E233: 0 | F233: 0 | G233: 0 | H233: 0 | I233: 0 | J233: 0 | K233: 0 | L233: 0 | M233: 0 | N233: 0 | O233: 0 | P233: 0 | Q233: 3.4471667 | R233: 0.043166667 | S233: 3.2523333 | T233: 3.2628333 | U233: 0 | V233: 19.110667 | W233: 33.269333 | X233: 0 | Y233: 0 | Z233: 0 | AA233: 0 | AB233: 0 | AC233: =SUM(E233:AB233) -> 62.3855
B234: PE-PUNTACOLORADA | E234: 0 | F234: 0 | G234: 0 | H234: 0 | I234: 0 | J234: 0 | K234: 0 | L234: 0 | M234: 0 | N234: 0 | O234: 0 | P234: 0 | Q234: 2.461 | R234: 0 | S234: 1.672 | T234: 5.2918333 | U234: 5.3125 | V234: 4.8331667 | W234: 4.9538333 | X234: 1.1198333 | Y234: 0 | Z234: 0 | AA234: 0 | AB234: 0 | AC234: =SUM(E234:AB234) -> 25.644167
... B259: PE-ALENA | E259: 0 | F259: 0 | G259: 0 | H259: 0 | I259: 0 | J259: 0 | K259: 0 | L259: 0 | M259: 0 | N259: 0 | O259: 0 | P259: 0 | Q259: 0 | R259: 0 | S259: 0 | T259: 0 | U259: 0 | V259: 0 | W259: 0 | X259: 0 | Y259: 0 | Z259: 0 | AA259: 0 | AB259: 0 | AC259: =SUM(E259:AB259) -> 0
B260: Total | E260: =SUM(E223:E259) -> 0 | F260: =SUM(F223:F259) -> 0 | G260: =SUM(G223:G259) -> 0 | H260: =SUM(H223:H259) -> 0 | I260: =SUM(I223:I259) -> 0 | J260: =SUM(J223:J259) -> 0 | K260: =SUM(K223:K259) -> 0 | L260: =SUM(L223:L259) -> 0 | ... AB260: =SUM(AB223:AB259) -> 0 | AC260: =SUM(AC223:AE259) -> 2271.0747
B263: ='Resumen-Mensual'!$K$22 -> 44568
B265: Central/Hora | E265: 1 | F265: 2 | G265: 3 | H265: 4 | I265: 5 | J265: 6 | K265: 7 | L265: 8 | M265: 9 | N265: 10 | O265: 11 | P265: 12 | Q265: 13 | R265: 14 | S265: 15 | T265: 16 | U265: 17 | V265: 18 | W265: 19 | X265: 20 | Y265: 21 | Z265: 22 | AA265: 23 | AB265: 24 | AC265: Total
B266: PE-TCHAMMA | E266: 0 | F266: 0 | G266: 0 | H266: 0 | I266: 0 | J266: 0 | K266: 0 | L266: 0 | M266: 0 | N266: 0 | O266: 0 | P266: 0 | Q266: 0 | R266: 0 | S266: 0 | T266: 0 | U266: 0 | V266: 0 | W266: 1.7065 | X266: 0 | Y266: 0 | Z266: 0 | AA266: 0 | AB266: 0 | AC266: =SUM(E266:AB266) -> 1.7065
...

Sheet Resumen-DiarioHorario-Solar
B2: CURTAILMENTS SOLAR POR CENTRALES EN FORMA DIARIA/HORARIA
B5: ='Resumen-Mensual'!$E$22 -> 44562
B7: Central/Hora | E7: 1 | F7: 2 | G7: 3 | H7: 4 | I7: 5 | J7: 6 | K7: 7 | L7: 8 | M7: 9 | N7: 10 | O7: 11 | P7: 12 | Q7: 13 | R7: 14 | S7: 15 | T7: 16 | U7: 17 | V7: 18 | W7: 19 | X7: 20 | Y7: 21 | Z7: 22 | AA7: 23 | AB7: 24 | AC7: Total
B8: PFV-POZOALMONTE-2 | E8: 0 | F8: 0 | G8: 0 | H8: 0 | I8: 0 | J8: 0 | K8: 0 | L8: 0 | M8: 0.18266667 | N8: 0.99216667 | O8: 0.9175 | P8: 0.7605 | Q8: 0 | R8: 0 | S8: 0.52583333 | T8: 0.49216667 | U8: 0 | V8: 1.5218333 | W8: 1.0171667 | X8: 0 | Y8: 0 | Z8: 0 | AA8: 0 | AB8: 0 | AC8: =SUM(E8:AB8) -> 6.4098333
B9: PFV-POZOALMONTE-3 | E9: 0 | F9: 0 | G9: 0 | H9: 0 | I9: 0 | J9: 0 | K9: 0 | L9: 0 | M9: 0.22566667 | N9: 0.11966667 | O9: 0.5115 | P9: 1.0226667 | Q9: 0 | R9: 0 | S9: 0.6775 | T9: 0.79983333 | U9: 0 | V9: 2.161 | W9: 2.4326667 | X9: 0 | Y9: 0 | Z9: 0 | AA9: 0 | AB9: 0 | AC9: =SUM(E9:AB9) -> 7.9505
B10: PFV-LAHUAYCA-2 | E10: 0 | F10: 0 | G10: 0 | H10: 0 | I10: 0 | J10: 0 | K10: 0 | L10: 0 | M10: 2.625 | N10: 9.9 | O10: 1.5711667 | P10: 3.9466667 | Q10: 0 | R10: 0 | S10: 7.257 | T10: 5.7216667 | U10: 0 | V10: 0.9515 | W10: 1.1211667 | X10: 0.66766667 | Y10: 0 | Z10: 0 | AA10: 0 | AB10: 0 | AC10: =SUM(E10:AB10) -> 33.761833
B11: PFV-SANTAISABEL | E11: 0 | F11: 0 | G11: 0 | H11: 0 | I11: 0 | J11: 0 | K11: 0 | L11: 0 | M11: 29.009167 | N11: 88.43 | O11: 94.23 | P11: 97.43 | Q11: 98.63 | R11: 99.83 | S11: 98.33 | T11: 0 | U11: 0 | V11: 0 | W11: 31.961167 | X11: 0 | Y11: 0 | Z11: 0 | AA11: 0 | AB11: 0 | AC11: =SUM(E11:AB11) -> 637.85033
B12: PFV-HUATACONDO | E12: 0 | F12: 0 | G12: 0 | H12: 0 | I12: 0 | J12: 0 | K12: 0 | L12: 0 | M12: 2.6411667 | N12: 18.938 | O12: 18.752667 | P12: 0 | Q12: 19.580667 | R12: 21.791167 | S12: 0 | T12: 0 | U12: 0 | V12: 0 | W12: 8.4258333 | X12: 0.0465 | Y12: 0 | Z12: 0 | AA12: 0 | AB12: 0 | AC12: =SUM(E12:AB12) -> 90.176
B13: PFV-ATACAMASOLAR-2 | E13: 0 | F13: 0 | G13: 0 | H13: 0 | I13: 0 | J13: 0 | K13: 0 | L13: 0 | M13: 0 | N13: 0 | O13: 0 | P13: 16.974833 | Q13: 0 | R13: 0 | S13: 32.921333 | T13: 25.949167 | U13: 0 | V13: 0 | W13: 0 | X13: 0 | Y13: 0 | Z13: 0 | AA13: 0 | AB13: 0 | AC13: =SUM(E13:AB13) -> 75.845333
B14: PFV-NUEVOQUILLAGUA | E14: 0 | F14: 0 | G14: 0 | H14: 0 | I14: 0 | J14: 0 | K14: 0 | L14: 0 | M14: 13.129 | N14: 30.949667 | O14: 24.088333 | P14: 15.435 | Q14: 17.655 | R14: 15.804833 | S14: 18.3505 | T14: 19.676333 | U14: 35.975 | V14: 47.441667 | W14: 36.598333 | X14: 0.0465 | Y14: 0 | Z14: 0 | AA14: 0 | AB14: 0 | AC14: =SUM(E14:AB14) -> 275.15017
B15: PFV-GRANJA | E15: 0 | F15: 0 | G15: 0 | H15: 0 | I15: 0 | J15: 0 | K15: 0 | L15: 0 | M15: 0 | N15: 0 | O15: 0 | P15: 0 | Q15: 18.860833 | R15: 27.058 | S15: 0 | T15: 0 | U15: 0 | V15: 0 | W15: 26.9775 | X15: 0 | Y15: 0 | Z15: 0 | AA15: 0 | AB15: 0 | AC15: =SUM(E15:AB15) -> 72.896333
B16: PFV-USYA | E16: 0 | F16: 0 | G16: 0 | H16: 0 | I16: 0 | J16: 0 | K16: 0 | L16: 0 | M16: 0.608 | N16: 5.2568333 | O16: 5.537 | P16: 14.0145 | Q16: 18.5 | R16: 14.726333 | S16: 19.91 | T16: 20.080333 | U16: 18.65 | V16: 0 | W16: 2.5748333 | X16: 0.53216667 | Y16: 0 | Z16: 0 | AA16: 0 | AB16: 0 | AC16: =SUM(E16:AB16) -> 120.39
B17: PFV-SANPEDRO-GPG | E17: 0 | F17: 0 | G17: 0 | H17: 0 | I17: 0 | J17: 0 | K17: 0 | L17: 0 | M17: 1.9161667 | N17: 19.316333 | O17: 22.443333 | P17: 18.0095 | Q17: 0 | R17: 0 | S17: 0 | T17: 39.221 | U17: 30.226167 | V17: 3.3445 | W17: 0 | X17: 0.069166667 | Y17: 0 | Z17: 0 | AA17: 0 | AB17: 0 | AC17: =SUM(E17:AB17) -> 134.54617
B18: PFV-JAMA-1 | E18: 0 | F18: 0 | G18: 0 | H18: 0 | I18: 0 | J18: 0 | K18: 0 | L18: 0 | M18: 0 | N18: 0 | O18: 0 | P18: 0.625 | Q18: 1.6283333 | R18: 4.6856667 | S18: 10.7 | T18: 0 | U18: 0 | V18: 9.8 | W18: 4 | X18: 0.00066666667 | Y18: 0 | Z18: 0 | AA18: 0 | AB18: 0 | AC18: =SUM(E18:AB18) -> 31.439667
B19: PFV-JAMA-2 | E19: 0 | F19: 0 | G19: 0 | H19: 0 | I19: 0 | J19: 0 | K19: 0 | L19: 0 | M19: 0.0385 | N19: 0.051 | O19: 0.075833333 | P19: 0.55666667 | Q19: 1.63 | R19: 4.1836667 | S19: 9.14 | T19: 0 | U19: 0 | V19: 8.44 | W19: 3.9191667 | X19: 0.0048333333 | Y19: 0 | Z19: 0 | AA19: 0 | AB19: 0 | AC19: =SUM(E19:AB19) -> 28.039667
... B56: PFV-PUERTOSECO | E56: 0 | F56: 0 | G56: 0 | H56: 0 | I56: 0 | J56: 0 | K56: 0 | L56: 0 | M56: 0.137 | N56: 0.80816667 | O56: 0.12166667 | P56: 0.66366667 | Q56: 1.8745 | R56: 2.519 | S56: 3.7341667 | T56: 3.7606667 | U56: 3.7878333 | V56: 3.6138333 | W56: 1.5405 | X56: 0 | Y56: 0 | Z56: 0 | AA56: 0 | AB56: 0 | AC56: =SUM(E56:AB56) -> 22.561
B57: Total | E57: =SUM(E8:E56) -> 0 | F57: =SUM(F8:F56) -> 0 | G57: =SUM(G8:G56) -> 0 | H57: =SUM(H8:H56) -> 0 | I57: =SUM(I8:I56) -> 0 | J57: =SUM(J8:J56) -> 0 | K57: =SUM(K8:K56) -> 0 | L57: =SUM(L8:L56) -> 0 | ... AB57: =SUM(AB8:AB56) -> 0 | AC57: =SUM(AC8:AE56) -> 5637.6028
B60: ='Resumen-Mensual'!$F$22 -> 44563
B62: Central/Hora | E62: 1 | F62: 2 | G62: 3 | H62: 4 | I62: 5 | J62: 6 | K62: 7 | L62: 8 | M62: 9 | N62: 10 | O62: 11 | P62: 12 | Q62: 13 | R62: 14 | S62: 15 | T62: 16 | U62: 17 | V62: 18 | W62: 19 | X62: 20 | Y62: 21 | Z62: 22 | AA62: 23 | AB62: 24 | AC62: Total
B63: PFV-POZOALMONTE-2 | E63: 0 | F63: 0 | G63: 0 | H63: 0 | I63: 0 | J63: 0 | K63: 0 | L63: 0 | M63: 0 | N63: 0.93216667 | O63: 1.3775 | P63: 1.3031667 | Q63: 0 | R63: 0.381 | S63: 0 | T63: 0.59283333 | U63: 0.71883333 | V63: 0.66916667 | W63: 0.03 | X63: 0 | Y63: 0 | Z63: 0 | AA63: 0 | AB63: 0 | AC63: =SUM(E63:AB63) -> 6.0046667
B64: PFV-POZOALMONTE-3 | E64: 0 | F64: 0 | G64: 0 | H64: 0 | I64: 0 | J64: 0 | K64: 0 | L64: 0 | M64: 0 | N64: 0 | O64: 1.7118333 | P64: 1.956 | Q64: 0 | R64: 0.12383333 | S64: 0 | T64: 0.21483333 | U64: 0.32966667 | V64: 0.46766667 | W64: 0.2765 | X64: 0 | Y64: 0 | Z64: 0 | AA64: 0 | AB64: 0 | AC64: =SUM(E64:AB64) -> 5.0803333
B65: PFV-LAHUAYCA-2 | E65: 0 | F65: 0 | G65: 0 | H65: 0 | I65: 0 | J65: 0 | K65: 0 | L65: 0 | M65: 0.037166667 | N65: 3.9125 | O65: 10.664333 | P65: 8.6603333 | Q65: 0 | R65: 7.35 | S65: 0 | T65: 0.18816667 | U65: 0.23083333 | V65: 0.53883333 | W65: 0.94366667 | X65: 0.017166667 | Y65: 0 | Z65: 0 | AA65: 0 | AB65: 0 | AC65: =SUM(E65:AB65) -> 32.543
B66: PFV-SANTAISABEL | E66: 0 | F66: 0 | G66: 0 | H66: 0 | I66: 0 | J66: 0 | K66: 0 | L66: 0 | M66: 25.320667 | N66: 36.651667 | O66: 41.316833 | P66: 0 | Q66: 0 | R66: 8.7565 | S66: 8.2623333 | T66: 7.703 | U66: 2.4245 | V66: 0 | W66: 0 | X66: 0 | Y66: 0 | Z66: 0 | AA66: 0 | AB66: 0 | AC66: =SUM(E66:AB66) -> 130.4355
B67: PFV-HUATACONDO | E67: 0 | F67: 0 | G67: 0 | H67: 0 | I67: 0 | J67: 0 | K67: 0 | L67: 0 | M67: 8.2871667 | N67: 0.81833333 | O67: 10.813 | P67: 11.1365 | Q67: 0 | R67: 0 | S67: 0 | T67: 0 | U67: 0 | V67: 1.4876667 | W67: 4.0453333 | X67: 0 | Y67: 0 | Z67: 0 | AA67: 0 | AB67: 0 | AC67: =SUM(E67:AB67) -> 36.588
B68: PFV-ATACAMASOLAR-2 | E68: 0 | F68: 0 | G68: 0 | H68: 0 | I68: 0 | J68: 0 | K68: 0 | L68: 0 | M68: 0 | N68: 0 | O68: 0 | P68: 8.3405 | Q68: 1.7503333 | R68: 0 | S68: 0 | T68: 0 | U68: 0 | V68: 0 | W68: 0 | X68: 0 | Y68: 0 | Z68: 0 | AA68: 0 | AB68: 0 | AC68: =SUM(E68:AB68) -> 10.090833
B69: PFV-NUEVOQUILLAGUA | E69: 0 | F69: 0 | G69: 0 | H69: 0 | I69: 0 | J69: 0 | K69: 0 | L69: 0 | M69: 16.025167 | N69: 61.975333 | O69: 60.235667 | P69: 27.127 | Q69: 11.1665 | R69: 0 | S69: 7.3141667 | T69: 6.9503333 | U69: 5.0863333 | V69: 4.2233333 | W69: 2.2001667 | X69: 0 | Y69: 0 | Z69: 0 | AA69: 0 | AB69: 0 | AC69: =SUM(E69:AB69) -> 202.304
B70: PFV-GRANJA | E70: 0 | F70: 0 | G70: 0 | H70: 0 | I70: 0 | J70: 0 | K70: 0 | L70: 0 | M70: 7.3325 | N70: 16.210667 | O70: 0 | P70: 15.597 | Q70: 2.6921667 | R70: 0.008 | S70: 0 | T70: 1.0868333 | U70: 1.3068333 | V70: 0 | W70: 0 | X70: 0 | Y70: 0 | Z70: 0 | AA70: 0 | AB70: 0 | AC70: =SUM(E70:AB70) -> 44.234
B71: PFV-USYA | E71: 0 | F71: 0 | G71: 0 | H71: 0 | I71: 0 | J71: 0 | K71: 0 | L71: 0 | M71: 2.893 | N71: 1.7311667 | O71: 10.33 | P71: 14.843 | Q71: 9.128 | R71: 0 | S71: 0 | T71: 0 | U71: 18.34 | V71: 7.24 | W71: 0 | X71: 0.098666667 | Y71: 0 | Z71: 0 | AA71: 0 | AB71: 0 | AC71: =SUM(E71:AB71) -> 64.603833
B72: PFV-SANPEDRO-GPG | E72: 0 | F72: 0 | G72: 0 | H72: 0 | I72: 0 | J72: 0 | K72: 0 | L72: 0 | M72: 8.9265 | N72: 16.575167 | O72: 21.763 | P72: 24.867667 | Q72: 15.4935 | R72: 44.200667 | S72: 42.939667 | T72: 37.661833 | U72: 0 | V72: 0 | W72: 0 | X72: 0 | Y72: 0 | Z72: 0 | AA72: 0 | AB72: 0 | AC72: =SUM(E72:AB72) -> 212.428
B73: PFV-JAMA-1 | E73: 0 | F73: 0 | G73: 0 | H73: 0 | I73: 0 | J73: 0 | K73: 0 | L73: 0 | M73: 1.828 | N73: 9.67 | O73: 9.4255 | P73: 4.8203333 | Q73: 1.0258333 | R73: 5.6998333 | S73: 11.17 | T73: 11.47 | U73: 10.97 | V73: 10.07 | W73: 4.1095 | X73: 0 | Y73: 0 | Z73: 0 | AA73: 0 | AB73: 0 | AC73: =SUM(E73:AB73) -> 80.259
B74: PFV-JAMA-2 | E74: 0 | F74: 0 | G74: 0 | H74: 0 | I74: 0 | J74: 0 | K74: 0 | L74: 0 | M74: 1.6 | N74: 8.0791667 | O74: 7.845 | P74: 4.0628333 | Q74: 0.83 | R74: 9.1421667 | S74: 9.38 | T74: 9.68 | U74: 4.38 | V74: 8.68 | W74: 4.0975 | X74: 0 | Y74: 0 | Z74: 0 | AA74: 0 | AB74: 0 | AC74: =SUM(E74:AB74) -> 67.776667
... B111: PFV-PUERTOSECO | E111: 0 | F111: 0 | G111: 0 | H111: 0 | I111: 0 | J111: 0 | K111: 0 | L111: 0 | M111: 0 | N111: 0.74 | O111: 0.94 | P111: 0.87733333 | Q111: 0 | R111: 3.4966667 | S111: 3.7441667 | T111: 3.771 | U111: 3.7988333 | V111: 3.6255 | W111: 1.5521667 | X111: 0 | Y111: 0 | Z111: 0 | AA111: 0 | AB111: 0 | AC111: =SUM(E111:AB111) -> 22.545667
B112: Total | E112: =SUM(E63:E111) -> 0 | F112: =SUM(F63:F111) -> 0 | G112: =SUM(G63:G111) -> 0 | H112: =SUM(H63:H111) -> 0 | I112: =SUM(I63:I111) -> 0 | J112: =SUM(J63:J111) -> 0 | K112: =SUM(K63:K111) -> 0 | L112: =SUM(L63:L111) -> 0 | ... AB112: =SUM(AB63:AB111) -> 0 | AC112: =SUM(AC63:AE111) -> 4370.6822
B115: ='Resumen-Mensual'!$G$22 -> 44564
B117: Central/Hora | E117: 1 | F117: 2 | G117: 3 | H117: 4 | I117: 5 | J117: 6 | K117: 7 | L117: 8 | M117: 9 | N117: 10 | O117: 11 | P117: 12 | Q117: 13 | R117: 14 | S117: 15 | T117: 16 | U117: 17 | V117: 18 | W117: 19 | X117: 20 | Y117: 21 | Z117: 22 | AA117: 23 | AB117: 24 | AC117: Total
B118: PFV-POZOALMONTE-2 | E118: 0 | F118: 0 | G118: 0 | H118: 0 | I118: 0 | J118: 0 | K118: 0 | L118: 0 | M118: 0 | N118: 0 | O118: 0 | P118: 0 | Q118: 0 | R118: 0 | S118: 0 | T118: 0 | U118: 0.1785 | V118: 0.79816667 | W118: 0 | X118: 0 | Y118: 0 | Z118: 0 | AA118: 0 | AB118: 0 | AC118: =SUM(E118:AB118) -> 0.97666667
B119: PFV-POZOALMONTE-3 | E119: 0 | F119: 0 | G119: 0 | H119: 0 | I119: 0 | J119: 0 | K119: 0 | L119: 0 | M119: 0 | N119: 0 | O119: 0 | P119: 0 | Q119: 0 | R119: 0 | S119: 0 | T119: 0 | U119: 0.0575 | V119: 0.1215 | W119: 0 | X119: 0 | Y119: 0 | Z119: 0 | AA119: 0 | AB119: 0 | AC119: =SUM(E119:AB119) -> 0.179
B120: PFV-LAHUAYCA-2 | E120: 0 | F120: 0 | G120: 0 | H120: 0 | I120: 0 | J120: 0 | K120: 0 | L120: 0 | M120: 0 | N120: 0 | O120: 0 | P120: 0 | Q120: 0 | R120: 0 | S120: 0 | T120: 0 | U120: 0.22166667 | V120: 0.34883333 | W120: 0 | X120: 0 | Y120: 0 | Z120: 0 | AA120: 0 | AB120: 0 | AC120: =SUM(E120:AB120) -> 0.5705
B121: PFV-SANTAISABEL | E121: 0 | F121: 0 | G121: 0 | H121: 0 | I121: 0 | J121: 0 | K121: 0 | L121: 0 | M121: 0 | N121: 0 | O121: 0 | P121: 0 | Q121: 0 | R121: 0 | S121: 0 | T121: 0 | U121: 0 | V121: 0 | W121: 0 | X121: 0 | Y121: 0 | Z121: 0 | AA121: 0 | AB121: 0 | AC121: =SUM(E121:AB121) -> 0
B122: PFV-HUATACONDO | E122: 0 | F122: 0 | G122: 0 | H122: 0 | I122: 0 | J122: 0 | K122: 0 | L122: 0 | M122: 0 | N122: 0 | O122: 0 | P122: 0 | Q122: 0 | R122: 0 | S122: 0 | T122: 1.2646667 | U122: 0 | V122: 2.0918333 | W122: 0.00083333333 | X122: 0 | Y122: 0 | Z122: 0 | AA122: 0 | AB122: 0 | AC122: =SUM(E122:AB122) -> 3.3573333
B123: PFV-ATACAMASOLAR-2 | E123: 0 | F123: 0 | G123: 0 | H123: 0 | I123: 0 | J123: 0 | K123: 0 | L123: 0 | M123: 0 | N123: 0 | O123: 0 | P123: 0 | Q123: 0 | R123: 0 | S123: 0 | T123: 0 | U123: 0 | V123: 0 | W123: 0 | X123: 0 | Y123: 0 | Z123: 0 | AA123: 0 | AB123: 0 | AC123: =SUM(E123:AB123) -> 0
B124: PFV-NUEVOQUILLAGUA | E124: 0 | F124: 0 | G124: 0 | H124: 0 | I124: 0 | J124: 0 | K124: 0 | L124: 0 | M124: 0 | N124: 0 | O124: 1.045 | P124: 0.1895 | Q124: 0 | R124: 0 | S124: 0 | T124: 3.8961667 | U124: 0 | V124: 0.95333333 | W124: 0 | X124: 0 | Y124: 0 | Z124: 0 | AA124: 0 | AB124: 0 | AC124: =SUM(E124:AB124) -> 6.084
B125: PFV-GRANJA | E125: 0 | F125: 0 | G125: 0 | H125: 0 | I125: 0 | J125: 0 | K125: 0 | L125: 0 | M125: 0 | N125: 0 | O125: 0 | P125: 0 | Q125: 0 | R125: 0 | S125: 0 | T125: 0 | U125: 0 | V125: 0 | W125: 0 | X125: 0 | Y125: 0 | Z125: 0 | AA125: 0 | AB125: 0 | AC125: =SUM(E125:AB125) -> 0
B126: PFV-USYA | E126: 0 | F126: 0 | G126: 0 | H126: 0 | I126: 0 | J126: 0 | K126: 0 | L126: 0 | M126: 0 | N126: 0 | O126: 0 | P126: 0 | Q126: 12.336667 | R126: 16.807333 | S126: 0 | T126: 13.938833 | U126: 17.4455 | V126: 8.2 | W126: 1.81 | X126: 0.39833333 | Y126: 0 | Z126: 0 | AA126: 0 | AB126: 0 | AC126: =SUM(E126:AB126) -> 70.936667
B127: PFV-SANPEDRO-GPG | E127: 0 | F127: 0 | G127: 0 | H127: 0 | I127: 0 | J127: 0 | K127: 0 | L127: 0 | M127: 0 | N127: 0 | O127: 0 | P127: 0 | Q127: 13.152167 | R127: 11.018167 | S127: 43.5745 | T127: 0 | U127: 0 | V127: 0 | W127: 0 | X127: 0.027166667 | Y127: 0 | Z127: 0 | AA127: 0 | AB127: 0 | AC127: =SUM(E127:AB127) -> 67.772
B128: PFV-JAMA-1 | E128: 0 | F128: 0 | G128: 0 | H128: 0 | I128: 0 | J128: 0 | K128: 0 | L128: 0 | M128: 0 | N128: 0 | O128: 0 | P128: 0 | Q128: 2.5816667 | R128: 7.878 | S128: 9.72 | T128: 10.02 | U128: 9.62 | V128: 8.72 | W128: 2.582 | X128: 0 | Y128: 0 | Z128: 0 | AA128: 0 | AB128: 0 | AC128: =SUM(E128:AB128) -> 51.121667
B129: PFV-JAMA-2 | E129: 0 | F129: 0 | G129: 0 | H129: 0 | I129: 0 | J129: 0 | K129: 0 | L129: 0 | M129: 0 | N129: 0 | O129: 0 | P129: 0 | Q129: 2.3288333 | R129: 6.8381667 | S129: 8.38 | T129: 8.68 | U129: 8.28 | V129: 7.58 | W129: 2.8091667 | X129: 0.00033333333 | Y129: 0 | Z129: 0 | AA129: 0 | AB129: 0 | AC129: =SUM(E129:AB129) -> 44.8965
... B166: PFV-PUERTOSECO | E166: 0 | F166: 0 | G166: 0 | H166: 0 | I166: 0 | J166: 0 | K166: 0 | L166: 0 | M166: 0 | N166: 0 | O166: 0 | P166: 0 | Q166: 1.4091667 | R166: 3.051 | S166: 3.8643333 | T166: 3.87 | U166: 3.87 | V166: 3.67 | W166: 1.5763333 | X166: 0 | Y166: 0 | Z166: 0 | AA166: 0 | AB166: 0 | AC166: =SUM(E166:AB166) -> 21.310833
B167: Total | E167: =SUM(E118:E166) -> 0 | F167: =SUM(F118:F166) -> 0 | G167: =SUM(G118:G166) -> 0 | H167: =SUM(H118:H166) -> 0 | I167: =SUM(I118:I166) -> 0 | J167: =SUM(J118:J166) -> 0 | K167: =SUM(K118:K166) -> 0 | L167: =SUM(L118:L166) -> 0 | ... AB167: =SUM(AB118:AB166) -> 0 | AC167: =SUM(AC118:AE166) -> 483.3605
B170: ='Resumen-Mensual'!$H$22 -> 44565
B172: Central/Hora | E172: 1 | F172: 2 | G172: 3 | H172: 4 | I172: 5 | J172: 6 | K172: 7 | L172: 8 | M172: 9 | N172: 10 | O172: 11 | P172: 12 | Q172: 13 | R172: 14 | S172: 15 | T172: 16 | U172: 17 | V172: 18 | W172: 19 | X172: 20 | Y172: 21 | Z172: 22 | AA172: 23 | AB172: 24 | AC172: Total
B173: PFV-POZOALMONTE-2 | E173: 0 | F173: 0 | G173: 0 | H173: 0 | I173: 0 | J173: 0 | K173: 0 | L173: 0 | M173: 0 | N173: 0 | O173: 0 | P173: 0 | Q173: 0 | R173: 0 | S173: 0 | T173: 0 | U173: 1.4013333 | V173: 1.4145 | W173: 2.6728333 | X173: 0.025 | Y173: 0 | Z173: 0 | AA173: 0 | AB173: 0 | AC173: =SUM(E173:AB173) -> 5.5136667
B174: PFV-POZOALMONTE-3 | E174: 0 | F174: 0 | G174: 0 | H174: 0 | I174: 0 | J174: 0 | K174: 0 | L174: 0 | M174: 0 | N174: 0 | O174: 0 | P174: 0 | Q174: 0 | R174: 0 | S174: 0 | T174: 0 | U174: 1.3378333 | V174: 1.7466667 | W174: 5.7438333 | X174: 0.078333333 | Y174: 0 | Z174: 0 | AA174: 0 | AB174: 0 | AC174: =SUM(E174:AB174) -> 8.9066667
B175: PFV-LAHUAYCA-2 | E175: 0 | F175: 0 | G175: 0 | H175: 0 | I175: 0 | J175: 0 | K175: 0 | L175: 0 | M175: 0 | N175: 0 | O175: 0 | P175: 0 | Q175: 0 | R175: 0 | S175: 0 | T175: 0 | U175: 4.2783333 | V175: 6.2006667 | W175: 6.1761667 | X175: 0.048333333 | Y175: 0 | Z175: 0 | AA175: 0 | AB175: 0 | AC175: =SUM(E175:AB175) -> 16.7035
B176: PFV-SANTAISABEL | E176: 0 | F176: 0 | G176: 0 | H176: 0 | I176: 0 | J176: 0 | K176: 0 | L176: 0 | M176: 0 | N176: 0 | O176: 0 | P176: 0 | Q176: 0 | R176: 0 | S176: 2.451 | T176: 0 | U176: 0 | V176: 0 | W176: 45.2815 | X176: 0.64216667 | Y176: 0 | Z176: 0 | AA176: 0 | AB176: 0 | AC176: =SUM(E176:AB176) -> 48.374667
B177: PFV-HUATACONDO | E177: 0 | F177: 0 | G177: 0 | H177: 0 | I177: 0 | J177: 0 | K177: 0 | L177: 0 | M177: 0 | N177: 0 | O177: 0 | P177: 0 | Q177: 0 | R177: 0 | S177: 0 | T177: 1.5281667 | U177: 0 | V177: 21.669167 | W177: 31.292 | X177: 0.21116667 | Y177: 0 | Z177: 0 | AA177: 0 | AB177: 0 | AC177: =SUM(E177:AB177) -> 54.7005
B178: PFV-ATACAMASOLAR-2 | E178: 0 | F178: 0 | G178: 0 | H178: 0 | I178: 0 | J178: 0 | K178: 0 | L178: 0 | M178: 0 | N178: 0 | O178: 0 | P178: 0 | Q178: 0 | R178: 0 | S178: 0 | T178: 0 | U178: 0.1635 | V178: 0 | W178: 7.6465 | X178: 0.15716667 | Y178: 0 | Z178: 0 | AA178: 0 | AB178: 0 | AC178: =SUM(E178:AB178) -> 7.9671667
B179: PFV-NUEVOQUILLAGUA | E179: 0 | F179: 0 | G179: 0 | H179: 0 | I179: 0 | J179: 0 | K179: 0 | L179: 0 | M179: 0 | N179: 0 | O179: 0 | P179: 0.63483333 | Q179: 2.99 | R179: 0 | S179: 0 | T179: 3.3033333 | U179: 0.35633333 | V179: 11.155 | W179: 40.043333 | X179: 0.414 | Y179: 0 | Z179: 0 | AA179: 0 | AB179: 0 | AC179: =SUM(E179:AB179) -> 58.896833
B180: PFV-GRANJA | E180: 0 | F180: 0 | G180: 0 | H180: 0 | I180: 0 | J180: 0 | K180: 0 | L180: 0 | M180: 0 | N180: 0 | O180: 0 | P180: 0 | Q180: 0 | R180: 0 | S180: 1.5655 | T180: 2.5401667 | U180: 1.8295 | V180: 0.96683333 | W180: 25.9905 | X180: 0.483 | Y180: 0 | Z180: 0 | AA180: 0 | AB180: 0 | AC180: =SUM(E180:AB180) -> 33.3755
B181: PFV-USYA | E181: 0 | F181: 0 | G181: 0 | H181: 0 | I181: 0 | J181: 0 | K181: 0 | L181: 0 | M181: 0 | N181: 0 | O181: 0 | P181: 0 | Q181: 4.215 | R181: 27.44 | S181: 0 | T181: 29.827 | U181: 23.922333 | V181: 15.569667 | W181: 0.819 | X181: 3.92 | Y181: 0 | Z181: 0 | AA181: 0 | AB181: 0 | AC181: =SUM(E181:AB181) -> 105.713
B182: PFV-SANPEDRO-GPG | E182: 0 | F182: 0 | G182: 0 | H182: 0 | I182: 0 | J182: 0 | K182: 0 | L182: 0 | M182: 0 | N182: 0 | O182: 0 | P182: 0 | Q182: 30.054167 | R182: 0 | S182: 43.693167 | T182: 0 | U182: 28.376833 | V182: 13.4915 | W182: 16.092333 | X182: 10.517167 | Y182: 0 | Z182: 0 | AA182: 0 | AB182: 0 | AC182: =SUM(E182:AB182) -> 142.22517
B183: PFV-JAMA-1 | E183: 0 | F183: 0 | G183: 0 | H183: 0 | I183: 0 | J183: 0 | K183: 0 | L183: 0 | M183: 0 | N183: 0 | O183: 0 | P183: 0 | Q183: 4.8101667 | R183: 10.53 | S183: 10.93 | T183: 11.181 | U183: 10.528333 | V183: 7.837 | W183: 5.6961667 | X183: 6.0003333 | Y183: 0 | Z183: 0 | AA183: 0 | AB183: 0 | AC183: =SUM(E183:AB183) -> 67.513
B184: PFV-JAMA-2 | E184: 0 | F184: 0 | G184: 0 | H184: 0 | I184: 0 | J184: 0 | K184: 0 | L184: 0 | M184: 0 | N184: 0 | O184: 0 | P184: 0 | Q184: 4.42 | R184: 9.19 | S184: 9.3233333 | T184: 9.3655 | U184: 0 | V184: 6.9755 | W184: 4.4596667 | X184: 4.5211667 | Y184: 0 | Z184: 0 | AA184: 0 | AB184: 0 | AC184: =SUM(E184:AB184) -> 48.255167
... B221: PFV-PUERTOSECO | E221: 0 | F221: 0 | G221: 0 | H221: 0 | I221: 0 | J221: 0 | K221: 0 | L221: 0 | M221: 0 | N221: 0 | O221: 0 | P221: 0 | Q221: 2.6635 | R221: 3.87 | S221: 3.8635 | T221: 3.86 | U221: 3.86 | V221: 3.1446667 | W221: 2.021 | X221: 1.47 | Y221: 0 | Z221: 0 | AA221: 0 | AB221: 0 | AC221: =SUM(E221:AB221) -> 24.752667
B222: Total | E222: =SUM(E173:E221) -> 0 | F222: =SUM(F173:F221) -> 0 | G222: =SUM(G173:G221) -> 0 | H222: =SUM(H173:H221) -> 0 | I222: =SUM(I173:I221) -> 0 | J222: =SUM(J173:J221) -> 0 | K222: =SUM(K173:K221) -> 0 | L222: =SUM(L173:L221) -> 0 | ... AB222: =SUM(AB173:AB221) -> 0 | AC222: =SUM(AC173:AE221) -> 2516.4855
B225: ='Resumen-Mensual'!$I$22 -> 44566
B227: Central/Hora | E227: 1 | F227: 2 | G227: 3 | H227: 4 | I227: 5 | J227: 6 | K227: 7 | L227: 8 | M227: 9 | N227: 10 | O227: 11 | P227: 12 | Q227: 13 | R227: 14 | S227: 15 | T227: 16 | U227: 17 | V227: 18 | W227: 19 | X227: 20 | Y227: 21 | Z227: 22 | AA227: 23 | AB227: 24 | AC227: Total
B228: PFV-POZOALMONTE-2 | E228: 0 | F228: 0 | G228: 0 | H228: 0 | I228: 0 | J228: 0 | K228: 0 | L228: 0 | M228: 0 | N228: 0 | O228: 0 | P228: 0 | Q228: 0 | R228: 0.1395 | S228: 0.62383333 | T228: 0 | U228: 1.0283333 | V228: 1.4903333 | W228: 3.0563333 | X228: 1.1433333 | Y228: 0 | Z228: 0 | AA228: 0 | AB228: 0 | AC228: =SUM(E228:AB228) -> 7.4816667
B229: PFV-POZOALMONTE-3 | E229: 0 | F229: 0 | G229: 0 | H229: 0 | I229: 0 | J229: 0 | K229: 0 | L229: 0 | M229: 0 | N229: 0 | O229: 0 | P229: 0 | Q229: 0 | R229: 0.33033333 | S229: 1.429 | T229: 0 | U229: 2.273 | V229: 3.7795 | W229: 7.8645 | X229: 3.8383333 | Y229: 0 | Z229: 0 | AA229: 0 | AB229: 0 | AC229: =SUM(E229:AB229) -> 19.514667
B230: PFV-LAHUAYCA-2 | E230: 0 | F230: 0 | G230: 0 | H230: 0 | I230: 0 | J230: 0 | K230: 0 | L230: 0 | M230: 0 | N230: 0 | O230: 0 | P230: 0 | Q230: 0 | R230: 0.05 | S230: 0.818 | T230: 0 | U230: 4.1585 | V230: 5.791 | W230: 5.9638333 | X230: 2.2866667 | Y230: 0 | Z230: 0 | AA230: 0 | AB230: 0 | AC230: =SUM(E230:AB230) -> 19.068
B231: PFV-SANTAISABEL | E231: 0 | F231: 0 | G231: 0 | H231: 0 | I231: 0 | J231: 0 | K231: 0 | L231: 0 | M231: 0 | N231: 0 | O231: 0 | P231: 0 | Q231: 0 | R231: 0 | S231: 0 | T231: 0 | U231: 0 | V231: 3.4418333 | W231: 49.677 | X231: 40.232 | Y231: 0 | Z231: 0 | AA231: 0 | AB231: 0 | AC231: =SUM(E231:AB231) -> 93.350833
B232: PFV-HUATACONDO | E232: 0 | F232: 0 | G232: 0 | H232: 0 | I232: 0 | J232: 0 | K232: 0 | L232: 0 | M232: 0 | N232: 0 | O232: 0 | P232: 0 | Q232: 0 | R232: 0 | S232: 6.0295 | T232: 0 | U232: 0 | V232: 26.8645 | W232: 33.135333 | X232: 12.8495 | Y232: 0 | Z232: 0 | AA232: 0 | AB232: 0 | AC232: =SUM(E232:AB232) -> 78.878833
B233: PFV-ATACAMASOLAR-2 | E233: 0 | F233: 0 | G233: 0 | H233: 0 | I233: 0 | J233: 0 | K233: 0 | L233: 0 | M233: 0 | N233: 0 | O233: 0 | P233: 0 | Q233: 0 | R233: 0 | S233: 0 | T233: 0 | U233: 0 | V233: 0 | W233: 7.6986667 | X233: 11.492 | Y233: 0 | Z233: 0 | AA233: 0 | AB233: 0 | AC233: =SUM(E233:AB233) -> 19.190667
B234: PFV-NUEVOQUILLAGUA | E234: 0 | F234: 0 | G234: 0 | H234: 0 | I234: 0 | J234: 0 | K234: 0 | L234: 0 | M234: 0 | N234: 0 | O234: 0 | P234: 0 | Q234: 0 | R234: 0 | S234: 6.6446667 | T234: 0 | U234: 0.12566667 | V234: 10.738167 | W234: 39.876833 | X234: 23.8075 | Y234: 0 | Z234: 0 | AA234: 0 | AB234: 0 | AC234: =SUM(E234:AB234) -> 81.192833
B235: PFV-GRANJA | E235: 0 | F235: 0 | G235: 0 | H235: 0 | I235: 0 | J235: 0 | K235: 0 | L235: 0 | M235: 0 | N235: 0 | O235: 0 | P235: 0 | Q235: 0 | R235: 0 | S235: 0 | T235: 0 | U235: 0 | V235: 0.62433333 | W235: 27.222333 | X235: 32.249833 | Y235: 0 | Z235: 0 | AA235: 0 | AB235: 0 | AC235: =SUM(E235:AB235) -> 60.0965
B236: PFV-USYA | E236: 0 | F236: 0 | G236: 0 | H236: 0 | I236: 0 | J236: 0 | K236: 0 | L236: 0 | M236: 0 | N236: 0 | O236: 0 | P236: 0 | Q236: 0 | R236: 19.34 | S236: 0 | T236: 20.23 | U236: 20.73 | V236: 14.720167 | W236: 0.26833333 | X236: 3.92 | Y236: 0 | Z236: 0 | AA236: 0 | AB236: 0 | AC236: =SUM(E236:AB236) -> 79.2085
B237: PFV-SANPEDRO-GPG | E237: 0 | F237: 0 | G237: 0 | H237: 0 | I237: 0 | J237: 0 | K237: 0 | L237: 0 | M237: 0 | N237: 0 | O237: 0 | P237: 0 | Q237: 14.126833 | R237: 0 | S237: 36.479833 | T237: 0 | U237: 27.778667 | V237: 13.1035 | W237: 15.502167 | X237: 10.4575 | Y237: 0 | Z237: 0 | AA237: 0 | AB237: 0 | AC237: =SUM(E237:AB237) -> 117.4485
B238: PFV-JAMA-1 | E238: 0 | F238: 0 | G238: 0 | H238: 0 | I238: 0 | J238: 0 | K238: 0 | L238: 0 | M238: 0 | N238: 0 | O238: 0 | P238: 0 | Q238: 2.6023333 | R238: 4.9658333 | S238: 10.81 | T238: 11.22 | U238: 0 | V238: 9.8773333 | W238: 6.4933333 | X238: 6.0895 | Y238: 0 | Z238: 0 | AA238: 0 | AB238: 0 | AC238: =SUM(E238:AB238) -> 52.058333
B239: PFV-JAMA-2 | E239: 0 | F239: 0 | G239: 0 | H239: 0 | I239: 0 | J239: 0 | K239: 0 | L239: 0 | M239: 0 | N239: 0 | O239: 0 | P239: 0 | Q239: 2.3371667 | R239: 4.39 | S239: 9.2728333 | T239: 9.54 | U239: 0 | V239: 8.2323333 | W239: 5.1121667 | X239: 4.5733333 | Y239: 0 | Z239: 0 | AA239: 0 | AB239: 0 | AC239: =SUM(E239:AB239) -> 43.457833
... B276: PFV-PUERTOSECO | E276: 0 | F276: 0 | G276: 0 | H276: 0 | I276: 0 | J276: 0 | K276: 0 | L276: 0 | M276: 0 | N276: 0 | O276: 0 | P276: 0 | Q276: 1.7588333 | R276: 2.8711667 | S276: 3.7083333 | T276: 3.86 | U276: 3.86 | V276: 3.6548333 | W276: 2.1528333 | X276: 1.47 | Y276: 0 | Z276: 0 | AA276: 0 | AB276: 0 | AC276: =SUM(E276:AB276) -> 23.336
B277: Total | E277: =SUM(E228:E276) -> 0 | F277: =SUM(F228:F276) -> 0 | G277: =SUM(G228:G276) -> 0 | H277: =SUM(H228:H276) -> 0 | I277: =SUM(I228:I276) -> 0 | J277: =SUM(J228:J276) -> 0 | K277: =SUM(K228:K276) -> 0 | L277: =SUM(L228:L276) -> 0 | ... AB277: =SUM(AB228:AB276) -> 0 | AC277: =SUM(AC228:AE276) -> 2837.8305
B280: ='Resumen-Mensual'!$J$22 -> 44567
B282: Central/Hora | E282: 1 | F282: 2 | G282: 3 | H282: 4 | I282: 5 | J282: 6 | K282: 7 | L282: 8 | M282: 9 | N282: 10 | O282: 11 | P282: 12 | Q282: 13 | R282: 14 | S282: 15 | T282: 16 | U282: 17 | V282: 18 | W282: 19 | X282: 20 | Y282: 21 | Z282: 22 | AA282: 23 | AB282: 24 | AC282: Total
B283: PFV-POZOALMONTE-2 | E283: 0 | F283: 0 | G283: 0 | H283: 0 | I283: 0 | J283: 0 | K283: 0 | L283: 0 | M283: 0 | N283: 0 | O283: 0 | P283: 0 | Q283: 0 | R283: 0.48916667 | S283: 0 | T283: 0 | U283: 0 | V283: 0 | W283: 0 | X283: 0 | Y283: 0 | Z283: 0 | AA283: 0 | AB283: 0 | AC283: =SUM(E283:AB283) -> 0.48916667
B284: PFV-POZOALMONTE-3 | E284: 0 | F284: 0 | G284: 0 | H284: 0 | I284: 0 | J284: 0 | K284: 0 | L284: 0 | M284: 0 | N284: 0 | O284: 0 | P284: 0 | Q284: 0 | R284: 0.5125 | S284: 0 | T284: 0 | U284: 0.06 | V284: 0.123 | W284: 0.018833333 | X284: 0 | Y284: 0 | Z284: 0 | AA284: 0 | AB284: 0 | AC284: =SUM(E284:AB284) -> 0.71433333
B285: PFV-LAHUAYCA-2 | E285: 0 | F285: 0 | G285: 0 | H285: 0 | I285: 0 | J285: 0 | K285: 0 | L285: 0 | M285: 0 | N285: 0 | O285: 0 | P285: 0 | Q285: 0 | R285: 0 | S285: 0 | T285: 0 | U285: 0.056166667 | V285: 0.20433333 | W285: 0.53683333 | X285: 0.0053333333 | Y285: 0 | Z285: 0 | AA285: 0 | AB285: 0 | AC285: =SUM(E285:AB285) -> 0.80266667
B286: PFV-SANTAISABEL | E286: 0 | F286: 0 | G286: 0 | H286: 0 | I286: 0 | J286: 0 | K286: 0 | L286: 0 | M286: 0 | N286: 0 | O286: 0 | P286: 0 | Q286: 0 | R286: 0 | S286: 0 | T286: 4.7123333 | U286: 6.3898333 | V286: 9.4356667 | W286: 0 | X286: 0 | Y286: 0 | Z286: 0 | AA286: 0 | AB286: 0 | AC286: =SUM(E286:AB286) -> 20.537833
B287: PFV-HUATACONDO | E287: 0 | F287: 0 | G287: 0 | H287: 0 | I287: 0 | J287: 0 | K287: 0 | L287: 0 | M287: 0 | N287: 0 | O287: 0 | P287: 0 | Q287: 2.3151667 | R287: 0 | S287: 4.0211667 | T287: 2.1531667 | U287: 0 | V287: 0.048333333 | W287: 4.4776667 | X287: 0 | Y287: 0 | Z287: 0 | AA287: 0 | AB287: 0 | AC287: =SUM(E287:AB287) -> 13.0155
B288: PFV-ATACAMASOLAR-2 | E288: 0 | F288: 0 | G288: 0 | H288: 0 | I288: 0 | J288: 0 | K288: 0 | L288: 0 | M288: 0 | N288: 0 | O288: 0 | P288: 0 | Q288: 0 | R288: 0 | S288: 0 | T288: 0 | U288: 0 | V288: 0 | W288: 0 | X288: 0 | Y288: 0 | Z288: 0 | AA288: 0 | AB288: 0 | AC288: =SUM(E288:AB288) -> 0
B289: PFV-NUEVOQUILLAGUA | E289: 0 | F289: 0 | G289: 0 | H289: 0 | I289: 0 | J289: 0 | K289: 0 | L289: 0 | M289: 0 | N289: 0 | O289: 0.12983333 | P289: 3.1828333 | Q289: 5.8766667 | R289: 6.087 | S289: 6.4093333 | T289: 1.961 | U289: 12.221667 | V289: 12.097333 | W289: 2.3421667 | X289: 0 | Y289: 0 | Z289: 0 | AA289: 0 | AB289: 0 | AC289: =SUM(E289:AB289) -> 50.307833
B290: PFV-GRANJA | E290: 0 | F290: 0 | G290: 0 | H290: 0 | I290: 0 | J290: 0 | K290: 0 | L290: 0 | M290: 0 | N290: 0 | O290: 0 | P290: 0 | Q290: 0 | R290: 0 | S290: 0 | T290: 0 | U290: 0 | V290: 0 | W290: 0 | X290: 0 | Y290: 0 | Z290: 0 | AA290: 0 | AB290: 0 | AC290: =SUM(E290:AB290) -> 0
B291: PFV-USYA | E291: 0 | F291: 0 | G291: 0 | H291: 0 | I291: 0 | J291: 0 | K291: 0 | L291: 0 | M291: 0 | N291: 0 | O291: 0 | P291: 0 | Q291: 0 | R291: 14.995667 | S291: 0 | T291: 0 | U291: 20.89 | V291: 8.89 | W291: 1.6265 | X291: 0.911 | Y291: 0 | Z291: 0 | AA291: 0 | AB291: 0 | AC291: =SUM(E291:AB291) -> 47.313167
B292: PFV-SANPEDRO-GPG | E292: 0 | F292: 0 | G292: 0 | H292: 0 | I292: 0 | J292: 0 | K292: 0 | L292: 0 | M292: 0 | N292: 0 | O292: 0 | P292: 0 | Q292: 0 | R292: 0 | S292: 1.5478333 | T292: 36.933667 | U292: 3.5845 | V292: 12.985833 | W292: 0 | X292: 0.61633333 | Y292: 0 | Z292: 0 | AA292: 0 | AB292: 0 | AC292: =SUM(E292:AB292) -> 55.668167
B293: PFV-JAMA-1 | E293: 0 | F293: 0 | G293: 0 | H293: 0 | I293: 0 | J293: 0 | K293: 0 | L293: 0 | M293: 0 | N293: 0 | O293: 0 | P293: 0 | Q293: 0 | R293: 2.1458333 | S293: 8.6385 | T293: 10.33 | U293: 10.53 | V293: 9.73 | W293: 3.83 | X293: 0.35116667 | Y293: 0 | Z293: 0 | AA293: 0 | AB293: 0 | AC293: =SUM(E293:AB293) -> 45.5555
B294: PFV-JAMA-2 | E294: 0 | F294: 0 | G294: 0 | H294: 0 | I294: 0 | J294: 0 | K294: 0 | L294: 0 | M294: 0 | N294: 0 | O294: 0 | P294: 0 | Q294: 0 | R294: 2.1453333 | S294: 7.438 | T294: 0 | U294: 8.88 | V294: 8.3866667 | W294: 4.0283333 | X294: 0.32016667 | Y294: 0 | Z294: 0 | AA294: 0 | AB294: 0 | AC294: =SUM(E294:AB294) -> 31.1985
... B331: PFV-PUERTOSECO | E331: 0 | F331: 0 | G331: 0 | H331: 0 | I331: 0 | J331: 0 | K331: 0 | L331: 0 | M331: 0 | N331: 0 | O331: 0 | P331: 0 | Q331: 0 | R331: 1.3283333 | S331: 3.3596667 | T331: 3.66 | U331: 3.56 | V331: 3.26 | W331: 0.80216667 | X331: 0 | Y331: 0 | Z331: 0 | AA331: 0 | AB331: 0 | AC331: =SUM(E331:AB331) -> 15.970167
B332: Total | E332: =SUM(E283:E331) -> 0 | F332: =SUM(F283:F331) -> 0 | G332: =SUM(G283:G331) -> 0 | H332: =SUM(H283:H331) -> 0 | I332: =SUM(I283:I331) -> 0 | J332: =SUM(J283:J331) -> 0 | K332: =SUM(K283:K331) -> 0 | L332: =SUM(L283:L331) -> 0 | ... AB332: =SUM(AB283:AB331) -> 0 | AC332: =SUM(AC283:AE331) -> 1484.8965
B335: ='Resumen-Mensual'!$K$22 -> 44568
B337: Central/Hora | E337: 1 | F337: 2 | G337: 3 | H337: 4 | I337: 5 | J337: 6 | K337: 7 | L337: 8 | M337: 9 | N337: 10 | O337: 11 | P337: 12 | Q337: 13 | R337: 14 | S337: 15 | T337: 16 | U337: 17 | V337: 18 | W337: 19 | X337: 20 | Y337: 21 | Z337: 22 | AA337: 23 | AB337: 24 | AC337: Total
B338: PFV-POZOALMONTE-2 | E338: 0 | F338: 0 | G338: 0 | H338: 0 | I338: 0 | J338: 0 | K338: 0 | L338: 0 | M338: 0 | N338: 0 | O338: 0 | P338: 0 | Q338: 0 | R338: 0 | S338: 0 | T338: 0 | U338: 0 | V338: 0.069333333 | W338: 0.0051666667 | X338: 0 | Y338: 0 | Z338: 0 | AA338: 0 | AB338: 0 | AC338: =SUM(E338:AB338) -> 0.0745
...

Sheet Acumulado-Anual-Eólico
B2: RESUMEN DE CURTAILMENTS ACUMULADO DE CENTRALES EÓLICAS CORRESPONDIENTE AL AÑO 2022 (MWh)
B5: Desglose diario/mensual aumulado de curtailments de energía Eólica
B7: 44562
B9: Central / Día | E9: 44562 | F9: =E9+1 -> 44563 | G9: =F9+1 -> 44564 | H9: =G9+1 -> 44565 | I9: =H9+1 -> 44566 | J9: =I9+1 -> 44567 | K9: =J9+1 -> 44568 | L9: =K9+1 -> 44569 | M9: =L9+1 -> 44570 | ... AI9: =AH9+1 -> 44592 | AJ9: Total
B10: Total | E10: =SUM(E11:E47) -> 5534.6365 | F10: =SUM(F11:F47) -> 5449.3832 | G10: =SUM(G11:G47) -> 582.06317 | H10: =SUM(H11:H47) -> 2478.4272 | I10: =SUM(I11:I47) -> 2233.1848 | J10: =SUM(J11:J47) -> 2271.0747 | K10: =SUM(K11:K47) -> 457.4755 | L10: =SUM(L11:L47) -> 99.093667 | ... AI10: =SUM(AI11:AI47) -> 72.604667 | AJ10: =SUM(AJ11:AL47) -> 53154.253
B11: PE-TCHAMMA | E11: 40.035667 | F11: 238.97183 | G11: 44.0795 | H11: 18.868333 | I11: 92.931333 | J11: 56.291833 | K11: 1.7065 | L11: 0 | M11: 0.41183333 | N11: 0 | O11: 199.435 | P11: 0 | Q11: 0 | R11: 0 | S11: 0 | T11: 98.387333 | U11: 7.234 | V11: 10.3115 | W11: 30.728667 | X11: 13.649833 | Y11: 0 | Z11: 3.8051667 | AA11: 6.6075 | AB11: 0 | AC11: 0 | AD11: 0 | AE11: 0 | AF11: 96.722167 | AG11: 45.759 | AH11: 197.9975 | AI11: 0 | AJ11: =SUM(E11:AI11) -> 1203.9345
B12: PE-SIERRAGORDA | E12: 375.948 | F12: 243.93717 | G12: 90.725167 | H12: 340.09767 | I12: 397.41817 | J12: 367.01133 | K12: 141.34583 | L12: 0 | M12: 58.5055 | N12: 0 | O12: 137.362 | P12: 211.9025 | Q12: 262.27633 | R12: 4.4561667 | S12: 210.32917 | T12: 192.63317 | U12: 287.8905 | V12: 177.4975 | W12: 304.62783 | X12: 382.69567 | Y12: 344.20367 | Z12: 70.681167 | AA12: 209.16133 | AB12: 0 | AC12: 0 | AD12: 167.22183 | AE12: 202.269 | AF12: 266.57583 | AG12: 305.3085 | AH12: 364.59283 | AI12: 0 | AJ12: =SUM(E12:AI12) -> 6116.6738
B13: PE-VALLEDELOSVIENTOS | E13: 131.81 | F13: 87.025167 | G13: 82.388667 | H13: 35.1175 | I13: 51.385667 | J13: 40.4655 | K13: 96.599333 | L13: 69.482167 | M13: 100.3095 | N13: 2.112 | O13: 43.519333 | P13: 0.088166667 | Q13: 40.813833 | R13: 28.809833 | S13: 70.495833 | T13: 46.288333 | U13: 113.36117 | V13: 50.753667 | W13: 90.77 | X13: 42.303833 | Y13: 44.485833 | Z13: 23.359 | AA13: 65.468 | AB13: 56.177333 | AC13: 69.392833 | AD13: 51.367833 | AE13: 46.691167 | AF13: 27.381667 | AG13: 34.549333 | AH13: 78.553667 | AI13: 66.0875 | AJ13: =SUM(E13:AI13) -> 1787.4137
B14: PE-CERROTIGRE * | E14: 0 | F14: 0 | G14: 0 | H14: 0 | I14: 0 | J14: 0 | K14: 0 | L14: 0 | M14: 0 | N14: 0 | O14: 0 | P14: 0 | Q14: 0 | R14: 0 | S14: 0 | T14: 0 | U14: 0 | V14: 0 | W14: 0 | X14: 0 | Y14: 0 | Z14: 0 | AA14: 0 | AB14: 0 | AC14: 0 | AD14: 0 | AE14: 0 | AF14: 0 | AG14: 0 | AH14: 0 | AI14: 0 | AJ14: =SUM(E14:AI14) -> 0
B15: PE-CALAMA | E15: 70.6495 | F15: 20.817833 | G15: 15.963 | H15: 2.0201667 | I15: 22.887 | J15: 45.043333 | K15: 11.348333 | L15: 29.603 | M15: 22.87 | N15: 10.672167 | O15: 100.96017 | P15: 199.60167 | Q15: 59.336833 | R15: 16.512833 | S15: 57.215833 | T15: 81.5255 | U15: 131.01317 | V15: 9.5638333 | W15: 1.2778333 | X15: 139.30817 | Y15: 56.418333 | Z15: 0 | AA15: 1.8776667 | AB15: 30.701333 | AC15: 18.668 | AD15: 8.4916667 | AE15: 2.4348333 | AF15: 184.80717 | AG15: 212.745 | AH15: 31.3865 | AI15: 2.6051667 | AJ15: =SUM(E15:AI15) -> 1598.3258
B16: PE-TALTAL | E16: 0 | F16: 43.195167 | G16: 66.6805 | H16: 123.75133 | I16: 181.06833 | J16: 88.691333 | K16: 24.324833 | L16: 0.0085 | M16: 3.4371667 | N16: 7.3858333 | O16: 32.481667 | P16: 122.97517 | Q16: 96.214833 | R16: 0.47916667 | S16: 11.572833 | T16: 0 | U16: 58.354667 | V16: 30.989667 | W16: 15.637333 | X16: 170.95383 | Y16: 240.14933 | Z16: 113.98367 | AA16: 115.09317 | AB16: 0 | AC16: 16.096 | AD16: 48.376667 | AE16: 50.386333 | AF16: 113.70933 | AG16: 13.944667 | AH16: 32.6615 | AI16: 3.912 | AJ16: =SUM(E16:AI16) -> 1826.5148
B17: PE-SARCO | E17: 496.5445 | F17: 373.91633 | G17: 5.3935 | H17: 47.887333 | I17: 217.99767 | J17: 245.04833 | K17: 0 | L17: 0 | M17: 2.4915 | N17: 0 | O17: 147.16833 | P17: 397.95833 | Q17: 639.96 | R17: 0 | S17: 0 | T17: 195.24167 | U17: 181.63667 | V17: 7.2618333 | W17: 248.56217 | X17: 186.42933 | Y17: 24.848 | Z17: 55.175167 | AA17: 77.1005 | AB17: 0 | AC17: 0 | AD17: 88.676167 | AE17: 27.773 | AF17: 17.172333 | AG17: 259.92667 | AH17: 233.47783 | AI17: 0 | AJ17: =SUM(E17:AI17) -> 4177.6472
B18: PE-CABOLEONES-1 | E18: 290.31783 | F18: 408.905 | G18: 2.5895 | H18: 202.36883 | I18: 215.2715 | J18: 195.493 | K18: 10.502667 | L18: 0 | M18: 5.4266667 | N18: 0 | O18: 7.8396667 | P18: 4.1816667 | Q18: 225.81833 | R18: 0 | S18: 65.135 | T18: 196.21317 | U18: 99.672167 | V18: 0 | W18: 118.21667 | X18: 189.73517 | Y18: 109.20433 | Z18: 115.606 | AA18: 88.962167 | AB18: 0 | AC18: 0 | AD18: 52.345 | AE18: 62.1355 | AF18: 12.317833 | AG18: 226.15367 | AH18: 44.2625 | AI18: 0 | AJ18: =SUM(E18:AI18) -> 2948.6738
B19: PE-CABOLEONES-2 | E19: 460.74117 | F19: 528.59033 | G19: 71.992667 | H19: 255.079 | I19: 205.59167 | J19: 306.03883 | K19: 20.150667 | L19: 0 | M19: 0.55483333 | N19: 0 | O19: 17.580833 | P19: 28.493667 | Q19: 354.31833 | R19: 0 | S19: 140.24717 | T19: 286.60783 | U19: 484.24733 | V19: 0 | W19: 344.87517 | X19: 719.07317 | Y19: 173.55517 | Z19: 100.26183 | AA19: 177.6045 | AB19: 0 | AC19: 0 | AD19: 69.4375 | AE19: 75.662333 | AF19: 93.159833 | AG19: 258.42667 | AH19: 134.9545 | AI19: 0 | AJ19: =SUM(E19:AI19) -> 5307.245
B20: PE-CABOLEONES-3 | E20: 729.52833 | F20: 621.62717 | G20: 87.560333 | H20: 385.92467 | I20: 330.81217 | J20: 405.0295 | K20: 104.94183 | L20: 0 | M20: 12.820667 | N20: 0 | O20: 91.9075 | P20: 89.5795 | Q20: 443.3745 | R20: 24.539667 | S20: 233.32833 | T20: 349.04183 | U20: 271.312 | V20: 8.2663333 | W20: 301.0975 | X20: 419.72217 | Y20: 164.05017 | Z20: 284.9085 | AA20: 421.679 | AB20: 0 | AC20: 0 | AD20: 144.30967 | AE20: 222.4305 | AF20: 290.94233 | AG20: 464.91667 | AH20: 441.128 | AI20: 0 | AJ20: =SUM(E20:AI20) -> 7344.7788
B21: PE-SANJUAN | E21: 691.9525 | F21: 474.511 | G21: 1.012 | H21: 93.547333 | I21: 87.821833 | J21: 62.3855 | K21: 0 | L21: 0 | M21: 15.0355 | N21: 0 | O21: 0 | P21: 0 | Q21: 24.5395 | R21: 0 | S21: 99.821833 | T21: 431.03217 | U21: 169.87783 | V21: 0 | W21: 127.27383 | X21: 211.62483 | Y21: 147.27183 | Z21: 58.9085 | AA21: 25.734833 | AB21: 0 | AC21: 0 | AD21: 110.15867 | AE21: 54.096333 | AF21: 24.483333 | AG21: 318.58233 | AH21: 202.51867 | AI21: 0 | AJ21: =SUM(E21:AI21) -> 3432.1902
B22: PE-PUNTACOLORADA | E22: 42.212167 | F22: 40.655167 | G22: 0 | H22: 30.16 | I22: 32.492167 | J22: 25.644167 | K22: 9.1128333 | L22: 0 | M22: 9.2695 | N22: 0 | O22: 8.7263333 | P22: 20.115 | Q22: 25.0035 | R22: 2.4516667 | S22: 10.516667 | T22: 9.3833333 | U22: 10.060833 | V22: 6.3933333 | W22: 8.2075 | X22: 6.5158333 | Y22: 7.3475 | Z22: 15.286167 | AA22: 7.8675 | AB22: 0 | AC22: 0 | AD22: 10.080667 | AE22: 4.0606667 | AF22: 17.107167 | AG22: 17.454833 | AH22: 23.018833 | AI22: 0 | AJ22: =SUM(E22:AI22) -> 399.14333
... B47: PE-ALENA | E47: 231.824 | F47: 261.65733 | G47: 0 | H47: 0 | I47: 0 | J47: 0 | K47: 0 | L47: 0 | M47: 0 | N47: 0 | O47: 0 | P47: 0 | Q47: 0 | R47: 0 | S47: 53.079333 | T47: 0 | U47: 4.7955 | V47: 0 | W47: 0 | X47: 1.2688333 | Y47: 0 | Z47: 0 | AA47: 0 | AB47: 0 | AC47: 0 | AD47: 0 | AE47: 0 | AF47: 0 | AG47: 0 | AH47: 14.089 | AI47: 0 | AJ47: =SUM(E47:AI47) -> 566.714

Sheet Acumulado-Anual-Solar
B2: RESUMEN DE CURTAILMENTS ACUMULADO DE CENTRALES SOLARES CORRESPONDIENTE AL AÑO 2022 (MWh)
B5: Desglose diario/mensual aumulado de curtailments de energía Solar.
B7: 44562
B9: Central / Día | E9: 44562 | F9: =E9+1 -> 44563 | G9: =F9+1 -> 44564 | H9: =G9+1 -> 44565 | I9: =H9+1 -> 44566 | J9: =I9+1 -> 44567 | K9: =J9+1 -> 44568 | L9: =K9+1 -> 44569 | M9: =L9+1 -> 44570 | ... AI9: =AH9+1 -> 44592 | AJ9: Total
B10: Total | E10: =SUM(E11:E59) -> 5637.6028 | F10: =SUM(F11:F59) -> 4370.6822 | G10: =SUM(G11:G59) -> 483.3605 | H10: =SUM(H11:H59) -> 2516.4855 | I10: =SUM(I11:I59) -> 2837.8305 | J10: =SUM(J11:J59) -> 1484.8965 | K10: =SUM(K11:K59) -> 453.25483 | L10: =SUM(L11:L59) -> 355.5485 | ... AI10: =SUM(AI11:AI59) -> 482.02283 | AJ10: =SUM(AJ11:AK59) -> 43442.221
B11: PFV-POZOALMONTE-2 | E11: 6.4098333 | F11: 6.0046667 | G11: 0.97666667 | H11: 5.5136667 | I11: 7.4816667 | J11: 0.48916667 | K11: 0.0745 | L11: 0 | M11: 0.2995 | N11: 0 | O11: 0 | P11: 0.64983333 | Q11: 2.3038333 | R11: 0 | S11: 0 | T11: 1.0166667 | U11: 0.026166667 | V11: 0.5725 | W11: 0.44566667 | X11: 0 | Y11: 0 | Z11: 2.3913333 | AA11: 0.20516667 | AB11: 0 | AC11: 0 | AD11: 0.022 | AE11: 1.2658333 | AF11: 0.087333333 | AG11: 7.3616667 | AH11: 4.2343333 | AI11: 0 | AJ11: =SUM(E11:AI11) -> 47.832
B12: PFV-POZOALMONTE-3 | E12: 7.9505 | F12: 5.0803333 | G12: 0.179 | H12: 8.9066667 | I12: 19.514667 | J12: 0.71433333 | K12: 0.7055 | L12: 0 | M12: 0.20266667 | N12: 0 | O12: 0.51216667 | P12: 2.062 | Q12: 4.9898333 | R12: 1.0831667 | S12: 1.3455 | T12: 0.16716667 | U12: 0 | V12: 0 | W12: 0 | X12: 0 | Y12: 0 | Z12: 0 | AA12: 3.3101667 | AB12: 0 | AC12: 0 | AD12: 0.19466667 | AE12: 3.3141667 | AF12: 6.6795 | AG12: 5.1121667 | AH12: 7.0381667 | AI12: 0 | AJ12: =SUM(E12:AI12) -> 79.062333
B13: PFV-LAHUAYCA-2 | E13: 33.761833 | F13: 32.543 | G13: 0.5705 | H13: 16.7035 | I13: 19.068 | J13: 0.80266667 | K13: 0.27 | L13: 0 | M13: 0.017 | N13: 0 | O13: 5.3516667 | P13: 25.206167 | Q13: 12.7305 | R13: 1.717 | S13: 0.7455 | T13: 3.077 | U13: 0.86883333 | V13: 0 | W13: 19.86 | X13: 26.492833 | Y13: 0 | Z13: 0.57016667 | AA13: 9.5323333 | AB13: 0 | AC13: 0 | AD13: 0 | AE13: 5.4583333 | AF13: 1.9133333 | AG13: 2.3501667 | AH13: 54.038167 | AI13: 0 | AJ13: =SUM(E13:AI13) -> 273.6485
B14: PFV-SANTAISABEL | E14: 637.85033 | F14: 130.4355 | G14: 0 | H14: 48.374667 | I14: 93.350833 | J14: 20.537833 | K14: 0 | L14: 0 | M14: 0.028333333 | N14: 0 | O14: 21.919 | P14: 3.3483333 | Q14: 15.184333 | R14: 0 | S14: 1.488 | T14: 4.6251667 | U14: 6.378 | V14: 0.3155 | W14: 0.025833333 | X14: 9.2688333 | Y14: 0 | Z14: 0 | AA14: 358.992 | AB14: 0 | AC14: 0 | AD14: 0 | AE14: 2.58 | AF14: 1.7925 | AG14: 0.17016667 | AH14: 35.794333 | AI14: 0 | AJ14: =SUM(E14:AI14) -> 1392.4595
B15: PFV-HUATACONDO | E15: 90.176 | F15: 36.588 | G15: 3.3573333 | H15: 54.7005 | I15: 78.878833 | J15: 13.0155 | K15: 54.052167 | L15: 2.2356667 | M15: 15.131667 | N15: 45.353833 | O15: 121.268 | P15: 22.125833 | Q15: 81.832167 | R15: 0 | S15: 0.221 | T15: 31.618667 | U15: 32.6585 | V15: 14.874833 | W15: 42.9385 | X15: 3.6 | Y15: 56.0025 | Z15: 0 | AA15: 25.285 | AB15: 0.46533333 | AC15: 0 | AD15: 31.162 | AE15: 42.586333 | AF15: 0.073333333 | AG15: 66.583 | AH15: 8.446 | AI15: 0 | AJ15: =SUM(E15:AI15) -> 975.2305
B16: PFV-ATACAMASOLAR-2 | E16: 75.845333 | F16: 10.090833 | G16: 0 | H16: 7.9671667 | I16: 19.190667 | J16: 0 | K16: 21.997833 | L16: 0 | M16: 0 | N16: 0 | O16: 3.7576667 | P16: 27.141667 | Q16: 102.85933 | R16: 2.1695 | S16: 0 | T16: 0.52716667 | U16: 2.1545 | V16: 0 | W16: 0 | X16: 2.0243333 | Y16: 0.034166667 | Z16: 0 | AA16: 6.7291667 | AB16: 0 | AC16: 0 | AD16: 0.028166667 | AE16: 42.126 | AF16: 18.498 | AG16: 0 | AH16: 0 | AI16: 0 | AJ16: =SUM(E16:AI16) -> 343.1415
B17: PFV-NUEVOQUILLAGUA | E17: 275.15017 | F17: 202.304 | G17: 6.084 | H17: 58.896833 | I17: 81.192833 | J17: 50.307833 | K17: 54.652833 | L17: 45.7735 | M17: 23.054333 | N17: 0.1455 | O17: 116.03533 | P17: 39.385833 | Q17: 2.7796667 | R17: 13.005833 | S17: 0.56616667 | T17: 45.0905 | U17: 15.523833 | V17: 11.162167 | W17: 8.795 | X17: 0.0048333333 | Y17: 67.718833 | Z17: 111.32633 | AA17: 119.312 | AB17: 0.41133333 | AC17: 0.42733333 | AD17: 26.536333 | AE17: 48.6005 | AF17: 61.264167 | AG17: 92.104333 | AH17: 63.8145 | AI17: 14.481167 | AJ17: =SUM(E17:AI17) -> 1655.9078
B18: PFV-GRANJA | E18: 72.896333 | F18: 44.234 | G18: 0 | H18: 33.3755 | I18: 60.0965 | J18: 0 | K18: 2.6935 | L18: 0 | M18: 0 | N18: 0 | O18: 13.237333 | P18: 54.544667 | Q18: 135.55533 | R18: 0.72883333 | S18: 0 | T18: 0 | U18: 0.020666667 | V18: 1.8473333 | W18: 0 | X18: 7.2875 | Y18: 0 | Z18: 0.034666667 | AA18: 32.744667 | AB18: 0 | AC18: 0 | AD18: 3.2745 | AE18: 12.188833 | AF18: 8.0225 | AG18: 1.3175 | AH18: 45.874 | AI18: 0 | AJ18: =SUM(E18:AI18) -> 529.97417
B19: PFV-USYA | E19: 120.39 | F19: 64.603833 | G19: 70.936667 | H19: 105.713 | I19: 79.2085 | J19: 47.313167 | K19: 96.404667 | L19: 78.159 | M19: 43.289 | N19: 78.276833 | O19: 99.849667 | P19: 30.3985 | Q19: 37.3545 | R19: 62.285833 | S19: 78.7175 | T19: 77.759167 | U19: 60.681333 | V19: 120.89517 | W19: 33.880667 | X19: 13.145833 | Y19: 25.633667 | Z19: 48.655167 | AA19: 28.4545 | AB19: 55.062333 | AC19: 59.8805 | AD19: 44.862667 | AE19: 8.7906667 | AF19: 31.473 | AG19: 46.997833 | AH19: 77.736667 | AI19: 85.873667 | AJ19: =SUM(E19:AI19) -> 1912.6835
B20: PFV-SANPEDRO-GPG | E20: 134.54617 | F20: 212.428 | G20: 67.772 | H20: 142.22517 | I20: 117.4485 | J20: 55.668167 | K20: 48.343667 | L20: 114.31183 | M20: 94.6445 | N20: 234.5245 | O20: 7.8305 | P20: 78.643 | Q20: 137.10317 | R20: 75.624833 | S20: 174.639 | T20: 79.991 | U20: 4.8996667 | V20: 127.13383 | W20: 52.67 | X20: 86.266667 | Y20: 74.924667 | Z20: 107.77633 | AA20: 121.34583 | AB20: 64.6565 | AC20: 21.404 | AD20: 65.704 | AE20: 132.52333 | AF20: 0.033333333 | AG20: 64.122833 | AH20: 68.991333 | AI20: 119.192 | AJ20: =SUM(E20:AI20) -> 2887.3883
B21: PFV-JAMA-1 | E21: 31.439667 | F21: 80.259 | G21: 51.121667 | H21: 67.513 | I21: 52.058333 | J21: 45.5555 | K21: 31.9695 | L21: 25.806333 | M21: 26.2355 | N21: 61.258 | O21: 19.344667 | P21: 82.836667 | Q21: 35.419 | R21: 26.236667 | S21: 41.978833 | T21: 33.835833 | U21: 81.554167 | V21: 5.1593333 | W21: 30.441667 | X21: 13.222667 | Y21: 13.572333 | Z21: 15.507333 | AA21: 9.531 | AB21: 14.697667 | AC21: 9.9143333 | AD21: 39.4575 | AE21: 10.228833 | AF21: 21.002333 | AG21: 54.859167 | AH21: 27.6945 | AI21: 82.957333 | AJ21: =SUM(E21:AI21) -> 1142.6683
B22: PFV-JAMA-2 | E22: 28.039667 | F22: 67.776667 | G22: 44.8965 | H22: 48.255167 | I22: 43.457833 | J22: 31.1985 | K22: 34.946667 | L22: 24.096167 | M22: 23.009 | N22: 41.4555 | O22: 16.943 | P22: 0.080166667 | Q22: 26.897833 | R22: 22.5955 | S22: 32.615833 | T22: 30.437667 | U22: 15.577833 | V22: 0 | W22: 28.316833 | X22: 13.726667 | Y22: 14.728833 | Z22: 14.334 | AA22: 11.376167 | AB22: 14.694333 | AC22: 12.557833 | AD22: 21.869167 | AE22: 12.63 | AF22: 14.1875 | AG22: 41.118167 | AH22: 30.774333 | AI22: 2.4695 | AJ22: =SUM(E22:AI22) -> 765.06283
... B59: PFV-PUERTOSECO | E59: 22.561 | F59: 22.545667 | G59: 21.310833 | H59: 24.752667 | I59: 23.336 | J59: 15.970167 | K59: 14.125333 | L59: 4.8315 | M59: 0.146 | N59: 1.3981667 | O59: 1.209 | P59: 8.1535 | Q59: 10.2825 | R59: 6.8781667 | S59: 4.6915 | T59: 0.39033333 | U59: 6.2221667 | V59: 6.6408333 | W59: 8.0445 | X59: 0.089 | Y59: 2.8138333 | Z59: 14.2285 | AA59: 1.4015 | AB59: 0.86566667 | AC59: 2.6078333 | AD59: 12.402333 | AE59: 4.4113333 | AF59: 4.4925 | AG59: 5.4521667 | AH59: 16.165167 | AI59: 0 | AJ59: =SUM(E59:AI59) -> 268.41967
