Workbook

Sheet Resumen-Mensual
B2: RESUMEN DE CURTAILMENTS ACUMULADO DE CENTRALES EÓLICAS, SOLARES HIDRÁULICAS DE PASADA, EMBALSES Y SERIES HÍDRICAS AÑO 2025
C4: Resumen Anual / Mensual (GWh)
C6: Acumulado 2025
B7: Eólica | C7: =SUM(C14,F14,I14,L14,O14,R14,U14,X14,AA14,AD14,AG14,AJ14) -> 1157.2196 | E7: =IF($C$11=0,"-",+C7/$C$11) -> 0.25378033
B8: Solar | C8: =SUM(C15,F15,I15,L15,O15,R15,U15,X15,AA15,AD15,AG15,AJ15) -> 3286.6921 | E8: =IF($C$11=0,"-",+C8/$C$11) -> 0.72077748 | Y8: =+AJ87/1000-X15 -> 183.85022
B9: Hidro Pasada | C9: =SUM(C16,F16,I16,L16,O16,R16,U16,X16,AA16,AD16,AG16,AJ16) -> 101.92648 | E9: =IF($C$11=0,"-",+C9/$C$11) -> 0.02235266
B10: Hidro Embalse | C10: =SUM(C17,F17,I17,L17,O17,R17,U17,X17,AA17,AD17,AG17,AJ17) -> 14.088062 | E10: =IF($C$11=0,"-",+C10/$C$11) -> 0.0030895372
B11: Total | C11: =SUM(C7:C10) -> 4559.9263 | E11: =SUM(E7:E10) -> 1
C13: 45658 | F13: 45689 | I13: 45717 | L13: 45748 | O13: 45778 | R13: 45809 | U13: 45839 | X13: 45870 | AA13: 45901 | AD13: 45931 | AG13: 45962 | AJ13: 45992
B14: Eólica | C14: ='Acumulado-Anual-Eólico'!AJ10/1000 -> 147.02888 | E14: =IF($C$18=0,"-",+C14/$C$18) -> 0.22184096 | F14: ='Acumulado-Anual-Eólico'!AJ65/1000 -> 100.28563 | H14: =IF($F$18=0,"-",+F14/$F$18) -> 0.23812007 | I14: ='Acumulado-Anual-Eólico'!$AJ$120/1000 -> 121.00713 | K14: =IF($I$18=0,"-",+I14/$I$18) -> 0.2223667 | L14: ='Acumulado-Anual-Eólico'!AJ175/1000 -> 65.27924 | N14: =IF($L$18=0,"-",+L14/$L$18) -> 0.19569124 | O14: =+'Acumulado-Anual-Eólico'!AJ231/1000 -> 44.241988 | Q14: =IF($O$18=0,"-",+O14/$O$18) -> 0.23459099 | R14: ='Acumulado-Anual-Eólico'!$AJ$287/1000 -> 69.493758 | T14: =IF($R$18=0,"-",+R14/$R$18) -> 0.2403998 | U14: ='Acumulado-Anual-Eólico'!AJ343/1000 -> 67.553137 | W14: =IF($U$18=0,"-",+U14/$U$18) -> 0.27546315 | X14: =+'Acumulado-Anual-Eólico'!AJ400/1000 -> 151.15361 | Z14: =IF($X$18=0,"-",+X14/$X$18) -> 0.30070643 | AA14: ='Acumulado-Anual-Eólico'!$AJ$459/1000 -> 182.70199 | AC14: =IF($AA$18=0,"-",+AA14/$AA$18) -> 0.29740694 | AD14: ='Acumulado-Anual-Eólico'!$AJ$518/1000 -> 208.47422 | AF14: =IF($AD$18=0,"-",+AD14/$AD$18) -> 0.27490079 | AG14: 0 | AI14: =IF($AG$18=0,"-",+AG14/$AG$18) -> - | AJ14: 0 | AL14: =IF($AJ$18=0,"-",+AJ14/$AJ$18) -> -
B15: Solar | C15: ='Acumulado-Anual-Solar'!AJ10/1000 -> 494.3341 | E15: =IF($C$18=0,"-",+C15/$C$18) -> 0.74586401 | F15: ='Acumulado-Anual-Solar'!AJ84/1000 -> 311.23959 | H15: =IF($F$18=0,"-",+F15/$F$18) -> 0.73901313 | I15: ='Acumulado-Anual-Solar'!$AJ$158/1000 -> 415.98783 | K15: =IF($I$18=0,"-",+I15/$I$18) -> 0.76443301 | L15: ='Acumulado-Anual-Solar'!AJ232/1000 -> 266.28583 | N15: =IF($L$18=0,"-",+L15/$L$18) -> 0.79825998 | O15: =+'Acumulado-Anual-Solar'!AJ308/1000 -> 142.0184 | Q15: =IF($O$18=0,"-",+O15/$O$18) -> 0.75304566 | R15: ='Acumulado-Anual-Solar'!AJ384/1000 -> 218.23988 | T15: =IF($R$18=0,"-",+R15/$R$18) -> 0.75495734 | U15: =+'Acumulado-Anual-Solar'!AJ460/1000 -> 174.50246 | W15: =IF($U$18=0,"-",+U15/$U$18) -> 0.7115731 | X15: =+'Acumulado-Anual-Solar'!AJ536/1000 -> 336.60074 | Z15: =IF($X$18=0,"-",+X15/$X$18) -> 0.6696367 | AA15: ='Acumulado-Anual-Solar'!$AJ$612/1000 -> 407.03238 | AC15: =IF($AA$18=0,"-",+AA15/$AA$18) -> 0.66257764 | AD15: ='Acumulado-Anual-Solar'!$AJ$688/1000 -> 520.45095 | AF15: =IF($AD$18=0,"-",+AD15/$AD$18) -> 0.68628333 | AG15: 0 | AI15: =IF($AG$18=0,"-",+AG15/$AG$18) -> - | AJ15: 0 | AL15: =IF($AJ$18=0,"-",+AJ15/$AJ$18) -> -
B16: Hidro Pasada | C16: =+'Acumulado-Anual-HP'!AJ11/1000 -> 20.43018 | E16: =IF($C$18=0,"-",+C16/$C$18) -> 0.030825581 | F16: =+'Acumulado-Anual-HP'!AJ152/1000 -> 8.6135453 | H16: =IF($F$18=0,"-",+F16/$F$18) -> 0.020452164 | I16: ='Acumulado-Anual-HP'!AJ293/1000 -> 7.18331 | K16: =IF($I$18=0,"-",+I16/$I$18) -> 0.013200288 | L16: ='Acumulado-Anual-HP'!AJ434/1000 -> 2.0177691 | N16: =IF($L$18=0,"-",+L16/$L$18) -> 0.0060487797 | O16: =+'Acumulado-Anual-HP'!AJ575/1000 -> 2.3316291 | Q16: =IF($O$18=0,"-",+O16/$O$18) -> 0.01236335 | R16: ='Acumulado-Anual-HP'!$AJ$716/1000 -> 1.3421382 | T16: =IF($R$18=0,"-",+R16/$R$18) -> 0.0046428596 | U16: ='Acumulado-Anual-HP'!AJ859/1000 -> 3.1791624 | W16: =IF($U$18=0,"-",+U16/$U$18) -> 0.012963751 | X16: ='Acumulado-Anual-HP'!$AJ$1002/1000 -> 14.225515 | Z16: =IF($X$18=0,"-",+X16/$X$18) -> 0.028300375 | AA16: ='Acumulado-Anual-HP'!$AJ$1145/1000 -> 19.130508 | AC16: =IF($AA$18=0,"-",+AA16/$AA$18) -> 0.031141127 | AD16: ='Acumulado-Anual-HP'!$AJ$1288/1000 -> 23.472725 | AF16: =IF($AD$18=0,"-",+AD16/$AD$18) -> 0.030951889 | AG16: 0 | AI16: =IF($AG$18=0,"-",+AG16/$AG$18) -> - | AJ16: 0 | AL16: =IF($AJ$18=0,"-",+AJ16/$AJ$18) -> -
B17: Hidro Embalse | C17: ='Acumulado-Anual-HE'!AJ10/1000 -> 0.97390005 | E17: =IF($C$18=0,"-",+C17/$C$18) -> 0.0014694455 | F17: =+'Acumulado-Anual-HE'!AJ44/1000 -> 1.0169386 | H17: =IF($F$18=0,"-",+F17/$F$18) -> 0.0024146381 | I17: ='Acumulado-Anual-HE'!AJ78 -> 0 | K17: =IF($I$18=0,"-",+I17/$I$18) -> 0 | L17: ='Acumulado-Anual-HE'!AJ112 -> 0 | N17: =IF($L$18=0,"-",+L17/$L$18) -> 0 | O17: =+'Acumulado-Anual-HE'!AJ146/1000 -> 0 | Q17: =IF($O$18=0,"-",+O17/$O$18) -> 0 | R17: ='Acumulado-Anual-HE'!$AJ$180 -> 0 | T17: =IF($R$18=0,"-",+R17/$R$18) -> 0 | U17: =+'Acumulado-Anual-HE'!AJ214/1000 -> 0 | W17: =IF($U$18=0,"-",+U17/$U$18) -> 0 | X17: ='Acumulado-Anual-HE'!$AJ$248/1000 -> 0.68185328 | Z17: =IF($X$18=0,"-",+X17/$X$18) -> 0.0013564854 | AA17: ='Acumulado-Anual-HE'!$AJ$282/1000 -> 5.4516235 | AC17: =IF($AA$18=0,"-",+AA17/$AA$18) -> 0.0088742912 | AD17: ='Acumulado-Anual-HE'!$AJ$316/1000 -> 5.9637463 | AF17: =IF($AD$18=0,"-",+AD17/$AD$18) -> 0.0078639874 | AG17: 0 | AI17: =IF($AG$18=0,"-",+AG17/$AG$18) -> - | AJ17: 0 | AL17: =IF($AJ$18=0,"-",+AJ17/$AJ$18) -> -
B18: Total | C18: =SUM(C14:D17) -> 662.76706 | E18: =SUM(E14:E17) -> 1 | F18: =SUM(F14:G17) -> 421.1557 | H18: =SUM(H14:H17) -> 1 | I18: =SUM(I14:I17) -> 544.17827 | K18: =SUM(K14:K17) -> 1 | L18: =SUM(L14:L17) -> 333.58284 | N18: =SUM(N14:N17) -> 1 | O18: =SUM(O14:O17) -> 188.59202 | Q18: =SUM(Q14:Q17) -> 1 | R18: =SUM(R14:R17) -> 289.07578 | T18: =SUM(T14:T17) -> 1 | U18: =SUM(U14:U17) -> 245.23476 | W18: =SUM(W14:W17) -> 1 | X18: =SUM(X14:X17) -> 502.66172 | Z18: =SUM(Z14:Z17) -> 1 | AA18: =SUM(AA14:AA17) -> 614.3165 | AC18: =SUM(AC14:AC17) -> 1 | AD18: =SUM(AD14:AD17) -> 758.36164 | AF18: =SUM(AF14:AF17) -> 1 | AG18: =SUM(AG14:AG17) -> 0 | AI18: =SUM(AI14:AI17) -> 0 | AJ18: =SUM(AJ14:AJ17) -> 0 | AL18: =SUM(AL14:AL17) -> 0
B21: RESUMEN DE CURTAILMENTS CENTRALES EÓLICAS, SOLARES, HIDRÁULICAS DE PASADA, EMBALSES Y SERIES HÍDRICAS CORRESPONDIENTE A OCTUBRE 2025 (MWh)
B24: DESGLOSE DIARIO DE CURTAILMENTS DE ENERGÍA EÓLICA
B26: Central / Día | E26: 45931 | F26: =+E26+1 -> 45932 | G26: =+F26+1 -> 45933 | H26: =+G26+1 -> 45934 | I26: =+H26+1 -> 45935 | J26: =+I26+1 -> 45936 | K26: =+J26+1 -> 45937 | L26: =+K26+1 -> 45938 | M26: =+L26+1 -> 45939 | ... AI26: =+AH26+1 -> 45961 | AJ26: Total
B27: Total | E27: =SUM(E28:E81) -> 5511.0457 | F27: =SUM(F28:F81) -> 2682.814 | G27: =SUM(G28:G81) -> 5126.3706 | H27: =SUM(H28:H81) -> 4962.0839 | I27: =SUM(I28:I81) -> 7325.7052 | J27: =SUM(J28:J81) -> 8778.8924 | K27: =SUM(K28:K81) -> 9567.5687 | L27: =SUM(L28:L81) -> 7346.5503 | ... AI27: =SUM(AI28:AI81) -> 10461.931 | AK27: =SUM(AK28:AK81) -> 208474.22
B28: PE-TCHAMMA | E28: ='Resumen-DiarioHorario-Eólico'!AD8 -> 188.26683 | F28: ='Resumen-DiarioHorario-Eólico'!AD68 -> 60.774333 | G28: ='Resumen-DiarioHorario-Eólico'!AD128 -> 97.160167 | H28: ='Resumen-DiarioHorario-Eólico'!AD188 -> 115.36917 | I28: ='Resumen-DiarioHorario-Eólico'!AD248 -> 81.9515 | J28: ='Resumen-DiarioHorario-Eólico'!AD308 -> 166.658 | K28: ='Resumen-DiarioHorario-Eólico'!AD368 -> 115.44083 | L28: ='Resumen-DiarioHorario-Eólico'!AD428 -> 187.29567 | M28: ='Resumen-DiarioHorario-Eólico'!AD488 -> 237.90733 | N28: ='Resumen-DiarioHorario-Eólico'!AD548 -> 303.8465 | O28: ='Resumen-DiarioHorario-Eólico'!AD608 -> 304.09217 | P28: ='Resumen-DiarioHorario-Eólico'!AD668 -> 193.46517 | Q28: ='Resumen-DiarioHorario-Eólico'!AD728 -> 298.76633 | R28: ='Resumen-DiarioHorario-Eólico'!AD788 -> 218.8305 | S28: ='Resumen-DiarioHorario-Eólico'!AD848 -> 274.98083 | T28: ='Resumen-DiarioHorario-Eólico'!AD908 -> 306.8985 | U28: ='Resumen-DiarioHorario-Eólico'!AD968 -> 327.65117 | V28: ='Resumen-DiarioHorario-Eólico'!AD1028 -> 127.4255 | W28: ='Resumen-DiarioHorario-Eólico'!AD1088 -> 185.5535 | X28: ='Resumen-DiarioHorario-Eólico'!AD1148 -> 131.55267 | Y28: ='Resumen-DiarioHorario-Eólico'!AD1208 -> 208.30917 | Z28: ='Resumen-DiarioHorario-Eólico'!AD1268 -> 313.16733 | AA28: ='Resumen-DiarioHorario-Eólico'!AD1328 -> 328.323 | AB28: ='Resumen-DiarioHorario-Eólico'!AD1388 -> 265.175 | AC28: ='Resumen-DiarioHorario-Eólico'!AD1448 -> 195.088 | AD28: ='Resumen-DiarioHorario-Eólico'!AD1508 -> 143.0985 | AE28: ='Resumen-DiarioHorario-Eólico'!AD1568 -> 277.46533 | AF28: ='Resumen-DiarioHorario-Eólico'!AD1627 -> 226.85817 | AG28: ='Resumen-DiarioHorario-Eólico'!AD1686 -> 306.227 | AH28: =+'Resumen-DiarioHorario-Eólico'!AD1745 -> 273.70333 | AI28: =+'Resumen-DiarioHorario-Eólico'!AD1804 -> 156.4225 | AK28: =SUM(E28:AI28) -> 6617.724
B29: PE-SIERRAGORDA | E29: ='Resumen-DiarioHorario-Eólico'!AD9 -> 146.39433 | F29: ='Resumen-DiarioHorario-Eólico'!AD69 -> 113.47983 | G29: ='Resumen-DiarioHorario-Eólico'!AD129 -> 143.9025 | H29: ='Resumen-DiarioHorario-Eólico'!AD189 -> 64.988667 | I29: ='Resumen-DiarioHorario-Eólico'!AD249 -> 157.47967 | J29: ='Resumen-DiarioHorario-Eólico'!AD309 -> 87.841 | K29: ='Resumen-DiarioHorario-Eólico'!AD369 -> 217.61783 | L29: ='Resumen-DiarioHorario-Eólico'!AD429 -> 190.01317 | M29: ='Resumen-DiarioHorario-Eólico'!AD489 -> 0 | N29: ='Resumen-DiarioHorario-Eólico'!AD549 -> 0 | O29: ='Resumen-DiarioHorario-Eólico'!AD609 -> 0 | P29: ='Resumen-DiarioHorario-Eólico'!AD669 -> 0 | Q29: ='Resumen-DiarioHorario-Eólico'!AD729 -> 0 | R29: ='Resumen-DiarioHorario-Eólico'!AD789 -> 268.11183 | S29: ='Resumen-DiarioHorario-Eólico'!AD849 -> 252.66433 | T29: ='Resumen-DiarioHorario-Eólico'!AD909 -> 327.25617 | U29: ='Resumen-DiarioHorario-Eólico'!AD969 -> 283.82317 | V29: ='Resumen-DiarioHorario-Eólico'!AD1029 -> 212.7235 | W29: ='Resumen-DiarioHorario-Eólico'!AD1089 -> 131.6485 | X29: ='Resumen-DiarioHorario-Eólico'!AD1149 -> 105.794 | Y29: ='Resumen-DiarioHorario-Eólico'!AD1209 -> 65.942 | Z29: ='Resumen-DiarioHorario-Eólico'!AD1269 -> 105.37683 | AA29: ='Resumen-DiarioHorario-Eólico'!AD1329 -> 194.70483 | AB29: ='Resumen-DiarioHorario-Eólico'!AD1389 -> 109.46 | AC29: ='Resumen-DiarioHorario-Eólico'!AD1449 -> 199.62217 | AD29: ='Resumen-DiarioHorario-Eólico'!AD1509 -> 184.70867 | AE29: ='Resumen-DiarioHorario-Eólico'!AD1569 -> 129.65517 | AF29: ='Resumen-DiarioHorario-Eólico'!AD1628 -> 306.43567 | AG29: ='Resumen-DiarioHorario-Eólico'!AD1687 -> 182.83567 | AH29: =+'Resumen-DiarioHorario-Eólico'!AD1746 -> 225.696 | AI29: =+'Resumen-DiarioHorario-Eólico'!AD1805 -> 274.87483 | AK29: =SUM(E29:AI29) -> 4683.0503
B30: PE-VALLEDELOSVIENTOS | E30: ='Resumen-DiarioHorario-Eólico'!AD10 -> 284.344 | F30: ='Resumen-DiarioHorario-Eólico'!AD70 -> 167.59583 | G30: ='Resumen-DiarioHorario-Eólico'!AD130 -> 189.48867 | H30: ='Resumen-DiarioHorario-Eólico'!AD190 -> 195.165 | I30: ='Resumen-DiarioHorario-Eólico'!AD250 -> 168.01283 | J30: ='Resumen-DiarioHorario-Eólico'!AD310 -> 338.7175 | K30: ='Resumen-DiarioHorario-Eólico'!AD370 -> 270.2695 | L30: ='Resumen-DiarioHorario-Eólico'!AD430 -> 216.5705 | M30: ='Resumen-DiarioHorario-Eólico'!AD490 -> 199.7145 | N30: ='Resumen-DiarioHorario-Eólico'!AD550 -> 277.936 | O30: ='Resumen-DiarioHorario-Eólico'!AD610 -> 383.42833 | P30: ='Resumen-DiarioHorario-Eólico'!AD670 -> 371.42083 | Q30: ='Resumen-DiarioHorario-Eólico'!AD730 -> 281.8475 | R30: ='Resumen-DiarioHorario-Eólico'!AD790 -> 315.9185 | S30: ='Resumen-DiarioHorario-Eólico'!AD850 -> 336.45567 | T30: ='Resumen-DiarioHorario-Eólico'!AD910 -> 373.574 | U30: ='Resumen-DiarioHorario-Eólico'!AD970 -> 299.244 | V30: ='Resumen-DiarioHorario-Eólico'!AD1030 -> 228.14967 | W30: ='Resumen-DiarioHorario-Eólico'!AD1090 -> 239.79617 | X30: ='Resumen-DiarioHorario-Eólico'!AD1150 -> 166.02933 | Y30: ='Resumen-DiarioHorario-Eólico'!AD1210 -> 238.25583 | Z30: ='Resumen-DiarioHorario-Eólico'!AD1270 -> 209.66083 | AA30: ='Resumen-DiarioHorario-Eólico'!AD1330 -> 198.077 | AB30: ='Resumen-DiarioHorario-Eólico'!AD1390 -> 190.5395 | AC30: ='Resumen-DiarioHorario-Eólico'!AD1450 -> 249.40883 | AD30: ='Resumen-DiarioHorario-Eólico'!AD1510 -> 271.73483 | AE30: ='Resumen-DiarioHorario-Eólico'!AD1570 -> 197.95433 | AF30: ='Resumen-DiarioHorario-Eólico'!AD1629 -> 141.5895 | AG30: ='Resumen-DiarioHorario-Eólico'!AD1688 -> 178.83283 | AH30: =+'Resumen-DiarioHorario-Eólico'!AD1747 -> 221.69117 | AI30: =+'Resumen-DiarioHorario-Eólico'!AD1806 -> 196.414 | AK30: =SUM(E30:AI30) -> 7597.837
B31: PE-CERROTIGRE | E31: ='Resumen-DiarioHorario-Eólico'!AD11 -> 386.68117 | F31: ='Resumen-DiarioHorario-Eólico'!AD71 -> 236.30017 | G31: ='Resumen-DiarioHorario-Eólico'!AD131 -> 330.489 | H31: ='Resumen-DiarioHorario-Eólico'!AD191 -> 214.007 | I31: ='Resumen-DiarioHorario-Eólico'!AD251 -> 256.54717 | J31: ='Resumen-DiarioHorario-Eólico'!AD311 -> 252.292 | K31: ='Resumen-DiarioHorario-Eólico'!AD371 -> 346.8295 | L31: ='Resumen-DiarioHorario-Eólico'!AD431 -> 276.294 | M31: ='Resumen-DiarioHorario-Eólico'!AD491 -> 283.82533 | N31: ='Resumen-DiarioHorario-Eólico'!AD551 -> 490.46567 | O31: ='Resumen-DiarioHorario-Eólico'!AD611 -> 489.627 | P31: ='Resumen-DiarioHorario-Eólico'!AD671 -> 387.89967 | Q31: ='Resumen-DiarioHorario-Eólico'!AD731 -> 534.60067 | R31: ='Resumen-DiarioHorario-Eólico'!AD791 -> 419.16033 | S31: ='Resumen-DiarioHorario-Eólico'!AD851 -> 531.393 | T31: ='Resumen-DiarioHorario-Eólico'!AD911 -> 692.9135 | U31: ='Resumen-DiarioHorario-Eólico'!AD971 -> 521.44567 | V31: ='Resumen-DiarioHorario-Eólico'!AD1031 -> 308.10783 | W31: ='Resumen-DiarioHorario-Eólico'!AD1091 -> 213.03067 | X31: ='Resumen-DiarioHorario-Eólico'!AD1151 -> 153.72533 | Y31: ='Resumen-DiarioHorario-Eólico'!AD1211 -> 97.756333 | Z31: ='Resumen-DiarioHorario-Eólico'!AD1271 -> 283.07033 | AA31: ='Resumen-DiarioHorario-Eólico'!AD1331 -> 446.825 | AB31: ='Resumen-DiarioHorario-Eólico'!AD1391 -> 176.371 | AC31: ='Resumen-DiarioHorario-Eólico'!AD1451 -> 342.19383 | AD31: ='Resumen-DiarioHorario-Eólico'!AD1511 -> 406.6025 | AE31: ='Resumen-DiarioHorario-Eólico'!AD1571 -> 216.289 | AF31: ='Resumen-DiarioHorario-Eólico'!AD1630 -> 397.51117 | AG31: ='Resumen-DiarioHorario-Eólico'!AD1689 -> 355.20183 | AH31: =+'Resumen-DiarioHorario-Eólico'!AD1748 -> 371.56183 | AI31: =+'Resumen-DiarioHorario-Eólico'!AD1807 -> 357.34883 | AK31: =SUM(E31:AI31) -> 10776.366
B32: PE-CALAMA | E32: ='Resumen-DiarioHorario-Eólico'!AD12 -> 202.084 | F32: ='Resumen-DiarioHorario-Eólico'!AD72 -> 265.9245 | G32: ='Resumen-DiarioHorario-Eólico'!AD132 -> 246.13983 | H32: ='Resumen-DiarioHorario-Eólico'!AD192 -> 203.04267 | I32: ='Resumen-DiarioHorario-Eólico'!AD252 -> 300.94483 | J32: ='Resumen-DiarioHorario-Eólico'!AD312 -> 565.95367 | K32: ='Resumen-DiarioHorario-Eólico'!AD372 -> 237.263 | L32: ='Resumen-DiarioHorario-Eólico'!AD432 -> 230.85333 | M32: ='Resumen-DiarioHorario-Eólico'!AD492 -> 247.533 | N32: ='Resumen-DiarioHorario-Eólico'!AD552 -> 339.24117 | O32: ='Resumen-DiarioHorario-Eólico'!AD612 -> 316.98983 | P32: ='Resumen-DiarioHorario-Eólico'!AD672 -> 220.68583 | Q32: ='Resumen-DiarioHorario-Eólico'!AD732 -> 274.352 | R32: ='Resumen-DiarioHorario-Eólico'!AD792 -> 299.41217 | S32: ='Resumen-DiarioHorario-Eólico'!AD852 -> 402.6415 | T32: ='Resumen-DiarioHorario-Eólico'!AD912 -> 356.44933 | U32: ='Resumen-DiarioHorario-Eólico'!AD972 -> 222.70567 | V32: ='Resumen-DiarioHorario-Eólico'!AD1032 -> 247.75667 | W32: ='Resumen-DiarioHorario-Eólico'!AD1092 -> 262.733 | X32: ='Resumen-DiarioHorario-Eólico'!AD1152 -> 263.23633 | Y32: ='Resumen-DiarioHorario-Eólico'!AD1212 -> 103.17467 | Z32: ='Resumen-DiarioHorario-Eólico'!AD1272 -> 41.276333 | AA32: ='Resumen-DiarioHorario-Eólico'!AD1332 -> 369.5625 | AB32: ='Resumen-DiarioHorario-Eólico'!AD1392 -> 105.54167 | AC32: ='Resumen-DiarioHorario-Eólico'!AD1452 -> 108.16567 | AD32: ='Resumen-DiarioHorario-Eólico'!AD1512 -> 166.59767 | AE32: ='Resumen-DiarioHorario-Eólico'!AD1572 -> 124.21433 | AF32: ='Resumen-DiarioHorario-Eólico'!AD1631 -> 189.55317 | AG32: ='Resumen-DiarioHorario-Eólico'!AD1690 -> 316.2005 | AH32: =+'Resumen-DiarioHorario-Eólico'!AD1749 -> 226.319 | AI32: =+'Resumen-DiarioHorario-Eólico'!AD1808 -> 147.9535 | AK32: =SUM(E32:AI32) -> 7604.5013
B33: PE-TALTAL | E33: ='Resumen-DiarioHorario-Eólico'!AD13 -> 0 | F33: ='Resumen-DiarioHorario-Eólico'!AD73 -> 19.464 | G33: ='Resumen-DiarioHorario-Eólico'!AD133 -> 95.599667 | H33: ='Resumen-DiarioHorario-Eólico'!AD193 -> 291.00833 | I33: ='Resumen-DiarioHorario-Eólico'!AD253 -> 0 | J33: ='Resumen-DiarioHorario-Eólico'!AD313 -> 15.530667 | K33: ='Resumen-DiarioHorario-Eólico'!AD373 -> 159.836 | L33: ='Resumen-DiarioHorario-Eólico'!AD433 -> 67.512167 | M33: ='Resumen-DiarioHorario-Eólico'!AD493 -> 273.59717 | N33: ='Resumen-DiarioHorario-Eólico'!AD553 -> 0 | O33: ='Resumen-DiarioHorario-Eólico'!AD613 -> 0 | P33: ='Resumen-DiarioHorario-Eólico'!AD673 -> 0 | Q33: ='Resumen-DiarioHorario-Eólico'!AD733 -> 155.25483 | R33: ='Resumen-DiarioHorario-Eólico'!AD793 -> 0 | S33: ='Resumen-DiarioHorario-Eólico'!AD853 -> 0 | T33: ='Resumen-DiarioHorario-Eólico'!AD913 -> 0 | U33: ='Resumen-DiarioHorario-Eólico'!AD973 -> 77.570333 | V33: ='Resumen-DiarioHorario-Eólico'!AD1033 -> 56.692667 | W33: ='Resumen-DiarioHorario-Eólico'!AD1093 -> 106.73683 | X33: ='Resumen-DiarioHorario-Eólico'!AD1153 -> 97.3405 | Y33: ='Resumen-DiarioHorario-Eólico'!AD1213 -> 100.60033 | Z33: ='Resumen-DiarioHorario-Eólico'!AD1273 -> 132.27933 | AA33: ='Resumen-DiarioHorario-Eólico'!AD1333 -> 123.74683 | AB33: ='Resumen-DiarioHorario-Eólico'!AD1393 -> 0 | AC33: ='Resumen-DiarioHorario-Eólico'!AD1453 -> 375.2045 | AD33: ='Resumen-DiarioHorario-Eólico'!AD1513 -> 312.1005 | AE33: ='Resumen-DiarioHorario-Eólico'!AD1573 -> 286.41767 | AF33: ='Resumen-DiarioHorario-Eólico'!AD1632 -> 294.23533 | AG33: ='Resumen-DiarioHorario-Eólico'!AD1691 -> 73.001 | AH33: =+'Resumen-DiarioHorario-Eólico'!AD1750 -> 13.254333 | AI33: =+'Resumen-DiarioHorario-Eólico'!AD1809 -> 141.72467 | AK33: =SUM(E33:AI33) -> 3268.7077
B34: PE-SARCO | E34: ='Resumen-DiarioHorario-Eólico'!AD14 -> 66.743667 | F34: ='Resumen-DiarioHorario-Eólico'!AD74 -> 46.5835 | G34: ='Resumen-DiarioHorario-Eólico'!AD134 -> 0.68216667 | H34: ='Resumen-DiarioHorario-Eólico'!AD194 -> 46.310333 | I34: ='Resumen-DiarioHorario-Eólico'!AD254 -> 232.152 | J34: ='Resumen-DiarioHorario-Eólico'!AD314 -> 86.190167 | K34: ='Resumen-DiarioHorario-Eólico'!AD374 -> 50.0485 | L34: ='Resumen-DiarioHorario-Eólico'!AD434 -> 59.32 | M34: ='Resumen-DiarioHorario-Eólico'!AD494 -> 57.764667 | N34: ='Resumen-DiarioHorario-Eólico'!AD554 -> 13.090167 | O34: ='Resumen-DiarioHorario-Eólico'!AD614 -> 6.4775 | P34: ='Resumen-DiarioHorario-Eólico'!AD674 -> 82.164833 | Q34: ='Resumen-DiarioHorario-Eólico'!AD734 -> 55.343 | R34: ='Resumen-DiarioHorario-Eólico'!AD794 -> 22.857333 | S34: ='Resumen-DiarioHorario-Eólico'!AD854 -> 134.64867 | T34: ='Resumen-DiarioHorario-Eólico'!AD914 -> 32.27 | U34: ='Resumen-DiarioHorario-Eólico'!AD974 -> 105.15917 | V34: ='Resumen-DiarioHorario-Eólico'!AD1034 -> 136.94183 | W34: ='Resumen-DiarioHorario-Eólico'!AD1094 -> 58.3175 | X34: ='Resumen-DiarioHorario-Eólico'!AD1154 -> 35.389167 | Y34: ='Resumen-DiarioHorario-Eólico'!AD1214 -> 50.4845 | Z34: ='Resumen-DiarioHorario-Eólico'!AD1274 -> 44.814667 | AA34: ='Resumen-DiarioHorario-Eólico'!AD1334 -> 113.94483 | AB34: ='Resumen-DiarioHorario-Eólico'!AD1394 -> 140.35333 | AC34: ='Resumen-DiarioHorario-Eólico'!AD1454 -> 80.661333 | AD34: ='Resumen-DiarioHorario-Eólico'!AD1514 -> 10.151167 | AE34: ='Resumen-DiarioHorario-Eólico'!AD1574 -> 35.672667 | AF34: ='Resumen-DiarioHorario-Eólico'!AD1633 -> 17.192167 | AG34: ='Resumen-DiarioHorario-Eólico'!AD1692 -> 58.3015 | AH34: =+'Resumen-DiarioHorario-Eólico'!AD1751 -> 90.483 | AI34: =+'Resumen-DiarioHorario-Eólico'!AD1810 -> 77.7565 | AK34: =SUM(E34:AI34) -> 2048.2698
B35: PE-CABOLEONES-1 | E35: ='Resumen-DiarioHorario-Eólico'!AD15 -> 72.535833 | F35: ='Resumen-DiarioHorario-Eólico'!AD75 -> 41.054 | G35: ='Resumen-DiarioHorario-Eólico'!AD135 -> 40.063667 | H35: ='Resumen-DiarioHorario-Eólico'!AD195 -> 87.216333 | I35: ='Resumen-DiarioHorario-Eólico'!AD255 -> 76.3055 | J35: ='Resumen-DiarioHorario-Eólico'!AD315 -> 42.870833 | K35: ='Resumen-DiarioHorario-Eólico'!AD375 -> 35.0215 | L35: ='Resumen-DiarioHorario-Eólico'!AD435 -> 69.6615 | M35: ='Resumen-DiarioHorario-Eólico'!AD495 -> 115.60667 | N35: ='Resumen-DiarioHorario-Eólico'!AD555 -> 37.598167 | O35: ='Resumen-DiarioHorario-Eólico'!AD615 -> 7.0653333 | P35: ='Resumen-DiarioHorario-Eólico'!AD675 -> 12.088667 | Q35: ='Resumen-DiarioHorario-Eólico'!AD735 -> 29.21 | R35: ='Resumen-DiarioHorario-Eólico'!AD795 -> 53.488833 | S35: ='Resumen-DiarioHorario-Eólico'!AD855 -> 101.92383 | T35: ='Resumen-DiarioHorario-Eólico'!AD915 -> 17.509 | U35: ='Resumen-DiarioHorario-Eólico'!AD975 -> 124.72667 | V35: ='Resumen-DiarioHorario-Eólico'!AD1035 -> 248.1755 | W35: ='Resumen-DiarioHorario-Eólico'!AD1095 -> 84.1955 | X35: ='Resumen-DiarioHorario-Eólico'!AD1155 -> 64.944 | Y35: ='Resumen-DiarioHorario-Eólico'!AD1215 -> 31.589333 | Z35: ='Resumen-DiarioHorario-Eólico'!AD1275 -> 36.753333 | AA35: ='Resumen-DiarioHorario-Eólico'!AD1335 -> 107.33517 | AB35: ='Resumen-DiarioHorario-Eólico'!AD1395 -> 158.04733 | AC35: ='Resumen-DiarioHorario-Eólico'!AD1455 -> 211.78533 | AD35: ='Resumen-DiarioHorario-Eólico'!AD1515 -> 11.477667 | AE35: ='Resumen-DiarioHorario-Eólico'!AD1575 -> 34.808833 | AF35: ='Resumen-DiarioHorario-Eólico'!AD1634 -> 61.777833 | AG35: ='Resumen-DiarioHorario-Eólico'!AD1693 -> 112.36167 | AH35: =+'Resumen-DiarioHorario-Eólico'!AD1752 -> 78.5115 | AI35: =+'Resumen-DiarioHorario-Eólico'!AD1811 -> 134.09117 | AK35: =SUM(E35:AI35) -> 2339.8005
B36: PE-CABOLEONES-2 | E36: ='Resumen-DiarioHorario-Eólico'!AD16 -> 301.331 | F36: ='Resumen-DiarioHorario-Eólico'!AD76 -> 198.018 | G36: ='Resumen-DiarioHorario-Eólico'!AD136 -> 90.509333 | H36: ='Resumen-DiarioHorario-Eólico'!AD196 -> 129.7195 | I36: ='Resumen-DiarioHorario-Eólico'!AD256 -> 199.2405 | J36: ='Resumen-DiarioHorario-Eólico'!AD316 -> 153.82133 | K36: ='Resumen-DiarioHorario-Eólico'!AD376 -> 180.26433 | L36: ='Resumen-DiarioHorario-Eólico'!AD436 -> 260.84033 | M36: ='Resumen-DiarioHorario-Eólico'!AD496 -> 225.44983 | N36: ='Resumen-DiarioHorario-Eólico'!AD556 -> 215.027 | O36: ='Resumen-DiarioHorario-Eólico'!AD616 -> 38.440833 | P36: ='Resumen-DiarioHorario-Eólico'!AD676 -> 173.74767 | Q36: ='Resumen-DiarioHorario-Eólico'!AD736 -> 190.58283 | R36: ='Resumen-DiarioHorario-Eólico'!AD796 -> 215.431 | S36: ='Resumen-DiarioHorario-Eólico'!AD856 -> 183.46433 | T36: ='Resumen-DiarioHorario-Eólico'!AD916 -> 194.68233 | U36: ='Resumen-DiarioHorario-Eólico'!AD976 -> 376.98033 | V36: ='Resumen-DiarioHorario-Eólico'!AD1036 -> 353.55833 | W36: ='Resumen-DiarioHorario-Eólico'!AD1096 -> 232.701 | X36: ='Resumen-DiarioHorario-Eólico'!AD1156 -> 263.32017 | Y36: ='Resumen-DiarioHorario-Eólico'!AD1216 -> 228.21817 | Z36: ='Resumen-DiarioHorario-Eólico'!AD1276 -> 232.2075 | AA36: ='Resumen-DiarioHorario-Eólico'!AD1336 -> 386.163 | AB36: ='Resumen-DiarioHorario-Eólico'!AD1396 -> 291.267 | AC36: ='Resumen-DiarioHorario-Eólico'!AD1456 -> 174.09333 | AD36: ='Resumen-DiarioHorario-Eólico'!AD1516 -> 173.21917 | AE36: ='Resumen-DiarioHorario-Eólico'!AD1576 -> 243.23883 | AF36: ='Resumen-DiarioHorario-Eólico'!AD1635 -> 189.96333 | AG36: ='Resumen-DiarioHorario-Eólico'!AD1694 -> 226.09633 | AH36: =+'Resumen-DiarioHorario-Eólico'!AD1753 -> 241.56933 | AI36: =+'Resumen-DiarioHorario-Eólico'!AD1812 -> 411.10733 | AK36: =SUM(E36:AI36) -> 6974.2733
B37: PE-CABOLEONES-3 | E37: ='Resumen-DiarioHorario-Eólico'!AD17 -> 68.393 | F37: ='Resumen-DiarioHorario-Eólico'!AD77 -> 42.594 | G37: ='Resumen-DiarioHorario-Eólico'!AD137 -> 38.069333 | H37: ='Resumen-DiarioHorario-Eólico'!AD197 -> 19.2135 | I37: ='Resumen-DiarioHorario-Eólico'!AD257 -> 362.09267 | J37: ='Resumen-DiarioHorario-Eólico'!AD317 -> 126.7225 | K37: ='Resumen-DiarioHorario-Eólico'!AD377 -> 196.5675 | L37: ='Resumen-DiarioHorario-Eólico'!AD437 -> 75.144167 | M37: ='Resumen-DiarioHorario-Eólico'!AD497 -> 71.246833 | N37: ='Resumen-DiarioHorario-Eólico'!AD557 -> 41.057 | O37: ='Resumen-DiarioHorario-Eólico'!AD617 -> 0.13566667 | P37: ='Resumen-DiarioHorario-Eólico'!AD677 -> 37.433 | Q37: ='Resumen-DiarioHorario-Eólico'!AD737 -> 62.6305 | R37: ='Resumen-DiarioHorario-Eólico'!AD797 -> 53.748667 | S37: ='Resumen-DiarioHorario-Eólico'!AD857 -> 130.6315 | T37: ='Resumen-DiarioHorario-Eólico'!AD917 -> 45.827333 | U37: ='Resumen-DiarioHorario-Eólico'!AD977 -> 104.02967 | V37: ='Resumen-DiarioHorario-Eólico'!AD1037 -> 185.91233 | W37: ='Resumen-DiarioHorario-Eólico'!AD1097 -> 91.001833 | X37: ='Resumen-DiarioHorario-Eólico'!AD1157 -> 80.485333 | Y37: ='Resumen-DiarioHorario-Eólico'!AD1217 -> 67.667 | Z37: ='Resumen-DiarioHorario-Eólico'!AD1277 -> 71.637667 | AA37: ='Resumen-DiarioHorario-Eólico'!AD1337 -> 234.871 | AB37: ='Resumen-DiarioHorario-Eólico'!AD1397 -> 221.05517 | AC37: ='Resumen-DiarioHorario-Eólico'!AD1457 -> 181.10033 | AD37: ='Resumen-DiarioHorario-Eólico'!AD1517 -> 44.367833 | AE37: ='Resumen-DiarioHorario-Eólico'!AD1577 -> 40.406 | AF37: ='Resumen-DiarioHorario-Eólico'!AD1636 -> 48.126833 | AG37: ='Resumen-DiarioHorario-Eólico'!AD1695 -> 175.57583 | AH37: =+'Resumen-DiarioHorario-Eólico'!AD1754 -> 144.12417 | AI37: =+'Resumen-DiarioHorario-Eólico'!AD1813 -> 138.97417 | AK37: =SUM(E37:AI37) -> 3200.8423
B38: PE-SANJUAN | E38: ='Resumen-DiarioHorario-Eólico'!AD18 -> 12.462333 | F38: ='Resumen-DiarioHorario-Eólico'!AD78 -> 8.0021667 | G38: ='Resumen-DiarioHorario-Eólico'!AD138 -> 0 | H38: ='Resumen-DiarioHorario-Eólico'!AD198 -> 148.95283 | I38: ='Resumen-DiarioHorario-Eólico'!AD258 -> 1146.3732 | J38: ='Resumen-DiarioHorario-Eólico'!AD318 -> 1090.181 | K38: ='Resumen-DiarioHorario-Eólico'!AD378 -> 86.148667 | L38: ='Resumen-DiarioHorario-Eólico'!AD438 -> 47.477667 | M38: ='Resumen-DiarioHorario-Eólico'!AD498 -> 10.886 | N38: ='Resumen-DiarioHorario-Eólico'!AD558 -> 22.731333 | O38: ='Resumen-DiarioHorario-Eólico'!AD618 -> 60.600833 | P38: ='Resumen-DiarioHorario-Eólico'!AD678 -> 47.395 | Q38: ='Resumen-DiarioHorario-Eólico'!AD738 -> 30.63 | R38: ='Resumen-DiarioHorario-Eólico'!AD798 -> 22.3395 | S38: ='Resumen-DiarioHorario-Eólico'!AD858 -> 371.06517 | T38: ='Resumen-DiarioHorario-Eólico'!AD918 -> 129.79667 | U38: ='Resumen-DiarioHorario-Eólico'!AD978 -> 100.69433 | V38: ='Resumen-DiarioHorario-Eólico'!AD1038 -> 67.547167 | W38: ='Resumen-DiarioHorario-Eólico'!AD1098 -> 49.878 | X38: ='Resumen-DiarioHorario-Eólico'!AD1158 -> 120.58567 | Y38: ='Resumen-DiarioHorario-Eólico'!AD1218 -> 129.07733 | Z38: ='Resumen-DiarioHorario-Eólico'!AD1278 -> 277.31 | AA38: ='Resumen-DiarioHorario-Eólico'!AD1338 -> 466.32133 | AB38: ='Resumen-DiarioHorario-Eólico'!AD1398 -> 273.54067 | AC38: ='Resumen-DiarioHorario-Eólico'!AD1458 -> 1354.472 | AD38: ='Resumen-DiarioHorario-Eólico'!AD1518 -> 1.8158333 | AE38: ='Resumen-DiarioHorario-Eólico'!AD1578 -> 113.97333 | AF38: ='Resumen-DiarioHorario-Eólico'!AD1637 -> 96.1835 | AG38: ='Resumen-DiarioHorario-Eólico'!AD1696 -> 369.521 | AH38: =+'Resumen-DiarioHorario-Eólico'!AD1755 -> 330.84183 | AI38: =+'Resumen-DiarioHorario-Eólico'!AD1814 -> 598.23983 | AK38: =SUM(E38:AI38) -> 7585.0442
B39: PE-PUNTACOLORADA | E39: ='Resumen-DiarioHorario-Eólico'!AD19 -> 0 | F39: ='Resumen-DiarioHorario-Eólico'!AD79 -> 0 | G39: ='Resumen-DiarioHorario-Eólico'!AD139 -> 0 | H39: ='Resumen-DiarioHorario-Eólico'!AD199 -> 0 | I39: ='Resumen-DiarioHorario-Eólico'!AD259 -> 0 | J39: ='Resumen-DiarioHorario-Eólico'!AD319 -> 0 | K39: ='Resumen-DiarioHorario-Eólico'!AD379 -> 0 | L39: ='Resumen-DiarioHorario-Eólico'!AD439 -> 0 | M39: ='Resumen-DiarioHorario-Eólico'!AD499 -> 0 | N39: ='Resumen-DiarioHorario-Eólico'!AD559 -> 0 | O39: ='Resumen-DiarioHorario-Eólico'!AD619 -> 0 | P39: ='Resumen-DiarioHorario-Eólico'!AD679 -> 0 | Q39: ='Resumen-DiarioHorario-Eólico'!AD739 -> 0 | R39: ='Resumen-DiarioHorario-Eólico'!AD799 -> 0 | S39: ='Resumen-DiarioHorario-Eólico'!AD859 -> 0 | T39: ='Resumen-DiarioHorario-Eólico'!AD919 -> 0 | U39: ='Resumen-DiarioHorario-Eólico'!AD979 -> 0 | V39: ='Resumen-DiarioHorario-Eólico'!AD1039 -> 0 | W39: ='Resumen-DiarioHorario-Eólico'!AD1099 -> 0 | X39: ='Resumen-DiarioHorario-Eólico'!AD1159 -> 0 | Y39: ='Resumen-DiarioHorario-Eólico'!AD1219 -> 0 | Z39: ='Resumen-DiarioHorario-Eólico'!AD1279 -> 0 | AA39: ='Resumen-DiarioHorario-Eólico'!AD1339 -> 0 | AB39: ='Resumen-DiarioHorario-Eólico'!AD1399 -> 0 | AC39: ='Resumen-DiarioHorario-Eólico'!AD1459 -> 0 | AD39: ='Resumen-DiarioHorario-Eólico'!AD1519 -> 0 | AE39: ='Resumen-DiarioHorario-Eólico'!AD1579 -> 0 | AF39: ='Resumen-DiarioHorario-Eólico'!AD1638 -> 0 | AG39: ='Resumen-DiarioHorario-Eólico'!AD1697 -> 0 | AH39: =+'Resumen-DiarioHorario-Eólico'!AD1756 -> 0 | AI39: =+'Resumen-DiarioHorario-Eólico'!AD1815 -> 0 | AK39: =SUM(E39:AI39) -> 0
... B72: PE-ATACAMA | E72: ='Resumen-DiarioHorario-Eólico'!AD52 -> 322.7185 | F72: ='Resumen-DiarioHorario-Eólico'!AD112 -> 38.787667 | G72: ='Resumen-DiarioHorario-Eólico'!AD172 -> 546.01683 | H72: ='Resumen-DiarioHorario-Eólico'!AD232 -> 190.14383 | I72: ='Resumen-DiarioHorario-Eólico'!AD292 -> 747.61717 | J72: ='Resumen-DiarioHorario-Eólico'!AD352 -> 681.15217 | K72: ='Resumen-DiarioHorario-Eólico'!AD412 -> 348.5545 | L72: ='Resumen-DiarioHorario-Eólico'!AD472 -> 167.296 | M72: ='Resumen-DiarioHorario-Eólico'!AD532 -> 90.955833 | N72: ='Resumen-DiarioHorario-Eólico'!AD592 -> 74.497333 | O72: ='Resumen-DiarioHorario-Eólico'!AD652 -> 71.693667 | P72: ='Resumen-DiarioHorario-Eólico'!AD712 -> 52.842833 | Q72: ='Resumen-DiarioHorario-Eólico'!AD772 -> 87.661333 | R72: ='Resumen-DiarioHorario-Eólico'!AD832 -> 28.011667 | S72: ='Resumen-DiarioHorario-Eólico'!AD892 -> 520.32933 | T72: ='Resumen-DiarioHorario-Eólico'!AD952 -> 197.467 | U72: ='Resumen-DiarioHorario-Eólico'!AD1012 -> 325.66683 | V72: ='Resumen-DiarioHorario-Eólico'!AD1072 -> 631.14667 | W72: ='Resumen-DiarioHorario-Eólico'!AD1132 -> 319.618 | X72: ='Resumen-DiarioHorario-Eólico'!AD1192 -> 436.13267 | Y72: ='Resumen-DiarioHorario-Eólico'!AD1252 -> 248.66467 | Z72: ='Resumen-DiarioHorario-Eólico'!AD1312 -> 126.1965 | AA72: ='Resumen-DiarioHorario-Eólico'!AD1372 -> 659.0605 | AB72: ='Resumen-DiarioHorario-Eólico'!AD1432 -> 662.94617 | AC72: ='Resumen-DiarioHorario-Eólico'!AD1492 -> 840.16417 | AD72: ='Resumen-DiarioHorario-Eólico'!AD1552 -> 266.13117 | AE72: ='Resumen-DiarioHorario-Eólico'!AD1612 -> 213.20017 | AF72: ='Resumen-DiarioHorario-Eólico'!AD1671 -> 455.90333 | AG72: ='Resumen-DiarioHorario-Eólico'!AD1730 -> 463.5625 | AH72: =+'Resumen-DiarioHorario-Eólico'!AD1789 -> 433.23417 | AI72: =+'Resumen-DiarioHorario-Eólico'!AD1848 -> 754.0355 | AK72: =SUM(E72:AI72) -> 11001.409
B73: PE-LACABANA | D73: † | E73: ='Resumen-DiarioHorario-Eólico'!AD53 -> 276.99167 | F73: ='Resumen-DiarioHorario-Eólico'!AD113 -> 0 | G73: ='Resumen-DiarioHorario-Eólico'!AD173 -> 0 | H73: ='Resumen-DiarioHorario-Eólico'!AD233 -> 0 | I73: ='Resumen-DiarioHorario-Eólico'!AD293 -> 0 | J73: ='Resumen-DiarioHorario-Eólico'!AD353 -> 0 | K73: ='Resumen-DiarioHorario-Eólico'!AD413 -> 0 | L73: ='Resumen-DiarioHorario-Eólico'!AD473 -> 0 | M73: ='Resumen-DiarioHorario-Eólico'!AD533 -> 0 | N73: ='Resumen-DiarioHorario-Eólico'!AD593 -> 0 | O73: ='Resumen-DiarioHorario-Eólico'!AD653 -> 0 | P73: ='Resumen-DiarioHorario-Eólico'!AD713 -> 0 | Q73: ='Resumen-DiarioHorario-Eólico'!AD773 -> 0 | R73: ='Resumen-DiarioHorario-Eólico'!AD833 -> 0 | S73: ='Resumen-DiarioHorario-Eólico'!AD893 -> 0 | T73: ='Resumen-DiarioHorario-Eólico'!AD953 -> 0 | U73: ='Resumen-DiarioHorario-Eólico'!AD1013 -> 0 | V73: ='Resumen-DiarioHorario-Eólico'!AD1073 -> 0 | W73: ='Resumen-DiarioHorario-Eólico'!AD1133 -> 0 | X73: ='Resumen-DiarioHorario-Eólico'!AD1193 -> 0 | Y73: ='Resumen-DiarioHorario-Eólico'!AD1253 -> 0 | Z73: ='Resumen-DiarioHorario-Eólico'!AD1313 -> 0 | AA73: ='Resumen-DiarioHorario-Eólico'!AD1373 -> 0 | AB73: ='Resumen-DiarioHorario-Eólico'!AD1433 -> 0 | AC73: ='Resumen-DiarioHorario-Eólico'!AD1493 -> 0 | AD73: ='Resumen-DiarioHorario-Eólico'!AD1553 -> 0 | AE73: ='Resumen-DiarioHorario-Eólico'!AD1613 -> 0 | AF73: ='Resumen-DiarioHorario-Eólico'!AD1672 -> 0 | AG73: ='Resumen-DiarioHorario-Eólico'!AD1731 -> 0 | AH73: =+'Resumen-DiarioHorario-Eólico'!AD1790 -> 0 | AI73: =+'Resumen-DiarioHorario-Eólico'!AD1849 -> 0 | AK73: =SUM(E73:AI73) -> 276.99167
B74: PE-SANMATIAS | E74: ='Resumen-DiarioHorario-Eólico'!AD54 -> 70.114 | F74: ='Resumen-DiarioHorario-Eólico'!AD114 -> 0.63166667 | G74: ='Resumen-DiarioHorario-Eólico'!AD174 -> 36.226 | H74: ='Resumen-DiarioHorario-Eólico'!AD234 -> 40.502333 | I74: ='Resumen-DiarioHorario-Eólico'!AD294 -> 7.0023333 | J74: ='Resumen-DiarioHorario-Eólico'!AD354 -> 140.7765 | K74: ='Resumen-DiarioHorario-Eólico'!AD414 -> 54.811833 | L74: ='Resumen-DiarioHorario-Eólico'!AD474 -> 286.7985 | M74: ='Resumen-DiarioHorario-Eólico'!AD534 -> 40.353167 | N74: ='Resumen-DiarioHorario-Eólico'!AD594 -> 19.192833 | O74: ='Resumen-DiarioHorario-Eólico'!AD654 -> 109.05667 | P74: ='Resumen-DiarioHorario-Eólico'!AD714 -> 211.53333 | Q74: ='Resumen-DiarioHorario-Eólico'!AD774 -> 6.6676667 | R74: ='Resumen-DiarioHorario-Eólico'!AD834 -> 0.61266667 | S74: ='Resumen-DiarioHorario-Eólico'!AD894 -> 0 | T74: ='Resumen-DiarioHorario-Eólico'!AD954 -> 14.756167 | U74: ='Resumen-DiarioHorario-Eólico'!AD1014 -> 125.1625 | V74: ='Resumen-DiarioHorario-Eólico'!AD1074 -> 195.40917 | W74: ='Resumen-DiarioHorario-Eólico'!AD1134 -> 2.409 | X74: ='Resumen-DiarioHorario-Eólico'!AD1194 -> 19.089 | Y74: ='Resumen-DiarioHorario-Eólico'!AD1254 -> 59.329333 | Z74: ='Resumen-DiarioHorario-Eólico'!AD1314 -> 76.224667 | AA74: ='Resumen-DiarioHorario-Eólico'!AD1374 -> 0 | AB74: ='Resumen-DiarioHorario-Eólico'!AD1434 -> 0 | AC74: ='Resumen-DiarioHorario-Eólico'!AD1494 -> 235.76267 | AD74: ='Resumen-DiarioHorario-Eólico'!AD1554 -> 122.409 | AE74: ='Resumen-DiarioHorario-Eólico'!AD1614 -> 60.692333 | AF74: ='Resumen-DiarioHorario-Eólico'!AD1673 -> 2.339 | AG74: ='Resumen-DiarioHorario-Eólico'!AD1732 -> 20.135833 | AH74: =+'Resumen-DiarioHorario-Eólico'!AD1791 -> 11.295 | AI74: =+'Resumen-DiarioHorario-Eólico'!AD1850 -> 5.257 | AK74: =SUM(E74:AI74) -> 1974.5502
B75: PE-CARDONAL | E75: ='Resumen-DiarioHorario-Eólico'!AD55 -> 37.442365 | F75: ='Resumen-DiarioHorario-Eólico'!AD115 -> 12.787433 | G75: ='Resumen-DiarioHorario-Eólico'!AD175 -> 0.62006 | H75: ='Resumen-DiarioHorario-Eólico'!AD235 -> 56.887442 | I75: ='Resumen-DiarioHorario-Eólico'!AD295 -> 23.313792 | J75: ='Resumen-DiarioHorario-Eólico'!AD355 -> 152.8605 | K75: ='Resumen-DiarioHorario-Eólico'!AD415 -> 85.574845 | L75: ='Resumen-DiarioHorario-Eólico'!AD475 -> 81.828167 | M75: ='Resumen-DiarioHorario-Eólico'!AD535 -> 30.152558 | N75: ='Resumen-DiarioHorario-Eólico'!AD595 -> 4.86891 | O75: ='Resumen-DiarioHorario-Eólico'!AD655 -> 0 | P75: ='Resumen-DiarioHorario-Eólico'!AD715 -> 26.087117 | Q75: ='Resumen-DiarioHorario-Eólico'!AD775 -> 53.901048 | R75: ='Resumen-DiarioHorario-Eólico'!AD835 -> 0.58484833 | S75: ='Resumen-DiarioHorario-Eólico'!AD895 -> 0.80560833 | T75: ='Resumen-DiarioHorario-Eólico'!AD955 -> 26.222922 | U75: ='Resumen-DiarioHorario-Eólico'!AD1015 -> 97.12704 | V75: ='Resumen-DiarioHorario-Eólico'!AD1075 -> 31.115073 | W75: ='Resumen-DiarioHorario-Eólico'!AD1135 -> 13.000378 | X75: ='Resumen-DiarioHorario-Eólico'!AD1195 -> 30.191647 | Y75: ='Resumen-DiarioHorario-Eólico'!AD1255 -> 39.643053 | Z75: ='Resumen-DiarioHorario-Eólico'!AD1315 -> 17.590207 | AA75: ='Resumen-DiarioHorario-Eólico'!AD1375 -> 0.005895 | AB75: ='Resumen-DiarioHorario-Eólico'!AD1435 -> 20.94199 | AC75: ='Resumen-DiarioHorario-Eólico'!AD1495 -> 140.81464 | AD75: ='Resumen-DiarioHorario-Eólico'!AD1555 -> 143.2544 | AE75: ='Resumen-DiarioHorario-Eólico'!AD1615 -> 46.22214 | AF75: ='Resumen-DiarioHorario-Eólico'!AD1674 -> 2.7064633 | AG75: ='Resumen-DiarioHorario-Eólico'!AD1733 -> 8.3482367 | AH75: =+'Resumen-DiarioHorario-Eólico'!AD1792 -> 40.522492 | AI75: =+'Resumen-DiarioHorario-Eólico'!AD1851 -> 12.074658 | AK75: =SUM(E75:AI75) -> 1237.4959
B76: PE-CERRILLOS | E76: ='Resumen-DiarioHorario-Eólico'!AD56 -> 3.36858 | F76: ='Resumen-DiarioHorario-Eólico'!AD116 -> 5.1213367 | G76: ='Resumen-DiarioHorario-Eólico'!AD176 -> 30.316 | H76: ='Resumen-DiarioHorario-Eólico'!AD236 -> 34.511967 | I76: ='Resumen-DiarioHorario-Eólico'!AD296 -> 22.35121 | J76: ='Resumen-DiarioHorario-Eólico'!AD356 -> 75.560023 | K76: ='Resumen-DiarioHorario-Eólico'!AD416 -> 22.6611 | L76: ='Resumen-DiarioHorario-Eólico'!AD476 -> 3.4027667 | M76: ='Resumen-DiarioHorario-Eólico'!AD536 -> 1.57008 | N76: ='Resumen-DiarioHorario-Eólico'!AD596 -> 0.083846667 | O76: ='Resumen-DiarioHorario-Eólico'!AD656 -> 0 | P76: ='Resumen-DiarioHorario-Eólico'!AD716 -> 6.1138567 | Q76: ='Resumen-DiarioHorario-Eólico'!AD776 -> 0.49688667 | R76: ='Resumen-DiarioHorario-Eólico'!AD836 -> 0.00043666667 | S76: ='Resumen-DiarioHorario-Eólico'!AD896 -> 0.75819667 | T76: ='Resumen-DiarioHorario-Eólico'!AD956 -> 2.917 | U76: ='Resumen-DiarioHorario-Eólico'!AD1016 -> 13.868377 | V76: ='Resumen-DiarioHorario-Eólico'!AD1076 -> 7.03476 | W76: ='Resumen-DiarioHorario-Eólico'!AD1136 -> 11.145297 | X76: ='Resumen-DiarioHorario-Eólico'!AD1196 -> 1.7296967 | Y76: ='Resumen-DiarioHorario-Eólico'!AD1256 -> 12.66857 | Z76: ='Resumen-DiarioHorario-Eólico'!AD1316 -> 29.933093 | AA76: ='Resumen-DiarioHorario-Eólico'!AD1376 -> 0.35902667 | AB76: ='Resumen-DiarioHorario-Eólico'!AD1436 -> 33.388497 | AC76: ='Resumen-DiarioHorario-Eólico'!AD1496 -> 83.531983 | AD76: ='Resumen-DiarioHorario-Eólico'!AD1556 -> 97.494827 | AE76: ='Resumen-DiarioHorario-Eólico'!AD1616 -> 12.506403 | AF76: ='Resumen-DiarioHorario-Eólico'!AD1675 -> 4.8003033 | AG76: ='Resumen-DiarioHorario-Eólico'!AD1734 -> 7.5413867 | AH76: =+'Resumen-DiarioHorario-Eólico'!AD1793 -> 21.586107 | AI76: =+'Resumen-DiarioHorario-Eólico'!AD1852 -> 2.1210733 | AK76: =SUM(E76:AI76) -> 548.94269
B77: PE-MANANTIALES | E77: ='Resumen-DiarioHorario-Eólico'!AD57 -> 8.844605 | F77: ='Resumen-DiarioHorario-Eólico'!AD117 -> 8.820355 | G77: ='Resumen-DiarioHorario-Eólico'!AD177 -> 50.922375 | H77: ='Resumen-DiarioHorario-Eólico'!AD237 -> 75.160137 | I77: ='Resumen-DiarioHorario-Eólico'!AD297 -> 38.665713 | J77: ='Resumen-DiarioHorario-Eólico'!AD357 -> 139.10305 | K77: ='Resumen-DiarioHorario-Eólico'!AD417 -> 47.575585 | L77: ='Resumen-DiarioHorario-Eólico'!AD477 -> 8.6427217 | M77: ='Resumen-DiarioHorario-Eólico'!AD537 -> 0.78137667 | N77: ='Resumen-DiarioHorario-Eólico'!AD597 -> 0.165775 | O77: ='Resumen-DiarioHorario-Eólico'!AD657 -> 0 | P77: ='Resumen-DiarioHorario-Eólico'!AD717 -> 13.693608 | Q77: ='Resumen-DiarioHorario-Eólico'!AD777 -> 2.3537933 | R77: ='Resumen-DiarioHorario-Eólico'!AD837 -> 0.002635 | S77: ='Resumen-DiarioHorario-Eólico'!AD897 -> 0.64717 | T77: ='Resumen-DiarioHorario-Eólico'!AD957 -> 1.4933017 | U77: ='Resumen-DiarioHorario-Eólico'!AD1017 -> 31.77231 | V77: ='Resumen-DiarioHorario-Eólico'!AD1077 -> 17.507262 | W77: ='Resumen-DiarioHorario-Eólico'!AD1137 -> 20.429537 | X77: ='Resumen-DiarioHorario-Eólico'!AD1197 -> 2.7409617 | Y77: ='Resumen-DiarioHorario-Eólico'!AD1257 -> 15.680302 | Z77: ='Resumen-DiarioHorario-Eólico'!AD1317 -> 45.944142 | AA77: ='Resumen-DiarioHorario-Eólico'!AD1377 -> 0.82431333 | AB77: ='Resumen-DiarioHorario-Eólico'!AD1437 -> 46.962428 | AC77: ='Resumen-DiarioHorario-Eólico'!AD1497 -> 142.23783 | AD77: ='Resumen-DiarioHorario-Eólico'!AD1557 -> 161.95638 | AE77: ='Resumen-DiarioHorario-Eólico'!AD1617 -> 24.329585 | AF77: ='Resumen-DiarioHorario-Eólico'!AD1676 -> 8.63789 | AG77: ='Resumen-DiarioHorario-Eólico'!AD1735 -> 11.391142 | AH77: =+'Resumen-DiarioHorario-Eólico'!AD1794 -> 31.425455 | AI77: =+'Resumen-DiarioHorario-Eólico'!AD1853 -> 0.647515 | AK77: =SUM(E77:AI77) -> 959.35924
B78: PE-KALLPA | E78: ='Resumen-DiarioHorario-Eólico'!AD58 -> 204.9025 | F78: ='Resumen-DiarioHorario-Eólico'!AD118 -> 330.40767 | G78: ='Resumen-DiarioHorario-Eólico'!AD178 -> 683.23933 | H78: ='Resumen-DiarioHorario-Eólico'!AD238 -> 76.890333 | I78: ='Resumen-DiarioHorario-Eólico'!AD298 -> 475.6995 | J78: ='Resumen-DiarioHorario-Eólico'!AD358 -> 202.802 | K78: ='Resumen-DiarioHorario-Eólico'!AD418 -> 948.24017 | L78: ='Resumen-DiarioHorario-Eólico'!AD478 -> 151.11983 | M78: ='Resumen-DiarioHorario-Eólico'!AD538 -> 387.009 | N78: ='Resumen-DiarioHorario-Eólico'!AD598 -> 102.141 | O78: ='Resumen-DiarioHorario-Eólico'!AD658 -> 317.38283 | P78: ='Resumen-DiarioHorario-Eólico'!AD718 -> 275.43433 | Q78: ='Resumen-DiarioHorario-Eólico'!AD778 -> 82.043333 | R78: ='Resumen-DiarioHorario-Eólico'!AD838 -> 336.8225 | S78: ='Resumen-DiarioHorario-Eólico'!AD898 -> 76.360667 | T78: ='Resumen-DiarioHorario-Eólico'!AD958 -> 487.56817 | U78: ='Resumen-DiarioHorario-Eólico'!AD1018 -> 296.13967 | V78: ='Resumen-DiarioHorario-Eólico'!AD1078 -> 378.27433 | W78: ='Resumen-DiarioHorario-Eólico'!AD1138 -> 536.69917 | X78: ='Resumen-DiarioHorario-Eólico'!AD1198 -> 351.34067 | Y78: ='Resumen-DiarioHorario-Eólico'!AD1258 -> 594.77817 | Z78: ='Resumen-DiarioHorario-Eólico'!AD1318 -> 345.46067 | AA78: ='Resumen-DiarioHorario-Eólico'!AD1378 -> 30.3825 | AB78: ='Resumen-DiarioHorario-Eólico'!AD1438 -> 285.37183 | AC78: ='Resumen-DiarioHorario-Eólico'!AD1498 -> 747.24183 | AD78: ='Resumen-DiarioHorario-Eólico'!AD1558 -> 1482.2348 | AE78: ='Resumen-DiarioHorario-Eólico'!AD1618 -> 1164.2833 | AF78: ='Resumen-DiarioHorario-Eólico'!AD1677 -> 392.72367 | AG78: ='Resumen-DiarioHorario-Eólico'!AD1736 -> 905.195 | AH78: =+'Resumen-DiarioHorario-Eólico'!AD1795 -> 674.1865 | AI78: =+'Resumen-DiarioHorario-Eólico'!AD1854 -> 2756.1452 | AK78: =SUM(E78:AI78) -> 16078.52
B79: PE-HORIZONTENORTE | E79: ='Resumen-DiarioHorario-Eólico'!AD59 -> 0 | F79: ='Resumen-DiarioHorario-Eólico'!AD119 -> 0 | G79: ='Resumen-DiarioHorario-Eólico'!AD179 -> 118.999 | H79: ='Resumen-DiarioHorario-Eólico'!AD239 -> 0 | I79: ='Resumen-DiarioHorario-Eólico'!AD299 -> 0 | J79: ='Resumen-DiarioHorario-Eólico'!AD359 -> 212.9075 | K79: ='Resumen-DiarioHorario-Eólico'!AD419 -> 1077.0958 | L79: ='Resumen-DiarioHorario-Eólico'!AD479 -> 277.98767 | M79: ='Resumen-DiarioHorario-Eólico'!AD539 -> 0 | N79: ='Resumen-DiarioHorario-Eólico'!AD599 -> 377.70417 | O79: ='Resumen-DiarioHorario-Eólico'!AD659 -> 167.874 | P79: ='Resumen-DiarioHorario-Eólico'!AD719 -> 226.38733 | Q79: ='Resumen-DiarioHorario-Eólico'!AD779 -> 561.941 | R79: ='Resumen-DiarioHorario-Eólico'!AD839 -> 569.123 | S79: ='Resumen-DiarioHorario-Eólico'!AD899 -> 745.30633 | T79: ='Resumen-DiarioHorario-Eólico'!AD959 -> 808.20667 | U79: ='Resumen-DiarioHorario-Eólico'!AD1019 -> 511.83117 | V79: ='Resumen-DiarioHorario-Eólico'!AD1079 -> 556.46367 | W79: ='Resumen-DiarioHorario-Eólico'!AD1139 -> 433.705 | X79: ='Resumen-DiarioHorario-Eólico'!AD1199 -> 315.89117 | Y79: ='Resumen-DiarioHorario-Eólico'!AD1259 -> 261.216 | Z79: ='Resumen-DiarioHorario-Eólico'!AD1319 -> 66.626667 | AA79: ='Resumen-DiarioHorario-Eólico'!AD1379 -> 198.116 | AB79: ='Resumen-DiarioHorario-Eólico'!AD1439 -> 809.17667 | AC79: ='Resumen-DiarioHorario-Eólico'!AD1499 -> 943.7345 | AD79: ='Resumen-DiarioHorario-Eólico'!AD1559 -> 1403.686 | AE79: ='Resumen-DiarioHorario-Eólico'!AD1619 -> 0 | AF79: ='Resumen-DiarioHorario-Eólico'!AD1678 -> 652.7665 | AG79: ='Resumen-DiarioHorario-Eólico'!AD1737 -> 0 | AH79: =+'Resumen-DiarioHorario-Eólico'!AD1796 -> 0 | AI79: =+'Resumen-DiarioHorario-Eólico'!AD1855 -> 1003.041 | AK79: =SUM(E79:AI79) -> 12299.787
B80: PE-HORIZONTESUR | E80: ='Resumen-DiarioHorario-Eólico'!AD60 -> 0 | F80: ='Resumen-DiarioHorario-Eólico'!AD120 -> 50.056 | G80: ='Resumen-DiarioHorario-Eólico'!AD180 -> 486.20867 | H80: ='Resumen-DiarioHorario-Eólico'!AD240 -> 690.8845 | I80: ='Resumen-DiarioHorario-Eólico'!AD300 -> 0 | J80: ='Resumen-DiarioHorario-Eólico'!AD360 -> 0 | K80: ='Resumen-DiarioHorario-Eólico'!AD420 -> 0 | L80: ='Resumen-DiarioHorario-Eólico'!AD480 -> 414.14883 | M80: ='Resumen-DiarioHorario-Eólico'!AD540 -> 580.80683 | N80: ='Resumen-DiarioHorario-Eólico'!AD600 -> 0 | O80: ='Resumen-DiarioHorario-Eólico'!AD660 -> 0 | P80: ='Resumen-DiarioHorario-Eólico'!AD720 -> 0 | Q80: ='Resumen-DiarioHorario-Eólico'!AD780 -> 1136.4925 | R80: ='Resumen-DiarioHorario-Eólico'!AD840 -> 0 | S80: ='Resumen-DiarioHorario-Eólico'!AD900 -> 0 | T80: ='Resumen-DiarioHorario-Eólico'!AD960 -> 0 | U80: ='Resumen-DiarioHorario-Eólico'!AD1020 -> 526.27733 | V80: ='Resumen-DiarioHorario-Eólico'!AD1080 -> 719.13467 | W80: ='Resumen-DiarioHorario-Eólico'!AD1140 -> 373.11283 | X80: ='Resumen-DiarioHorario-Eólico'!AD1200 -> 593.85367 | Y80: ='Resumen-DiarioHorario-Eólico'!AD1260 -> 308.499 | Z80: ='Resumen-DiarioHorario-Eólico'!AD1320 -> 367.868 | AA80: ='Resumen-DiarioHorario-Eólico'!AD1380 -> 188.384 | AB80: ='Resumen-DiarioHorario-Eólico'!AD1440 -> 1069.1957 | AC80: ='Resumen-DiarioHorario-Eólico'!AD1500 -> 818.78967 | AD80: ='Resumen-DiarioHorario-Eólico'!AD1560 -> 1753.1827 | AE80: ='Resumen-DiarioHorario-Eólico'!AD1620 -> 1401.6222 | AF80: ='Resumen-DiarioHorario-Eólico'!AD1679 -> 1634.2802 | AG80: ='Resumen-DiarioHorario-Eólico'!AD1738 -> 334.1845 | AH80: =+'Resumen-DiarioHorario-Eólico'!AD1797 -> 26.602833 | AI80: =+'Resumen-DiarioHorario-Eólico'!AD1856 -> 450.18983 | AK80: =SUM(E80:AI80) -> 13923.774
B81: PE-PUNTADETALCA | E81: ='Resumen-DiarioHorario-Eólico'!AD61 -> 0 | F81: ='Resumen-DiarioHorario-Eólico'!AD121 -> 0.685 | G81: ='Resumen-DiarioHorario-Eólico'!AD181 -> 99.706667 | H81: ='Resumen-DiarioHorario-Eólico'!AD241 -> 46.958 | I81: ='Resumen-DiarioHorario-Eólico'!AD301 -> 0 | J81: ='Resumen-DiarioHorario-Eólico'!AD361 -> 0 | K81: ='Resumen-DiarioHorario-Eólico'!AD421 -> 0 | L81: ='Resumen-DiarioHorario-Eólico'!AD481 -> 46.886167 | M81: ='Resumen-DiarioHorario-Eólico'!AD541 -> 26.700833 | N81: ='Resumen-DiarioHorario-Eólico'!AD601 -> 0 | O81: ='Resumen-DiarioHorario-Eólico'!AD661 -> 0 | P81: ='Resumen-DiarioHorario-Eólico'!AD721 -> 0 | Q81: ='Resumen-DiarioHorario-Eólico'!AD781 -> 21.680167 | R81: ='Resumen-DiarioHorario-Eólico'!AD841 -> 0 | S81: ='Resumen-DiarioHorario-Eólico'!AD901 -> 0 | T81: ='Resumen-DiarioHorario-Eólico'!AD961 -> 0 | U81: ='Resumen-DiarioHorario-Eólico'!AD1021 -> 110.05867 | V81: ='Resumen-DiarioHorario-Eólico'!AD1081 -> 56.021833 | W81: ='Resumen-DiarioHorario-Eólico'!AD1141 -> 44.5965 | X81: ='Resumen-DiarioHorario-Eólico'!AD1201 -> 216.44983 | Y81: ='Resumen-DiarioHorario-Eólico'!AD1261 -> 0 | Z81: ='Resumen-DiarioHorario-Eólico'!AD1321 -> 164.165 | AA81: ='Resumen-DiarioHorario-Eólico'!AD1381 -> 363.36117 | AB81: ='Resumen-DiarioHorario-Eólico'!AD1441 -> 0 | AC81: ='Resumen-DiarioHorario-Eólico'!AD1501 -> 766.43233 | AD81: ='Resumen-DiarioHorario-Eólico'!AD1561 -> 335.3695 | AE81: ='Resumen-DiarioHorario-Eólico'!AD1621 -> 64.0455 | AF81: ='Resumen-DiarioHorario-Eólico'!AD1680 -> 68.394667 | AG81: ='Resumen-DiarioHorario-Eólico'!AD1739 -> 90.506833 | AH81: =+'Resumen-DiarioHorario-Eólico'!AD1798 -> 50.6375 | AI81: =+'Resumen-DiarioHorario-Eólico'!AD1857 -> 152.43633 | AK81: =SUM(E81:AI81) -> 2725.0925
B84: DESGLOSE DIARIO DE CURTAILMENTS DE ENERGÍA SOLAR
B86: Central / Día | E86: =E26 -> 45931 | F86: =F26 -> 45932 | G86: =G26 -> 45933 | H86: =H26 -> 45934 | I86: =I26 -> 45935 | J86: =J26 -> 45936 | K86: =K26 -> 45937 | L86: =L26 -> 45938 | ... AI86: =AI26 -> 45961 | AJ86: Total
B87: Total | E87: =SUM(E88:E158) -> 13728.664 | F87: =SUM(F88:F158) -> 12141.027 | G87: =SUM(G88:G158) -> 13719.431 | H87: =SUM(H88:H158) -> 11541.807 | I87: =SUM(I88:I158) -> 18681.66 | J87: =SUM(J88:J158) -> 18311.29 | K87: =SUM(K88:K158) -> 12485.956 | L87: =SUM(L88:L158) -> 13463.372 | ... AI87: =SUM(AI88:AI158) -> 20993.268 | AJ87: =SUM(AK88:AK158) -> 520450.95
B88: PFV-POZOALMONTE-2 | E88: ='Resumen-DiarioHorario-Solar'!AD8 -> 21.608333 | F88: ='Resumen-DiarioHorario-Solar'!AD85 -> 17.026667 | G88: ='Resumen-DiarioHorario-Solar'!AD162 -> 15.44 | H88: ='Resumen-DiarioHorario-Solar'!AD239 -> 62.221667 | I88: ='Resumen-DiarioHorario-Solar'!AD316 -> 63.515 | J88: ='Resumen-DiarioHorario-Solar'!AD393 -> 14.398333 | K88: ='Resumen-DiarioHorario-Solar'!AD470 -> 19.543333 | L88: ='Resumen-DiarioHorario-Solar'!AD547 -> 62.655 | M88: ='Resumen-DiarioHorario-Solar'!AD624 -> 13.293333 | N88: ='Resumen-DiarioHorario-Solar'!AD701 -> 13.855 | O88: ='Resumen-DiarioHorario-Solar'!AD778 -> 14.26 | P88: ='Resumen-DiarioHorario-Solar'!AD855 -> 14.66 | Q88: ='Resumen-DiarioHorario-Solar'!AD932 -> 14.313333 | R88: ='Resumen-DiarioHorario-Solar'!AD1009 -> 15.38 | S88: ='Resumen-DiarioHorario-Solar'!AD1086 -> 14.568333 | T88: ='Resumen-DiarioHorario-Solar'!AD1163 -> 14.565 | U88: ='Resumen-DiarioHorario-Solar'!AD1240 -> 14.085 | V88: ='Resumen-DiarioHorario-Solar'!AD1317 -> 11.766667 | W88: ='Resumen-DiarioHorario-Solar'!AD1394 -> 13.363333 | X88: ='Resumen-DiarioHorario-Solar'!AD1471 -> 11.14 | Y88: ='Resumen-DiarioHorario-Solar'!AD1548 -> 12.571667 | Z88: ='Resumen-DiarioHorario-Solar'!AD1625 -> 13.646667 | AA88: ='Resumen-DiarioHorario-Solar'!AD1702 -> 14.503333 | AB88: ='Resumen-DiarioHorario-Solar'!AD1779 -> 12.953333 | AC88: ='Resumen-DiarioHorario-Solar'!AD1856 -> 10.481667 | AD88: ='Resumen-DiarioHorario-Solar'!AD1933 -> 11.536667 | AE88: ='Resumen-DiarioHorario-Solar'!AD2010 -> 12.76 | AF88: ='Resumen-DiarioHorario-Solar'!AD2087 -> 11.113333 | AG88: ='Resumen-DiarioHorario-Solar'!AD2164 -> 10.4 | AH88: ='Resumen-DiarioHorario-Solar'!AD2241 -> 11.751667 | AI88: =+'Resumen-DiarioHorario-Solar'!AD2318 -> 12.42 | AK88: =SUM(E88:AI88) -> 575.79667
B89: PFV-POZOALMONTE-3 | E89: ='Resumen-DiarioHorario-Solar'!AD9 -> 16.548333 | F89: ='Resumen-DiarioHorario-Solar'!AD86 -> 8.1716667 | G89: ='Resumen-DiarioHorario-Solar'!AD163 -> 10.105 | H89: ='Resumen-DiarioHorario-Solar'!AD240 -> 110.729 | I89: ='Resumen-DiarioHorario-Solar'!AD317 -> 111.6325 | J89: ='Resumen-DiarioHorario-Solar'!AD394 -> 27.807333 | K89: ='Resumen-DiarioHorario-Solar'!AD471 -> 17.934 | L89: ='Resumen-DiarioHorario-Solar'!AD548 -> 28.278833 | M89: ='Resumen-DiarioHorario-Solar'!AD625 -> 7.709 | N89: ='Resumen-DiarioHorario-Solar'!AD702 -> 11.108 | O89: ='Resumen-DiarioHorario-Solar'!AD779 -> 11.9305 | P89: ='Resumen-DiarioHorario-Solar'!AD856 -> 11.053333 | Q89: ='Resumen-DiarioHorario-Solar'!AD933 -> 10.755333 | R89: ='Resumen-DiarioHorario-Solar'!AD1010 -> 11.276667 | S89: ='Resumen-DiarioHorario-Solar'!AD1087 -> 11.701667 | T89: ='Resumen-DiarioHorario-Solar'!AD1164 -> 9.2618333 | U89: ='Resumen-DiarioHorario-Solar'!AD1241 -> 11.246333 | V89: ='Resumen-DiarioHorario-Solar'!AD1318 -> 9.8528333 | W89: ='Resumen-DiarioHorario-Solar'!AD1395 -> 10.921833 | X89: ='Resumen-DiarioHorario-Solar'!AD1472 -> 12.511667 | Y89: ='Resumen-DiarioHorario-Solar'!AD1549 -> 12.2795 | Z89: ='Resumen-DiarioHorario-Solar'!AD1626 -> 12.143667 | AA89: ='Resumen-DiarioHorario-Solar'!AD1703 -> 12.783333 | AB89: ='Resumen-DiarioHorario-Solar'!AD1780 -> 10.079 | AC89: ='Resumen-DiarioHorario-Solar'!AD1857 -> 8.6406667 | AD89: ='Resumen-DiarioHorario-Solar'!AD1934 -> 6.2753333 | AE89: ='Resumen-DiarioHorario-Solar'!AD2011 -> 12.345667 | AF89: ='Resumen-DiarioHorario-Solar'!AD2088 -> 5.9823333 | AG89: ='Resumen-DiarioHorario-Solar'!AD2165 -> 6.5323333 | AH89: ='Resumen-DiarioHorario-Solar'!AD2242 -> 11.947667 | AI89: =+'Resumen-DiarioHorario-Solar'!AD2319 -> 10.379333 | AK89: =SUM(E89:AI89) -> 569.9245
B90: PFV-LAHUAYCA-2 | E90: ='Resumen-DiarioHorario-Solar'!AD10 -> 0 | F90: ='Resumen-DiarioHorario-Solar'!AD87 -> 0 | G90: ='Resumen-DiarioHorario-Solar'!AD164 -> 0 | H90: ='Resumen-DiarioHorario-Solar'!AD241 -> 0 | I90: ='Resumen-DiarioHorario-Solar'!AD318 -> 0 | J90: ='Resumen-DiarioHorario-Solar'!AD395 -> 0 | K90: ='Resumen-DiarioHorario-Solar'!AD472 -> 0 | L90: ='Resumen-DiarioHorario-Solar'!AD549 -> 0 | M90: ='Resumen-DiarioHorario-Solar'!AD626 -> 0 | N90: ='Resumen-DiarioHorario-Solar'!AD703 -> 0 | O90: ='Resumen-DiarioHorario-Solar'!AD780 -> 0 | P90: ='Resumen-DiarioHorario-Solar'!AD857 -> 0 | Q90: ='Resumen-DiarioHorario-Solar'!AD934 -> 0 | R90: ='Resumen-DiarioHorario-Solar'!AD1011 -> 0 | S90: ='Resumen-DiarioHorario-Solar'!AD1088 -> 0 | T90: ='Resumen-DiarioHorario-Solar'!AD1165 -> 0 | U90: ='Resumen-DiarioHorario-Solar'!AD1242 -> 0 | V90: ='Resumen-DiarioHorario-Solar'!AD1319 -> 0 | W90: ='Resumen-DiarioHorario-Solar'!AD1396 -> 0 | X90: ='Resumen-DiarioHorario-Solar'!AD1473 -> 0 | Y90: ='Resumen-DiarioHorario-Solar'!AD1550 -> 7.5908333 | Z90: ='Resumen-DiarioHorario-Solar'!AD1627 -> 27.249667 | AA90: ='Resumen-DiarioHorario-Solar'!AD1704 -> 15.101833 | AB90: ='Resumen-DiarioHorario-Solar'!AD1781 -> 10.921833 | AC90: ='Resumen-DiarioHorario-Solar'!AD1858 -> 21.646167 | AD90: ='Resumen-DiarioHorario-Solar'!AD1935 -> 45.251167 | AE90: ='Resumen-DiarioHorario-Solar'!AD2012 -> 0.7605 | AF90: ='Resumen-DiarioHorario-Solar'!AD2089 -> 10.923 | AG90: ='Resumen-DiarioHorario-Solar'!AD2166 -> 0 | AH90: ='Resumen-DiarioHorario-Solar'!AD2243 -> 0 | AI90: =+'Resumen-DiarioHorario-Solar'!AD2320 -> 0 | AK90: =SUM(E90:AI90) -> 139.445
B91: PFV-SANTAISABEL | E91: ='Resumen-DiarioHorario-Solar'!AD11 -> 0 | F91: ='Resumen-DiarioHorario-Solar'!AD88 -> 0 | G91: ='Resumen-DiarioHorario-Solar'!AD165 -> 0 | H91: ='Resumen-DiarioHorario-Solar'!AD242 -> 0 | I91: ='Resumen-DiarioHorario-Solar'!AD319 -> 0 | J91: ='Resumen-DiarioHorario-Solar'!AD396 -> 0 | K91: ='Resumen-DiarioHorario-Solar'!AD473 -> 0 | L91: ='Resumen-DiarioHorario-Solar'!AD550 -> 0 | M91: ='Resumen-DiarioHorario-Solar'!AD627 -> 0 | N91: ='Resumen-DiarioHorario-Solar'!AD704 -> 0 | O91: ='Resumen-DiarioHorario-Solar'!AD781 -> 0 | P91: ='Resumen-DiarioHorario-Solar'!AD858 -> 0 | Q91: ='Resumen-DiarioHorario-Solar'!AD935 -> 0 | R91: ='Resumen-DiarioHorario-Solar'!AD1012 -> 0 | S91: ='Resumen-DiarioHorario-Solar'!AD1089 -> 0 | T91: ='Resumen-DiarioHorario-Solar'!AD1166 -> 0 | U91: ='Resumen-DiarioHorario-Solar'!AD1243 -> 0 | V91: ='Resumen-DiarioHorario-Solar'!AD1320 -> 0 | W91: ='Resumen-DiarioHorario-Solar'!AD1397 -> 0 | X91: ='Resumen-DiarioHorario-Solar'!AD1474 -> 0 | Y91: ='Resumen-DiarioHorario-Solar'!AD1551 -> 0 | Z91: ='Resumen-DiarioHorario-Solar'!AD1628 -> 0 | AA91: ='Resumen-DiarioHorario-Solar'!AD1705 -> 0 | AB91: ='Resumen-DiarioHorario-Solar'!AD1782 -> 117.18033 | AC91: ='Resumen-DiarioHorario-Solar'!AD1859 -> 439.39033 | AD91: ='Resumen-DiarioHorario-Solar'!AD1936 -> 548.38467 | AE91: ='Resumen-DiarioHorario-Solar'!AD2013 -> 33.3225 | AF91: ='Resumen-DiarioHorario-Solar'!AD2090 -> 0 | AG91: ='Resumen-DiarioHorario-Solar'!AD2167 -> 0 | AH91: ='Resumen-DiarioHorario-Solar'!AD2244 -> 0 | AI91: =+'Resumen-DiarioHorario-Solar'!AD2321 -> 0 | AK91: =SUM(E91:AI91) -> 1138.2778
B92: PFV-HUATACONDO | E92: ='Resumen-DiarioHorario-Solar'!AD12 -> 0 | F92: ='Resumen-DiarioHorario-Solar'!AD89 -> 0 | G92: ='Resumen-DiarioHorario-Solar'!AD166 -> 0 | H92: ='Resumen-DiarioHorario-Solar'!AD243 -> 555.07967 | I92: ='Resumen-DiarioHorario-Solar'!AD320 -> 523.75133 | J92: ='Resumen-DiarioHorario-Solar'!AD397 -> 562.32167 | K92: ='Resumen-DiarioHorario-Solar'!AD474 -> 0 | L92: ='Resumen-DiarioHorario-Solar'!AD551 -> 0 | M92: ='Resumen-DiarioHorario-Solar'!AD628 -> 0 | N92: ='Resumen-DiarioHorario-Solar'!AD705 -> 0 | O92: ='Resumen-DiarioHorario-Solar'!AD782 -> 0 | P92: ='Resumen-DiarioHorario-Solar'!AD859 -> 0 | Q92: ='Resumen-DiarioHorario-Solar'!AD936 -> 0 | R92: ='Resumen-DiarioHorario-Solar'!AD1013 -> 372.57433 | S92: ='Resumen-DiarioHorario-Solar'!AD1090 -> 544.52017 | T92: ='Resumen-DiarioHorario-Solar'!AD1167 -> 394.1375 | U92: ='Resumen-DiarioHorario-Solar'!AD1244 -> 171.97133 | V92: ='Resumen-DiarioHorario-Solar'!AD1321 -> 42.621167 | W92: ='Resumen-DiarioHorario-Solar'!AD1398 -> 72.112667 | X92: ='Resumen-DiarioHorario-Solar'!AD1475 -> 19.809333 | Y92: ='Resumen-DiarioHorario-Solar'!AD1552 -> 13.243167 | Z92: ='Resumen-DiarioHorario-Solar'!AD1629 -> 35.645667 | AA92: ='Resumen-DiarioHorario-Solar'!AD1706 -> 0 | AB92: ='Resumen-DiarioHorario-Solar'!AD1783 -> 0 | AC92: ='Resumen-DiarioHorario-Solar'!AD1860 -> 0 | AD92: ='Resumen-DiarioHorario-Solar'!AD1937 -> 0 | AE92: ='Resumen-DiarioHorario-Solar'!AD2014 -> 45.6065 | AF92: ='Resumen-DiarioHorario-Solar'!AD2091 -> 46.531667 | AG92: ='Resumen-DiarioHorario-Solar'!AD2168 -> 151.65583 | AH92: ='Resumen-DiarioHorario-Solar'!AD2245 -> 91.696 | AI92: =+'Resumen-DiarioHorario-Solar'!AD2322 -> 173.76817 | AK92: =SUM(E92:AI92) -> 3817.0462
B93: PFV-ATACAMASOLAR-2 | E93: ='Resumen-DiarioHorario-Solar'!AD13 -> 0 | F93: ='Resumen-DiarioHorario-Solar'!AD90 -> 0 | G93: ='Resumen-DiarioHorario-Solar'!AD167 -> 0 | H93: ='Resumen-DiarioHorario-Solar'!AD244 -> 0 | I93: ='Resumen-DiarioHorario-Solar'!AD321 -> 0 | J93: ='Resumen-DiarioHorario-Solar'!AD398 -> 0 | K93: ='Resumen-DiarioHorario-Solar'!AD475 -> 0 | L93: ='Resumen-DiarioHorario-Solar'!AD552 -> 0 | M93: ='Resumen-DiarioHorario-Solar'!AD629 -> 0 | N93: ='Resumen-DiarioHorario-Solar'!AD706 -> 0 | O93: ='Resumen-DiarioHorario-Solar'!AD783 -> 0 | P93: ='Resumen-DiarioHorario-Solar'!AD860 -> 0 | Q93: ='Resumen-DiarioHorario-Solar'!AD937 -> 0 | R93: ='Resumen-DiarioHorario-Solar'!AD1014 -> 0 | S93: ='Resumen-DiarioHorario-Solar'!AD1091 -> 0 | T93: ='Resumen-DiarioHorario-Solar'!AD1168 -> 0 | U93: ='Resumen-DiarioHorario-Solar'!AD1245 -> 517.31333 | V93: ='Resumen-DiarioHorario-Solar'!AD1322 -> 128.411 | W93: ='Resumen-DiarioHorario-Solar'!AD1399 -> 144.558 | X93: ='Resumen-DiarioHorario-Solar'!AD1476 -> 248.47533 | Y93: ='Resumen-DiarioHorario-Solar'!AD1553 -> 119.45 | Z93: ='Resumen-DiarioHorario-Solar'!AD1630 -> 279.58867 | AA93: ='Resumen-DiarioHorario-Solar'!AD1707 -> 602.06833 | AB93: ='Resumen-DiarioHorario-Solar'!AD1784 -> 89.2005 | AC93: ='Resumen-DiarioHorario-Solar'!AD1861 -> 400.8035 | AD93: ='Resumen-DiarioHorario-Solar'!AD1938 -> 432.6895 | AE93: ='Resumen-DiarioHorario-Solar'!AD2015 -> 44.202167 | AF93: ='Resumen-DiarioHorario-Solar'!AD2092 -> 174.2295 | AG93: ='Resumen-DiarioHorario-Solar'!AD2169 -> 0 | AH93: ='Resumen-DiarioHorario-Solar'!AD2246 -> 0 | AI93: =+'Resumen-DiarioHorario-Solar'!AD2323 -> 0 | AK93: =SUM(E93:AI93) -> 3180.9898
B94: PFV-NUEVOQUILLAGUA | D94: † | E94: ='Resumen-DiarioHorario-Solar'!AD14 -> 0 | F94: ='Resumen-DiarioHorario-Solar'!AD91 -> 0 | G94: ='Resumen-DiarioHorario-Solar'!AD168 -> 0 | H94: ='Resumen-DiarioHorario-Solar'!AD245 -> 0 | I94: ='Resumen-DiarioHorario-Solar'!AD322 -> 0 | J94: ='Resumen-DiarioHorario-Solar'!AD399 -> 0 | K94: ='Resumen-DiarioHorario-Solar'!AD476 -> 0 | L94: ='Resumen-DiarioHorario-Solar'!AD553 -> 0 | M94: ='Resumen-DiarioHorario-Solar'!AD630 -> 0 | N94: ='Resumen-DiarioHorario-Solar'!AD707 -> 0 | O94: ='Resumen-DiarioHorario-Solar'!AD784 -> 0 | P94: ='Resumen-DiarioHorario-Solar'!AD861 -> 0 | Q94: ='Resumen-DiarioHorario-Solar'!AD938 -> 0 | R94: ='Resumen-DiarioHorario-Solar'!AD1015 -> 0 | S94: ='Resumen-DiarioHorario-Solar'!AD1092 -> 0 | T94: ='Resumen-DiarioHorario-Solar'!AD1169 -> 0 | U94: ='Resumen-DiarioHorario-Solar'!AD1246 -> 0 | V94: ='Resumen-DiarioHorario-Solar'!AD1323 -> 0 | W94: ='Resumen-DiarioHorario-Solar'!AD1400 -> 0 | X94: ='Resumen-DiarioHorario-Solar'!AD1477 -> 0 | Y94: ='Resumen-DiarioHorario-Solar'!AD1554 -> 0 | Z94: ='Resumen-DiarioHorario-Solar'!AD1631 -> 0 | AA94: ='Resumen-DiarioHorario-Solar'!AD1708 -> 0 | AB94: ='Resumen-DiarioHorario-Solar'!AD1785 -> 0 | AC94: ='Resumen-DiarioHorario-Solar'!AD1862 -> 0 | AD94: ='Resumen-DiarioHorario-Solar'!AD1939 -> 0 | AE94: ='Resumen-DiarioHorario-Solar'!AD2016 -> 0 | AF94: ='Resumen-DiarioHorario-Solar'!AD2093 -> 0 | AG94: ='Resumen-DiarioHorario-Solar'!AD2170 -> 0 | AH94: ='Resumen-DiarioHorario-Solar'!AD2247 -> 0 | AI94: =+'Resumen-DiarioHorario-Solar'!AD2324 -> 0 | AK94: =SUM(E94:AI94) -> 0
B95: PFV-GRANJA | E95: ='Resumen-DiarioHorario-Solar'!AD15 -> 233.571 | F95: ='Resumen-DiarioHorario-Solar'!AD92 -> 150.21533 | G95: ='Resumen-DiarioHorario-Solar'!AD169 -> 139.55867 | H95: ='Resumen-DiarioHorario-Solar'!AD246 -> 109.00517 | I95: ='Resumen-DiarioHorario-Solar'!AD323 -> 197.47317 | J95: ='Resumen-DiarioHorario-Solar'!AD400 -> 173.74933 | K95: ='Resumen-DiarioHorario-Solar'!AD477 -> 109.8505 | L95: ='Resumen-DiarioHorario-Solar'!AD554 -> 179.78283 | M95: ='Resumen-DiarioHorario-Solar'!AD631 -> 32.468833 | N95: ='Resumen-DiarioHorario-Solar'!AD708 -> 300.81017 | O95: ='Resumen-DiarioHorario-Solar'!AD785 -> 422.39817 | P95: ='Resumen-DiarioHorario-Solar'!AD862 -> 489.80117 | Q95: ='Resumen-DiarioHorario-Solar'!AD939 -> 341.267 | R95: ='Resumen-DiarioHorario-Solar'!AD1016 -> 199.60133 | S95: ='Resumen-DiarioHorario-Solar'!AD1093 -> 339.87167 | T95: ='Resumen-DiarioHorario-Solar'!AD1170 -> 269.52783 | U95: ='Resumen-DiarioHorario-Solar'!AD1247 -> 199.87733 | V95: ='Resumen-DiarioHorario-Solar'!AD1324 -> 79.851 | W95: ='Resumen-DiarioHorario-Solar'!AD1401 -> 100.04383 | X95: ='Resumen-DiarioHorario-Solar'!AD1478 -> 35.3125 | Y95: ='Resumen-DiarioHorario-Solar'!AD1555 -> 29.100833 | Z95: ='Resumen-DiarioHorario-Solar'!AD1632 -> 55.366333 | AA95: ='Resumen-DiarioHorario-Solar'!AD1709 -> 25.939 | AB95: ='Resumen-DiarioHorario-Solar'!AD1786 -> 29.8995 | AC95: ='Resumen-DiarioHorario-Solar'!AD1863 -> 94.715833 | AD95: ='Resumen-DiarioHorario-Solar'!AD1940 -> 330.28917 | AE95: ='Resumen-DiarioHorario-Solar'!AD2017 -> 75.4395 | AF95: ='Resumen-DiarioHorario-Solar'!AD2094 -> 91.184333 | AG95: ='Resumen-DiarioHorario-Solar'!AD2171 -> 199.32783 | AH95: ='Resumen-DiarioHorario-Solar'!AD2248 -> 172.37 | AI95: =+'Resumen-DiarioHorario-Solar'!AD2325 -> 222.33667 | AK95: =SUM(E95:AI95) -> 5430.0058
B96: PFV-USYA | E96: ='Resumen-DiarioHorario-Solar'!AD16 -> 220.94867 | F96: ='Resumen-DiarioHorario-Solar'!AD93 -> 171.67617 | G96: ='Resumen-DiarioHorario-Solar'!AD170 -> 202.625 | H96: ='Resumen-DiarioHorario-Solar'!AD247 -> 139.04083 | I96: ='Resumen-DiarioHorario-Solar'!AD324 -> 258.70533 | J96: ='Resumen-DiarioHorario-Solar'!AD401 -> 202.80217 | K96: ='Resumen-DiarioHorario-Solar'!AD478 -> 251.60083 | L96: ='Resumen-DiarioHorario-Solar'!AD555 -> 248.68983 | M96: ='Resumen-DiarioHorario-Solar'!AD632 -> 256.305 | N96: ='Resumen-DiarioHorario-Solar'!AD709 -> 256.62617 | O96: ='Resumen-DiarioHorario-Solar'!AD786 -> 182.98917 | P96: ='Resumen-DiarioHorario-Solar'!AD863 -> 212.689 | Q96: ='Resumen-DiarioHorario-Solar'!AD940 -> 178.16567 | R96: ='Resumen-DiarioHorario-Solar'!AD1017 -> 79.3745 | S96: ='Resumen-DiarioHorario-Solar'!AD1094 -> 316.34683 | T96: ='Resumen-DiarioHorario-Solar'!AD1171 -> 286.2425 | U96: ='Resumen-DiarioHorario-Solar'!AD1248 -> 298.1955 | V96: ='Resumen-DiarioHorario-Solar'!AD1325 -> 173.452 | W96: ='Resumen-DiarioHorario-Solar'!AD1402 -> 134.47533 | X96: ='Resumen-DiarioHorario-Solar'!AD1479 -> 185.22433 | Y96: ='Resumen-DiarioHorario-Solar'!AD1556 -> 148.79167 | Z96: ='Resumen-DiarioHorario-Solar'!AD1633 -> 190.06283 | AA96: ='Resumen-DiarioHorario-Solar'!AD1710 -> 222.772 | AB96: ='Resumen-DiarioHorario-Solar'!AD1787 -> 167.52517 | AC96: ='Resumen-DiarioHorario-Solar'!AD1864 -> 192.91767 | AD96: ='Resumen-DiarioHorario-Solar'!AD1941 -> 201.50267 | AE96: ='Resumen-DiarioHorario-Solar'!AD2018 -> 231.47633 | AF96: ='Resumen-DiarioHorario-Solar'!AD2095 -> 154.67067 | AG96: ='Resumen-DiarioHorario-Solar'!AD2172 -> 250.392 | AH96: ='Resumen-DiarioHorario-Solar'!AD2249 -> 249.79233 | AI96: =+'Resumen-DiarioHorario-Solar'!AD2326 -> 203.3155 | AK96: =SUM(E96:AI96) -> 6469.3937
B97: PFV-SANPEDRO-GPG | E97: ='Resumen-DiarioHorario-Solar'!AD17 -> 333.81833 | F97: ='Resumen-DiarioHorario-Solar'!AD94 -> 335.98183 | G97: ='Resumen-DiarioHorario-Solar'!AD171 -> 296.6225 | H97: ='Resumen-DiarioHorario-Solar'!AD248 -> 264.28317 | I97: ='Resumen-DiarioHorario-Solar'!AD325 -> 380.84783 | J97: ='Resumen-DiarioHorario-Solar'!AD402 -> 281.965 | K97: ='Resumen-DiarioHorario-Solar'!AD479 -> 365.05433 | L97: ='Resumen-DiarioHorario-Solar'!AD556 -> 349.774 | M97: ='Resumen-DiarioHorario-Solar'!AD633 -> 195.97467 | N97: ='Resumen-DiarioHorario-Solar'!AD710 -> 510.8025 | O97: ='Resumen-DiarioHorario-Solar'!AD787 -> 633.4745 | P97: ='Resumen-DiarioHorario-Solar'!AD864 -> 642.7745 | Q97: ='Resumen-DiarioHorario-Solar'!AD941 -> 581.98617 | R97: ='Resumen-DiarioHorario-Solar'!AD1018 -> 419.3565 | S97: ='Resumen-DiarioHorario-Solar'!AD1095 -> 601.22883 | T97: ='Resumen-DiarioHorario-Solar'!AD1172 -> 545.78367 | U97: ='Resumen-DiarioHorario-Solar'!AD1249 -> 505.427 | V97: ='Resumen-DiarioHorario-Solar'!AD1326 -> 317.77967 | W97: ='Resumen-DiarioHorario-Solar'!AD1403 -> 383.22883 | X97: ='Resumen-DiarioHorario-Solar'!AD1480 -> 268.23883 | Y97: ='Resumen-DiarioHorario-Solar'!AD1557 -> 161.37733 | Z97: ='Resumen-DiarioHorario-Solar'!AD1634 -> 275.65767 | AA97: ='Resumen-DiarioHorario-Solar'!AD1711 -> 196.66 | AB97: ='Resumen-DiarioHorario-Solar'!AD1788 -> 183.1745 | AC97: ='Resumen-DiarioHorario-Solar'!AD1865 -> 291.01217 | AD97: ='Resumen-DiarioHorario-Solar'!AD1942 -> 588.31967 | AE97: ='Resumen-DiarioHorario-Solar'!AD2019 -> 287.52067 | AF97: ='Resumen-DiarioHorario-Solar'!AD2096 -> 299.09617 | AG97: ='Resumen-DiarioHorario-Solar'!AD2173 -> 467.095 | AH97: ='Resumen-DiarioHorario-Solar'!AD2250 -> 399.933 | AI97: =+'Resumen-DiarioHorario-Solar'!AD2327 -> 490.8495 | AK97: =SUM(E97:AI97) -> 11855.098
B98: PFV-JAMA-1 | E98: ='Resumen-DiarioHorario-Solar'!AD18 -> 147.65217 | F98: ='Resumen-DiarioHorario-Solar'!AD95 -> 109.40633 | G98: ='Resumen-DiarioHorario-Solar'!AD172 -> 107.6535 | H98: ='Resumen-DiarioHorario-Solar'!AD249 -> 100.67417 | I98: ='Resumen-DiarioHorario-Solar'!AD326 -> 171.78617 | J98: ='Resumen-DiarioHorario-Solar'!AD403 -> 161.99433 | K98: ='Resumen-DiarioHorario-Solar'!AD480 -> 138.036 | L98: ='Resumen-DiarioHorario-Solar'!AD557 -> 125.89267 | M98: ='Resumen-DiarioHorario-Solar'!AD634 -> 117.441 | N98: ='Resumen-DiarioHorario-Solar'!AD711 -> 152.5825 | O98: ='Resumen-DiarioHorario-Solar'!AD788 -> 189.43933 | P98: ='Resumen-DiarioHorario-Solar'!AD865 -> 182.29867 | Q98: ='Resumen-DiarioHorario-Solar'!AD942 -> 161.733 | R98: ='Resumen-DiarioHorario-Solar'!AD1019 -> 142.47067 | S98: ='Resumen-DiarioHorario-Solar'!AD1096 -> 172.1225 | T98: ='Resumen-DiarioHorario-Solar'!AD1173 -> 152.5335 | U98: ='Resumen-DiarioHorario-Solar'!AD1250 -> 210.08167 | V98: ='Resumen-DiarioHorario-Solar'!AD1327 -> 101.78117 | W98: ='Resumen-DiarioHorario-Solar'!AD1404 -> 48.256667 | X98: ='Resumen-DiarioHorario-Solar'!AD1481 -> 78.101 | Y98: ='Resumen-DiarioHorario-Solar'!AD1558 -> 54.0955 | Z98: ='Resumen-DiarioHorario-Solar'!AD1635 -> 86.593833 | AA98: ='Resumen-DiarioHorario-Solar'!AD1712 -> 76.501333 | AB98: ='Resumen-DiarioHorario-Solar'!AD1789 -> 103.59533 | AC98: ='Resumen-DiarioHorario-Solar'!AD1866 -> 126.25317 | AD98: ='Resumen-DiarioHorario-Solar'!AD1943 -> 58.524 | AE98: ='Resumen-DiarioHorario-Solar'!AD2020 -> 81.239333 | AF98: ='Resumen-DiarioHorario-Solar'!AD2097 -> 31.483 | AG98: ='Resumen-DiarioHorario-Solar'!AD2174 -> 86.907333 | AH98: ='Resumen-DiarioHorario-Solar'!AD2251 -> 155.4845 | AI98: =+'Resumen-DiarioHorario-Solar'!AD2328 -> 72.154667 | AK98: =SUM(E98:AI98) -> 3704.769
B99: PFV-JAMA-2 | E99: ='Resumen-DiarioHorario-Solar'!AD19 -> 102.79783 | F99: ='Resumen-DiarioHorario-Solar'!AD96 -> 102.21283 | G99: ='Resumen-DiarioHorario-Solar'!AD173 -> 100.94717 | H99: ='Resumen-DiarioHorario-Solar'!AD250 -> 98.236333 | I99: ='Resumen-DiarioHorario-Solar'!AD327 -> 117.66417 | J99: ='Resumen-DiarioHorario-Solar'!AD404 -> 125.17283 | K99: ='Resumen-DiarioHorario-Solar'!AD481 -> 124.87683 | L99: ='Resumen-DiarioHorario-Solar'!AD558 -> 123.80167 | M99: ='Resumen-DiarioHorario-Solar'!AD635 -> 120.24367 | N99: ='Resumen-DiarioHorario-Solar'!AD712 -> 132.67983 | O99: ='Resumen-DiarioHorario-Solar'!AD789 -> 153.61433 | P99: ='Resumen-DiarioHorario-Solar'!AD866 -> 151.75117 | Q99: ='Resumen-DiarioHorario-Solar'!AD943 -> 140.71983 | R99: ='Resumen-DiarioHorario-Solar'!AD1020 -> 104.7875 | S99: ='Resumen-DiarioHorario-Solar'!AD1097 -> 149.7135 | T99: ='Resumen-DiarioHorario-Solar'!AD1174 -> 141.125 | U99: ='Resumen-DiarioHorario-Solar'!AD1251 -> 170.71617 | V99: ='Resumen-DiarioHorario-Solar'!AD1328 -> 112.323 | W99: ='Resumen-DiarioHorario-Solar'!AD1405 -> 82.433667 | X99: ='Resumen-DiarioHorario-Solar'!AD1482 -> 110.45483 | Y99: ='Resumen-DiarioHorario-Solar'!AD1559 -> 92.029 | Z99: ='Resumen-DiarioHorario-Solar'!AD1636 -> 113.99633 | AA99: ='Resumen-DiarioHorario-Solar'!AD1713 -> 98.616667 | AB99: ='Resumen-DiarioHorario-Solar'!AD1790 -> 72.015333 | AC99: ='Resumen-DiarioHorario-Solar'!AD1867 -> 98.390833 | AD99: ='Resumen-DiarioHorario-Solar'!AD1944 -> 104.481 | AE99: ='Resumen-DiarioHorario-Solar'!AD2021 -> 112.44667 | AF99: ='Resumen-DiarioHorario-Solar'!AD2098 -> 92.4965 | AG99: ='Resumen-DiarioHorario-Solar'!AD2175 -> 111.9145 | AH99: ='Resumen-DiarioHorario-Solar'!AD2252 -> 140.212 | AI99: =+'Resumen-DiarioHorario-Solar'!AD2329 -> 95.5145 | AK99: =SUM(E99:AI99) -> 3598.3855
B100: PFV-SOLDELDESIERTO | E100: ='Resumen-DiarioHorario-Solar'!AD20 -> 782.0805 | F100: ='Resumen-DiarioHorario-Solar'!AD97 -> 789.505 | G100: ='Resumen-DiarioHorario-Solar'!AD174 -> 736.66567 | H100: ='Resumen-DiarioHorario-Solar'!AD251 -> 457.505 | I100: ='Resumen-DiarioHorario-Solar'!AD328 -> 917.56 | J100: ='Resumen-DiarioHorario-Solar'!AD405 -> 899.65833 | K100: ='Resumen-DiarioHorario-Solar'!AD482 -> 932.45467 | L100: ='Resumen-DiarioHorario-Solar'!AD559 -> 900.25867 | M100: ='Resumen-DiarioHorario-Solar'!AD636 -> 498.46933 | N100: ='Resumen-DiarioHorario-Solar'!AD713 -> 1260.5628 | O100: ='Resumen-DiarioHorario-Solar'!AD790 -> 1279.959 | P100: ='Resumen-DiarioHorario-Solar'!AD867 -> 1315.0192 | Q100: ='Resumen-DiarioHorario-Solar'!AD944 -> 1309.8005 | R100: ='Resumen-DiarioHorario-Solar'!AD1021 -> 1100.5273 | S100: ='Resumen-DiarioHorario-Solar'!AD1098 -> 1425.2573 | T100: ='Resumen-DiarioHorario-Solar'!AD1175 -> 1293.8742 | U100: ='Resumen-DiarioHorario-Solar'!AD1252 -> 1210.4128 | V100: ='Resumen-DiarioHorario-Solar'!AD1329 -> 792.97733 | W100: ='Resumen-DiarioHorario-Solar'!AD1406 -> 928.26333 | X100: ='Resumen-DiarioHorario-Solar'!AD1483 -> 666.6375 | Y100: ='Resumen-DiarioHorario-Solar'!AD1560 -> 401.381 | Z100: ='Resumen-DiarioHorario-Solar'!AD1637 -> 691.02283 | AA100: ='Resumen-DiarioHorario-Solar'!AD1714 -> 444.229 | AB100: ='Resumen-DiarioHorario-Solar'!AD1791 -> 520.45733 | AC100: ='Resumen-DiarioHorario-Solar'!AD1868 -> 1115.6812 | AD100: ='Resumen-DiarioHorario-Solar'!AD1945 -> 1200.9478 | AE100: ='Resumen-DiarioHorario-Solar'!AD2022 -> 721.99733 | AF100: ='Resumen-DiarioHorario-Solar'!AD2099 -> 694.48 | AG100: ='Resumen-DiarioHorario-Solar'!AD2176 -> 1104.6157 | AH100: ='Resumen-DiarioHorario-Solar'!AD2253 -> 955.45283 | AI100: =+'Resumen-DiarioHorario-Solar'!AD2330 -> 1190.432 | AK100: =SUM(E100:AI100) -> 28538.145
B101: PFV-MARIAELENA | E101: ='Resumen-DiarioHorario-Solar'!AD21 -> 0 | F101: ='Resumen-DiarioHorario-Solar'!AD98 -> 0 | G101: ='Resumen-DiarioHorario-Solar'!AD175 -> 0.28916667 | H101: ='Resumen-DiarioHorario-Solar'!AD252 -> 137.274 | I101: ='Resumen-DiarioHorario-Solar'!AD329 -> 0 | J101: ='Resumen-DiarioHorario-Solar'!AD406 -> 0 | K101: ='Resumen-DiarioHorario-Solar'!AD483 -> 0 | L101: ='Resumen-DiarioHorario-Solar'!AD560 -> 0 | M101: ='Resumen-DiarioHorario-Solar'!AD637 -> 0 | N101: ='Resumen-DiarioHorario-Solar'!AD714 -> 0 | O101: ='Resumen-DiarioHorario-Solar'!AD791 -> 0 | P101: ='Resumen-DiarioHorario-Solar'!AD868 -> 0 | Q101: ='Resumen-DiarioHorario-Solar'!AD945 -> 0 | R101: ='Resumen-DiarioHorario-Solar'!AD1022 -> 0 | S101: ='Resumen-DiarioHorario-Solar'!AD1099 -> 0 | T101: ='Resumen-DiarioHorario-Solar'!AD1176 -> 0 | U101: ='Resumen-DiarioHorario-Solar'!AD1253 -> 97.967667 | V101: ='Resumen-DiarioHorario-Solar'!AD1330 -> 58.813667 | W101: ='Resumen-DiarioHorario-Solar'!AD1407 -> 35.3555 | X101: ='Resumen-DiarioHorario-Solar'!AD1484 -> 60.454667 | Y101: ='Resumen-DiarioHorario-Solar'!AD1561 -> 144.97067 | Z101: ='Resumen-DiarioHorario-Solar'!AD1638 -> 100.48433 | AA101: ='Resumen-DiarioHorario-Solar'!AD1715 -> 104.9905 | AB101: ='Resumen-DiarioHorario-Solar'!AD1792 -> 124.162 | AC101: ='Resumen-DiarioHorario-Solar'!AD1869 -> 87.326833 | AD101: ='Resumen-DiarioHorario-Solar'!AD1946 -> 70.3655 | AE101: ='Resumen-DiarioHorario-Solar'!AD2023 -> 0.82683333 | AF101: ='Resumen-DiarioHorario-Solar'!AD2100 -> 70.109833 | AG101: ='Resumen-DiarioHorario-Solar'!AD2177 -> 0 | AH101: ='Resumen-DiarioHorario-Solar'!AD2254 -> 0 | AI101: =+'Resumen-DiarioHorario-Solar'!AD2331 -> 0 | AK101: =SUM(E101:AI101) -> 1093.3912
B102: PFV-LACRUZSOLAR | E102: ='Resumen-DiarioHorario-Solar'!AD22 -> 177.55633 | F102: ='Resumen-DiarioHorario-Solar'!AD99 -> 163.4645 | G102: ='Resumen-DiarioHorario-Solar'!AD176 -> 151.89133 | H102: ='Resumen-DiarioHorario-Solar'!AD253 -> 135.831 | I102: ='Resumen-DiarioHorario-Solar'!AD330 -> 183.39133 | J102: ='Resumen-DiarioHorario-Solar'!AD407 -> 178.95633 | K102: ='Resumen-DiarioHorario-Solar'!AD484 -> 198.19833 | L102: ='Resumen-DiarioHorario-Solar'!AD561 -> 198.97917 | M102: ='Resumen-DiarioHorario-Solar'!AD638 -> 112.803 | N102: ='Resumen-DiarioHorario-Solar'!AD715 -> 272.39317 | O102: ='Resumen-DiarioHorario-Solar'!AD792 -> 331.7895 | P102: ='Resumen-DiarioHorario-Solar'!AD869 -> 340.47817 | Q102: ='Resumen-DiarioHorario-Solar'!AD946 -> 297.00117 | R102: ='Resumen-DiarioHorario-Solar'!AD1023 -> 221.5455 | S102: ='Resumen-DiarioHorario-Solar'!AD1100 -> 312.452 | T102: ='Resumen-DiarioHorario-Solar'!AD1177 -> 283.681 | U102: ='Resumen-DiarioHorario-Solar'!AD1254 -> 263.65933 | V102: ='Resumen-DiarioHorario-Solar'!AD1331 -> 167.00833 | W102: ='Resumen-DiarioHorario-Solar'!AD1408 -> 196.293 | X102: ='Resumen-DiarioHorario-Solar'!AD1485 -> 147.897 | Y102: ='Resumen-DiarioHorario-Solar'!AD1562 -> 116.37417 | Z102: ='Resumen-DiarioHorario-Solar'!AD1639 -> 139.12817 | AA102: ='Resumen-DiarioHorario-Solar'!AD1716 -> 81.442 | AB102: ='Resumen-DiarioHorario-Solar'!AD1793 -> 122.1335 | AC102: ='Resumen-DiarioHorario-Solar'!AD1870 -> 129.19583 | AD102: ='Resumen-DiarioHorario-Solar'!AD1947 -> 295.84433 | AE102: ='Resumen-DiarioHorario-Solar'!AD2024 -> 144.99317 | AF102: ='Resumen-DiarioHorario-Solar'!AD2101 -> 144.22483 | AG102: ='Resumen-DiarioHorario-Solar'!AD2178 -> 231.06383 | AH102: ='Resumen-DiarioHorario-Solar'!AD2255 -> 196.783 | AI102: =+'Resumen-DiarioHorario-Solar'!AD2332 -> 254.18833 | AK102: =SUM(E102:AI102) -> 6190.6407
B103: PFV-FINISTERRAE | E103: ='Resumen-DiarioHorario-Solar'!AD23 -> 788.82367 | F103: ='Resumen-DiarioHorario-Solar'!AD100 -> 778.21767 | G103: ='Resumen-DiarioHorario-Solar'!AD177 -> 669.7445 | H103: ='Resumen-DiarioHorario-Solar'!AD254 -> 751.35233 | I103: ='Resumen-DiarioHorario-Solar'!AD331 -> 1080.4858 | J103: ='Resumen-DiarioHorario-Solar'!AD408 -> 1006.0493 | K103: ='Resumen-DiarioHorario-Solar'!AD485 -> 970.4795 | L103: ='Resumen-DiarioHorario-Solar'!AD562 -> 902.24483 | M103: ='Resumen-DiarioHorario-Solar'!AD639 -> 768.11433 | N103: ='Resumen-DiarioHorario-Solar'!AD716 -> 1427.8008 | O103: ='Resumen-DiarioHorario-Solar'!AD793 -> 1663.339 | P103: ='Resumen-DiarioHorario-Solar'!AD870 -> 1683.4608 | Q103: ='Resumen-DiarioHorario-Solar'!AD947 -> 1523.9677 | R103: ='Resumen-DiarioHorario-Solar'!AD1024 -> 1158.3683 | S103: ='Resumen-DiarioHorario-Solar'!AD1101 -> 1582.5315 | T103: ='Resumen-DiarioHorario-Solar'!AD1178 -> 1444.3423 | U103: ='Resumen-DiarioHorario-Solar'!AD1255 -> 1357.8648 | V103: ='Resumen-DiarioHorario-Solar'!AD1332 -> 878.026 | W103: ='Resumen-DiarioHorario-Solar'!AD1409 -> 1164.2538 | X103: ='Resumen-DiarioHorario-Solar'!AD1486 -> 825.34517 | Y103: ='Resumen-DiarioHorario-Solar'!AD1563 -> 631.20467 | Z103: ='Resumen-DiarioHorario-Solar'!AD1640 -> 962.83883 | AA103: ='Resumen-DiarioHorario-Solar'!AD1717 -> 711.8355 | AB103: ='Resumen-DiarioHorario-Solar'!AD1794 -> 488.77933 | AC103: ='Resumen-DiarioHorario-Solar'!AD1871 -> 1066.0402 | AD103: ='Resumen-DiarioHorario-Solar'!AD1948 -> 1415.0747 | AE103: ='Resumen-DiarioHorario-Solar'!AD2025 -> 712.295 | AF103: ='Resumen-DiarioHorario-Solar'!AD2102 -> 710.37567 | AG103: ='Resumen-DiarioHorario-Solar'!AD2179 -> 1159.8695 | AH103: ='Resumen-DiarioHorario-Solar'!AD2256 -> 987.80217 | AI103: =+'Resumen-DiarioHorario-Solar'!AD2333 -> 1358.3183 | AK103: =SUM(E103:AI103) -> 32629.246
B104: PFV-AZABACHE | E104: ='Resumen-DiarioHorario-Solar'!AD24 -> 222.97783 | F104: ='Resumen-DiarioHorario-Solar'!AD101 -> 245.16033 | G104: ='Resumen-DiarioHorario-Solar'!AD178 -> 208.74067 | H104: ='Resumen-DiarioHorario-Solar'!AD255 -> 204.5985 | I104: ='Resumen-DiarioHorario-Solar'!AD332 -> 271.20417 | J104: ='Resumen-DiarioHorario-Solar'!AD409 -> 221.444 | K104: ='Resumen-DiarioHorario-Solar'!AD486 -> 247.742 | L104: ='Resumen-DiarioHorario-Solar'!AD563 -> 225.22917 | M104: ='Resumen-DiarioHorario-Solar'!AD640 -> 182.89483 | N104: ='Resumen-DiarioHorario-Solar'!AD717 -> 384.5135 | O104: ='Resumen-DiarioHorario-Solar'!AD794 -> 456.56533 | P104: ='Resumen-DiarioHorario-Solar'!AD871 -> 445.24667 | Q104: ='Resumen-DiarioHorario-Solar'!AD948 -> 366.98183 | R104: ='Resumen-DiarioHorario-Solar'!AD1025 -> 239.345 | S104: ='Resumen-DiarioHorario-Solar'!AD1102 -> 404.159 | T104: ='Resumen-DiarioHorario-Solar'!AD1179 -> 398.8205 | U104: ='Resumen-DiarioHorario-Solar'!AD1256 -> 344.73633 | V104: ='Resumen-DiarioHorario-Solar'!AD1333 -> 229.13533 | W104: ='Resumen-DiarioHorario-Solar'!AD1410 -> 263.24567 | X104: ='Resumen-DiarioHorario-Solar'!AD1487 -> 193.57483 | Y104: ='Resumen-DiarioHorario-Solar'!AD1564 -> 103.5435 | Z104: ='Resumen-DiarioHorario-Solar'!AD1641 -> 206.69817 | AA104: ='Resumen-DiarioHorario-Solar'!AD1718 -> 103.43467 | AB104: ='Resumen-DiarioHorario-Solar'!AD1795 -> 82.248833 | AC104: ='Resumen-DiarioHorario-Solar'!AD1872 -> 334.64717 | AD104: ='Resumen-DiarioHorario-Solar'!AD1949 -> 367.95633 | AE104: ='Resumen-DiarioHorario-Solar'!AD2026 -> 202.93783 | AF104: ='Resumen-DiarioHorario-Solar'!AD2103 -> 202.27933 | AG104: ='Resumen-DiarioHorario-Solar'!AD2180 -> 293.02217 | AH104: ='Resumen-DiarioHorario-Solar'!AD2257 -> 257.44667 | AI104: =+'Resumen-DiarioHorario-Solar'!AD2334 -> 270.29183 | AK104: =SUM(E104:AI104) -> 8180.822
B105: PFV-TAMAYA | E105: ='Resumen-DiarioHorario-Solar'!AD25 -> 0 | F105: ='Resumen-DiarioHorario-Solar'!AD102 -> 0 | G105: ='Resumen-DiarioHorario-Solar'!AD179 -> 0 | H105: ='Resumen-DiarioHorario-Solar'!AD256 -> 0 | I105: ='Resumen-DiarioHorario-Solar'!AD333 -> 0 | J105: ='Resumen-DiarioHorario-Solar'!AD410 -> 0 | K105: ='Resumen-DiarioHorario-Solar'!AD487 -> 0 | L105: ='Resumen-DiarioHorario-Solar'!AD564 -> 0 | M105: ='Resumen-DiarioHorario-Solar'!AD641 -> 0 | N105: ='Resumen-DiarioHorario-Solar'!AD718 -> 0 | O105: ='Resumen-DiarioHorario-Solar'!AD795 -> 0 | P105: ='Resumen-DiarioHorario-Solar'!AD872 -> 0 | Q105: ='Resumen-DiarioHorario-Solar'!AD949 -> 0 | R105: ='Resumen-DiarioHorario-Solar'!AD1026 -> 0 | S105: ='Resumen-DiarioHorario-Solar'!AD1103 -> 0 | T105: ='Resumen-DiarioHorario-Solar'!AD1180 -> 0 | U105: ='Resumen-DiarioHorario-Solar'!AD1257 -> 0 | V105: ='Resumen-DiarioHorario-Solar'!AD1334 -> 0 | W105: ='Resumen-DiarioHorario-Solar'!AD1411 -> 0 | X105: ='Resumen-DiarioHorario-Solar'!AD1488 -> 0 | Y105: ='Resumen-DiarioHorario-Solar'!AD1565 -> 0 | Z105: ='Resumen-DiarioHorario-Solar'!AD1642 -> 0 | AA105: ='Resumen-DiarioHorario-Solar'!AD1719 -> 0 | AB105: ='Resumen-DiarioHorario-Solar'!AD1796 -> 0 | AC105: ='Resumen-DiarioHorario-Solar'!AD1873 -> 0 | AD105: ='Resumen-DiarioHorario-Solar'!AD1950 -> 0 | AE105: ='Resumen-DiarioHorario-Solar'!AD2027 -> 0 | AF105: ='Resumen-DiarioHorario-Solar'!AD2104 -> 0 | AG105: ='Resumen-DiarioHorario-Solar'!AD2181 -> 0 | AH105: ='Resumen-DiarioHorario-Solar'!AD2258 -> 0 | AI105: =+'Resumen-DiarioHorario-Solar'!AD2335 -> 0 | AK105: =SUM(E105:AI105) -> 0
B106: PFV-CERRODOMINADOR | E106: ='Resumen-DiarioHorario-Solar'!AD26 -> 328.717 | F106: ='Resumen-DiarioHorario-Solar'!AD103 -> 322.95133 | G106: ='Resumen-DiarioHorario-Solar'!AD180 -> 300.0235 | H106: ='Resumen-DiarioHorario-Solar'!AD257 -> 267.98933 | I106: ='Resumen-DiarioHorario-Solar'!AD334 -> 385.70717 | J106: ='Resumen-DiarioHorario-Solar'!AD411 -> 360.64583 | K106: ='Resumen-DiarioHorario-Solar'!AD488 -> 306.57783 | L106: ='Resumen-DiarioHorario-Solar'!AD565 -> 380.59717 | M106: ='Resumen-DiarioHorario-Solar'!AD642 -> 209.055 | N106: ='Resumen-DiarioHorario-Solar'!AD719 -> 538.79733 | O106: ='Resumen-DiarioHorario-Solar'!AD796 -> 658.07133 | P106: ='Resumen-DiarioHorario-Solar'!AD873 -> 655.67933 | Q106: ='Resumen-DiarioHorario-Solar'!AD950 -> 580.82183 | R106: ='Resumen-DiarioHorario-Solar'!AD1027 -> 488.5635 | S106: ='Resumen-DiarioHorario-Solar'!AD1104 -> 605.54183 | T106: ='Resumen-DiarioHorario-Solar'!AD1181 -> 542.59033 | U106: ='Resumen-DiarioHorario-Solar'!AD1258 -> 584.56767 | V106: ='Resumen-DiarioHorario-Solar'!AD1335 -> 325.65883 | W106: ='Resumen-DiarioHorario-Solar'!AD1412 -> 386.195 | X106: ='Resumen-DiarioHorario-Solar'!AD1489 -> 269.49617 | Y106: ='Resumen-DiarioHorario-Solar'!AD1566 -> 170.80217 | Z106: ='Resumen-DiarioHorario-Solar'!AD1643 -> 272.143 | AA106: ='Resumen-DiarioHorario-Solar'!AD1720 -> 166.433 | AB106: ='Resumen-DiarioHorario-Solar'!AD1797 -> 96.611 | AC106: ='Resumen-DiarioHorario-Solar'!AD1874 -> 254.10217 | AD106: ='Resumen-DiarioHorario-Solar'!AD1951 -> 0.47666667 | AE106: ='Resumen-DiarioHorario-Solar'!AD2028 -> 280.9205 | AF106: ='Resumen-DiarioHorario-Solar'!AD2105 -> 273.02817 | AG106: ='Resumen-DiarioHorario-Solar'!AD2182 -> 464.10283 | AH106: ='Resumen-DiarioHorario-Solar'!AD2259 -> 406.373 | AI106: =+'Resumen-DiarioHorario-Solar'!AD2336 -> 481.90583 | AK106: =SUM(E106:AI106) -> 11365.146
... B120: PFV-CHANARES | E120: ='Resumen-DiarioHorario-Solar'!AD40 -> 126.60533 | F120: ='Resumen-DiarioHorario-Solar'!AD117 -> 120.79183 | G120: ='Resumen-DiarioHorario-Solar'!AD194 -> 100.50083 | H120: ='Resumen-DiarioHorario-Solar'!AD271 -> 46.7885 | I120: ='Resumen-DiarioHorario-Solar'!AD348 -> 123.1075 | J120: ='Resumen-DiarioHorario-Solar'!AD425 -> 124.85467 | K120: ='Resumen-DiarioHorario-Solar'!AD502 -> 140.11117 | L120: ='Resumen-DiarioHorario-Solar'!AD579 -> 137.794 | M120: ='Resumen-DiarioHorario-Solar'!AD656 -> 100.99683 | N120: ='Resumen-DiarioHorario-Solar'!AD733 -> 196.55217 | O120: ='Resumen-DiarioHorario-Solar'!AD810 -> 238.822 | P120: ='Resumen-DiarioHorario-Solar'!AD887 -> 236.23833 | Q120: ='Resumen-DiarioHorario-Solar'!AD964 -> 239.713 | R120: ='Resumen-DiarioHorario-Solar'!AD1041 -> 188.15783 | S120: ='Resumen-DiarioHorario-Solar'!AD1118 -> 238.937 | T120: ='Resumen-DiarioHorario-Solar'!AD1195 -> 206.38733 | U120: ='Resumen-DiarioHorario-Solar'!AD1272 -> 196.61 | V120: ='Resumen-DiarioHorario-Solar'!AD1349 -> 140.3755 | W120: ='Resumen-DiarioHorario-Solar'!AD1426 -> 168.15483 | X120: ='Resumen-DiarioHorario-Solar'!AD1503 -> 159.32967 | Y120: ='Resumen-DiarioHorario-Solar'!AD1580 -> 112.0055 | Z120: ='Resumen-DiarioHorario-Solar'!AD1657 -> 159.95033 | AA120: ='Resumen-DiarioHorario-Solar'!AD1734 -> 81.382 | AB120: ='Resumen-DiarioHorario-Solar'!AD1811 -> 48.250833 | AC120: ='Resumen-DiarioHorario-Solar'!AD1888 -> 154.70333 | AD120: ='Resumen-DiarioHorario-Solar'!AD1965 -> 219.36567 | AE120: ='Resumen-DiarioHorario-Solar'!AD2042 -> 114.59033 | AF120: ='Resumen-DiarioHorario-Solar'!AD2119 -> 131.7275 | AG120: ='Resumen-DiarioHorario-Solar'!AD2196 -> 170.81 | AH120: ='Resumen-DiarioHorario-Solar'!AD2273 -> 144.9715 | AI120: =+'Resumen-DiarioHorario-Solar'!AD2350 -> 189.87633 | AK120: =SUM(E120:AI120) -> 4758.4617
B121: PFV-SALVADOR | D121: † | E121: ='Resumen-DiarioHorario-Solar'!AD41 -> 0 | F121: ='Resumen-DiarioHorario-Solar'!AD118 -> 0 | G121: ='Resumen-DiarioHorario-Solar'!AD195 -> 0 | H121: ='Resumen-DiarioHorario-Solar'!AD272 -> 0 | I121: ='Resumen-DiarioHorario-Solar'!AD349 -> 0 | J121: ='Resumen-DiarioHorario-Solar'!AD426 -> 0 | K121: ='Resumen-DiarioHorario-Solar'!AD503 -> 0 | L121: ='Resumen-DiarioHorario-Solar'!AD580 -> 0 | M121: ='Resumen-DiarioHorario-Solar'!AD657 -> 0 | N121: ='Resumen-DiarioHorario-Solar'!AD734 -> 0 | O121: ='Resumen-DiarioHorario-Solar'!AD811 -> 0 | P121: ='Resumen-DiarioHorario-Solar'!AD888 -> 0 | Q121: ='Resumen-DiarioHorario-Solar'!AD965 -> 0 | R121: ='Resumen-DiarioHorario-Solar'!AD1042 -> 0 | S121: ='Resumen-DiarioHorario-Solar'!AD1119 -> 0 | T121: ='Resumen-DiarioHorario-Solar'!AD1196 -> 0 | U121: ='Resumen-DiarioHorario-Solar'!AD1273 -> 0 | V121: ='Resumen-DiarioHorario-Solar'!AD1350 -> 0 | W121: ='Resumen-DiarioHorario-Solar'!AD1427 -> 0 | X121: ='Resumen-DiarioHorario-Solar'!AD1504 -> 0 | Y121: ='Resumen-DiarioHorario-Solar'!AD1581 -> 0 | Z121: ='Resumen-DiarioHorario-Solar'!AD1658 -> 0 | AA121: ='Resumen-DiarioHorario-Solar'!AD1735 -> 0 | AB121: ='Resumen-DiarioHorario-Solar'!AD1812 -> 0 | AC121: ='Resumen-DiarioHorario-Solar'!AD1889 -> 0 | AD121: ='Resumen-DiarioHorario-Solar'!AD1966 -> 0 | AE121: ='Resumen-DiarioHorario-Solar'!AD2043 -> 0 | AF121: ='Resumen-DiarioHorario-Solar'!AD2120 -> 0 | AG121: ='Resumen-DiarioHorario-Solar'!AD2197 -> 0 | AH121: ='Resumen-DiarioHorario-Solar'!AD2274 -> 0 | AI121: =+'Resumen-DiarioHorario-Solar'!AD2351 -> 0 | AK121: =SUM(E121:AI121) -> 0
B122: PFV-DIEGODEALMAGRO | E122: ='Resumen-DiarioHorario-Solar'!AD42 -> 7.75 | F122: ='Resumen-DiarioHorario-Solar'!AD119 -> 3.311 | G122: ='Resumen-DiarioHorario-Solar'!AD196 -> 7.1098333 | H122: ='Resumen-DiarioHorario-Solar'!AD273 -> 7.4126667 | I122: ='Resumen-DiarioHorario-Solar'!AD350 -> 1.9565 | J122: ='Resumen-DiarioHorario-Solar'!AD427 -> 6.1671667 | K122: ='Resumen-DiarioHorario-Solar'!AD504 -> 4.4331667 | L122: ='Resumen-DiarioHorario-Solar'!AD581 -> 5.1286667 | M122: ='Resumen-DiarioHorario-Solar'!AD658 -> 7.3768333 | N122: ='Resumen-DiarioHorario-Solar'!AD735 -> 16.950667 | O122: ='Resumen-DiarioHorario-Solar'!AD812 -> 48.837667 | P122: ='Resumen-DiarioHorario-Solar'!AD889 -> 26.793333 | Q122: ='Resumen-DiarioHorario-Solar'!AD966 -> 31.750833 | R122: ='Resumen-DiarioHorario-Solar'!AD1043 -> 16.055833 | S122: ='Resumen-DiarioHorario-Solar'!AD1120 -> 31.266333 | T122: ='Resumen-DiarioHorario-Solar'!AD1197 -> 30.722333 | U122: ='Resumen-DiarioHorario-Solar'!AD1274 -> 20.1985 | V122: ='Resumen-DiarioHorario-Solar'!AD1351 -> 4.4743333 | W122: ='Resumen-DiarioHorario-Solar'!AD1428 -> 20.031333 | X122: ='Resumen-DiarioHorario-Solar'!AD1505 -> 26.945667 | Y122: ='Resumen-DiarioHorario-Solar'!AD1582 -> 10.903667 | Z122: ='Resumen-DiarioHorario-Solar'!AD1659 -> 16.112333 | AA122: ='Resumen-DiarioHorario-Solar'!AD1736 -> 24.502833 | AB122: ='Resumen-DiarioHorario-Solar'!AD1813 -> 35.229833 | AC122: ='Resumen-DiarioHorario-Solar'!AD1890 -> 20.373667 | AD122: ='Resumen-DiarioHorario-Solar'!AD1967 -> 21.275667 | AE122: ='Resumen-DiarioHorario-Solar'!AD2044 -> 34.3675 | AF122: ='Resumen-DiarioHorario-Solar'!AD2121 -> 27.536667 | AG122: ='Resumen-DiarioHorario-Solar'!AD2198 -> 25.447833 | AH122: ='Resumen-DiarioHorario-Solar'!AD2275 -> 22.535667 | AI122: =+'Resumen-DiarioHorario-Solar'!AD2352 -> 27.617833 | AK122: =SUM(E122:AI122) -> 590.57617
B123: PFV-CAMPOSDELSOL | E123: ='Resumen-DiarioHorario-Solar'!AD43 -> 918.45267 | F123: ='Resumen-DiarioHorario-Solar'!AD120 -> 0 | G123: ='Resumen-DiarioHorario-Solar'!AD197 -> 0 | H123: ='Resumen-DiarioHorario-Solar'!AD274 -> 0 | I123: ='Resumen-DiarioHorario-Solar'!AD351 -> 2818.9933 | J123: ='Resumen-DiarioHorario-Solar'!AD428 -> 2708.8813 | K123: ='Resumen-DiarioHorario-Solar'!AD505 -> 0 | L123: ='Resumen-DiarioHorario-Solar'!AD582 -> 0 | M123: ='Resumen-DiarioHorario-Solar'!AD659 -> 36.118833 | N123: ='Resumen-DiarioHorario-Solar'!AD736 -> 633.027 | O123: ='Resumen-DiarioHorario-Solar'!AD813 -> 1104.8127 | P123: ='Resumen-DiarioHorario-Solar'!AD890 -> 1359.2852 | Q123: ='Resumen-DiarioHorario-Solar'!AD967 -> 866.57933 | R123: ='Resumen-DiarioHorario-Solar'!AD1044 -> 510.66267 | S123: ='Resumen-DiarioHorario-Solar'!AD1121 -> 620.241 | T123: ='Resumen-DiarioHorario-Solar'!AD1198 -> 591.5145 | U123: ='Resumen-DiarioHorario-Solar'!AD1275 -> 414.743 | V123: ='Resumen-DiarioHorario-Solar'!AD1352 -> 209.27333 | W123: ='Resumen-DiarioHorario-Solar'!AD1429 -> 272.25867 | X123: ='Resumen-DiarioHorario-Solar'!AD1506 -> 86.7795 | Y123: ='Resumen-DiarioHorario-Solar'!AD1583 -> 34.223 | Z123: ='Resumen-DiarioHorario-Solar'!AD1660 -> 430.73233 | AA123: ='Resumen-DiarioHorario-Solar'!AD1737 -> 125.51017 | AB123: ='Resumen-DiarioHorario-Solar'!AD1814 -> 671.68417 | AC123: ='Resumen-DiarioHorario-Solar'!AD1891 -> 432.2165 | AD123: ='Resumen-DiarioHorario-Solar'!AD1968 -> 1230.0612 | AE123: ='Resumen-DiarioHorario-Solar'!AD2045 -> 67.223667 | AF123: ='Resumen-DiarioHorario-Solar'!AD2122 -> 317.346 | AG123: ='Resumen-DiarioHorario-Solar'!AD2199 -> 631.681 | AH123: ='Resumen-DiarioHorario-Solar'!AD2276 -> 617.15217 | AI123: =+'Resumen-DiarioHorario-Solar'!AD2353 -> 863.23267 | AK123: =SUM(E123:AI123) -> 18572.686
B124: PFV-CARRERAPINTO | E124: ='Resumen-DiarioHorario-Solar'!AD44 -> 96.056 | F124: ='Resumen-DiarioHorario-Solar'!AD121 -> 80.622333 | G124: ='Resumen-DiarioHorario-Solar'!AD198 -> 115.66733 | H124: ='Resumen-DiarioHorario-Solar'!AD275 -> 25.448333 | I124: ='Resumen-DiarioHorario-Solar'!AD352 -> 10.408833 | J124: ='Resumen-DiarioHorario-Solar'!AD429 -> 57.3895 | K124: ='Resumen-DiarioHorario-Solar'!AD506 -> 69.943 | L124: ='Resumen-DiarioHorario-Solar'!AD583 -> 120.5615 | M124: ='Resumen-DiarioHorario-Solar'!AD660 -> 222.173 | N124: ='Resumen-DiarioHorario-Solar'!AD737 -> 370.34767 | O124: ='Resumen-DiarioHorario-Solar'!AD814 -> 414.351 | P124: ='Resumen-DiarioHorario-Solar'!AD891 -> 212.012 | Q124: ='Resumen-DiarioHorario-Solar'!AD968 -> 371.617 | R124: ='Resumen-DiarioHorario-Solar'!AD1045 -> 307.28383 | S124: ='Resumen-DiarioHorario-Solar'!AD1122 -> 318.60783 | T124: ='Resumen-DiarioHorario-Solar'!AD1199 -> 210.17517 | U124: ='Resumen-DiarioHorario-Solar'!AD1276 -> 167.15167 | V124: ='Resumen-DiarioHorario-Solar'!AD1353 -> 21.074333 | W124: ='Resumen-DiarioHorario-Solar'!AD1430 -> 5.7211667 | X124: ='Resumen-DiarioHorario-Solar'!AD1507 -> 20.365833 | Y124: ='Resumen-DiarioHorario-Solar'!AD1584 -> 68.537833 | Z124: ='Resumen-DiarioHorario-Solar'!AD1661 -> 135.42783 | AA124: ='Resumen-DiarioHorario-Solar'!AD1738 -> 37.023833 | AB124: ='Resumen-DiarioHorario-Solar'!AD1815 -> 115.41417 | AC124: ='Resumen-DiarioHorario-Solar'!AD1892 -> 123.53067 | AD124: ='Resumen-DiarioHorario-Solar'!AD1969 -> 102.76967 | AE124: ='Resumen-DiarioHorario-Solar'!AD2046 -> 164.7645 | AF124: ='Resumen-DiarioHorario-Solar'!AD2123 -> 41.827667 | AG124: ='Resumen-DiarioHorario-Solar'!AD2200 -> 126.024 | AH124: ='Resumen-DiarioHorario-Solar'!AD2277 -> 42.095 | AI124: =+'Resumen-DiarioHorario-Solar'!AD2354 -> 126.08383 | AK124: =SUM(E124:AI124) -> 4300.4763
B125: PFV-LUZDELNORTE | E125: ='Resumen-DiarioHorario-Solar'!AD45 -> 373.80717 | F125: ='Resumen-DiarioHorario-Solar'!AD122 -> 311.28167 | G125: ='Resumen-DiarioHorario-Solar'!AD199 -> 526.1425 | H125: ='Resumen-DiarioHorario-Solar'!AD276 -> 273.11167 | I125: ='Resumen-DiarioHorario-Solar'!AD353 -> 615.95233 | J125: ='Resumen-DiarioHorario-Solar'!AD430 -> 476.25183 | K125: ='Resumen-DiarioHorario-Solar'!AD507 -> 478.38167 | L125: ='Resumen-DiarioHorario-Solar'!AD584 -> 343.70867 | M125: ='Resumen-DiarioHorario-Solar'!AD661 -> 754.866 | N125: ='Resumen-DiarioHorario-Solar'!AD738 -> 768.3555 | O125: ='Resumen-DiarioHorario-Solar'!AD815 -> 964.90783 | P125: ='Resumen-DiarioHorario-Solar'!AD892 -> 945.98783 | Q125: ='Resumen-DiarioHorario-Solar'!AD969 -> 840.01267 | R125: ='Resumen-DiarioHorario-Solar'!AD1046 -> 647.35183 | S125: ='Resumen-DiarioHorario-Solar'!AD1123 -> 771.41967 | T125: ='Resumen-DiarioHorario-Solar'!AD1200 -> 659.79883 | U125: ='Resumen-DiarioHorario-Solar'!AD1277 -> 614.025 | V125: ='Resumen-DiarioHorario-Solar'!AD1354 -> 462.9055 | W125: ='Resumen-DiarioHorario-Solar'!AD1431 -> 653.25583 | X125: ='Resumen-DiarioHorario-Solar'!AD1508 -> 525.41467 | Y125: ='Resumen-DiarioHorario-Solar'!AD1585 -> 211.55367 | Z125: ='Resumen-DiarioHorario-Solar'!AD1662 -> 538.63267 | AA125: ='Resumen-DiarioHorario-Solar'!AD1739 -> 466.22783 | AB125: ='Resumen-DiarioHorario-Solar'!AD1816 -> 346.74933 | AC125: ='Resumen-DiarioHorario-Solar'!AD1893 -> 311.25067 | AD125: ='Resumen-DiarioHorario-Solar'!AD1970 -> 907.3355 | AE125: ='Resumen-DiarioHorario-Solar'!AD2047 -> 674.35083 | AF125: ='Resumen-DiarioHorario-Solar'!AD2124 -> 693.49517 | AG125: ='Resumen-DiarioHorario-Solar'!AD2201 -> 765.70533 | AH125: ='Resumen-DiarioHorario-Solar'!AD2278 -> 610.26633 | AI125: =+'Resumen-DiarioHorario-Solar'!AD2355 -> 739.2195 | AK125: =SUM(E125:AI125) -> 18271.726
B126: PFV-LLANODELLAMPOS | E126: ='Resumen-DiarioHorario-Solar'!AD46 -> 1.3973333 | F126: ='Resumen-DiarioHorario-Solar'!AD123 -> 0.89133333 | G126: ='Resumen-DiarioHorario-Solar'!AD200 -> 11.659667 | H126: ='Resumen-DiarioHorario-Solar'!AD277 -> 0 | I126: ='Resumen-DiarioHorario-Solar'!AD354 -> 10.174833 | J126: ='Resumen-DiarioHorario-Solar'!AD431 -> 1.4441667 | K126: ='Resumen-DiarioHorario-Solar'!AD508 -> 26.095333 | L126: ='Resumen-DiarioHorario-Solar'!AD585 -> 6.1336667 | M126: ='Resumen-DiarioHorario-Solar'!AD662 -> 4.3683333 | N126: ='Resumen-DiarioHorario-Solar'!AD739 -> 96.084333 | O126: ='Resumen-DiarioHorario-Solar'!AD816 -> 194.55133 | P126: ='Resumen-DiarioHorario-Solar'!AD893 -> 229.38433 | Q126: ='Resumen-DiarioHorario-Solar'!AD970 -> 151.20933 | R126: ='Resumen-DiarioHorario-Solar'!AD1047 -> 117.12417 | S126: ='Resumen-DiarioHorario-Solar'!AD1124 -> 150.8435 | T126: ='Resumen-DiarioHorario-Solar'!AD1201 -> 98.792 | U126: ='Resumen-DiarioHorario-Solar'!AD1278 -> 59.966167 | V126: ='Resumen-DiarioHorario-Solar'!AD1355 -> 14.25 | W126: ='Resumen-DiarioHorario-Solar'!AD1432 -> 2.9631667 | X126: ='Resumen-DiarioHorario-Solar'!AD1509 -> 33.761167 | Y126: ='Resumen-DiarioHorario-Solar'!AD1586 -> 5.8961667 | Z126: ='Resumen-DiarioHorario-Solar'!AD1663 -> 1.8878333 | AA126: ='Resumen-DiarioHorario-Solar'!AD1740 -> 0 | AB126: ='Resumen-DiarioHorario-Solar'!AD1817 -> 30.639333 | AC126: ='Resumen-DiarioHorario-Solar'!AD1894 -> 18.501167 | AD126: ='Resumen-DiarioHorario-Solar'!AD1971 -> 169.03383 | AE126: ='Resumen-DiarioHorario-Solar'!AD2048 -> 1.3861667 | AF126: ='Resumen-DiarioHorario-Solar'!AD2125 -> 3.8275 | AG126: ='Resumen-DiarioHorario-Solar'!AD2202 -> 64.297833 | AH126: ='Resumen-DiarioHorario-Solar'!AD2279 -> 20.464333 | AI126: =+'Resumen-DiarioHorario-Solar'!AD2356 -> 88.465 | AK126: =SUM(E126:AI126) -> 1615.4933
B127: PFV-SANANDRES | E127: ='Resumen-DiarioHorario-Solar'!AD47 -> 0 | F127: ='Resumen-DiarioHorario-Solar'!AD124 -> 0 | G127: ='Resumen-DiarioHorario-Solar'!AD201 -> 0 | H127: ='Resumen-DiarioHorario-Solar'!AD278 -> 0 | I127: ='Resumen-DiarioHorario-Solar'!AD355 -> 0 | J127: ='Resumen-DiarioHorario-Solar'!AD432 -> 0 | K127: ='Resumen-DiarioHorario-Solar'!AD509 -> 0 | L127: ='Resumen-DiarioHorario-Solar'!AD586 -> 111.71133 | M127: ='Resumen-DiarioHorario-Solar'!AD663 -> 0 | N127: ='Resumen-DiarioHorario-Solar'!AD740 -> 0 | O127: ='Resumen-DiarioHorario-Solar'!AD817 -> 0 | P127: ='Resumen-DiarioHorario-Solar'!AD894 -> 0 | Q127: ='Resumen-DiarioHorario-Solar'!AD971 -> 0 | R127: ='Resumen-DiarioHorario-Solar'!AD1048 -> 0 | S127: ='Resumen-DiarioHorario-Solar'!AD1125 -> 0 | T127: ='Resumen-DiarioHorario-Solar'!AD1202 -> 0 | U127: ='Resumen-DiarioHorario-Solar'!AD1279 -> 0 | V127: ='Resumen-DiarioHorario-Solar'!AD1356 -> 0 | W127: ='Resumen-DiarioHorario-Solar'!AD1433 -> 0 | X127: ='Resumen-DiarioHorario-Solar'!AD1510 -> 0 | Y127: ='Resumen-DiarioHorario-Solar'!AD1587 -> 0 | Z127: ='Resumen-DiarioHorario-Solar'!AD1664 -> 0 | AA127: ='Resumen-DiarioHorario-Solar'!AD1741 -> 0 | AB127: ='Resumen-DiarioHorario-Solar'!AD1818 -> 0 | AC127: ='Resumen-DiarioHorario-Solar'!AD1895 -> 0 | AD127: ='Resumen-DiarioHorario-Solar'!AD1972 -> 0 | AE127: ='Resumen-DiarioHorario-Solar'!AD2049 -> 0 | AF127: ='Resumen-DiarioHorario-Solar'!AD2126 -> 0 | AG127: ='Resumen-DiarioHorario-Solar'!AD2203 -> 0 | AH127: ='Resumen-DiarioHorario-Solar'!AD2280 -> 0 | AI127: =+'Resumen-DiarioHorario-Solar'!AD2357 -> 0 | AK127: =SUM(E127:AI127) -> 111.71133
B128: PFV-RIOESCONDIDO | E128: ='Resumen-DiarioHorario-Solar'!AD48 -> 505.03767 | F128: ='Resumen-DiarioHorario-Solar'!AD125 -> 431.10117 | G128: ='Resumen-DiarioHorario-Solar'!AD202 -> 344.7 | H128: ='Resumen-DiarioHorario-Solar'!AD279 -> 228.07833 | I128: ='Resumen-DiarioHorario-Solar'!AD356 -> 586.43683 | J128: ='Resumen-DiarioHorario-Solar'!AD433 -> 570.36067 | K128: ='Resumen-DiarioHorario-Solar'!AD510 -> 489.86267 | L128: ='Resumen-DiarioHorario-Solar'!AD587 -> 461.14517 | M128: ='Resumen-DiarioHorario-Solar'!AD664 -> 239.7685 | N128: ='Resumen-DiarioHorario-Solar'!AD741 -> 659.73383 | O128: ='Resumen-DiarioHorario-Solar'!AD818 -> 819.05133 | P128: ='Resumen-DiarioHorario-Solar'!AD895 -> 831.04883 | Q128: ='Resumen-DiarioHorario-Solar'!AD972 -> 683.214 | R128: ='Resumen-DiarioHorario-Solar'!AD1049 -> 638.78383 | S128: ='Resumen-DiarioHorario-Solar'!AD1126 -> 779.41067 | T128: ='Resumen-DiarioHorario-Solar'!AD1203 -> 741.02233 | U128: ='Resumen-DiarioHorario-Solar'!AD1280 -> 687.37917 | V128: ='Resumen-DiarioHorario-Solar'!AD1357 -> 463.09733 | W128: ='Resumen-DiarioHorario-Solar'!AD1434 -> 513.992 | X128: ='Resumen-DiarioHorario-Solar'!AD1511 -> 1234.3117 | Y128: ='Resumen-DiarioHorario-Solar'!AD1588 -> 0.60483333 | Z128: ='Resumen-DiarioHorario-Solar'!AD1665 -> 370.16567 | AA128: ='Resumen-DiarioHorario-Solar'!AD1742 -> 242.1515 | AB128: ='Resumen-DiarioHorario-Solar'!AD1819 -> 293.63233 | AC128: ='Resumen-DiarioHorario-Solar'!AD1896 -> 538.05383 | AD128: ='Resumen-DiarioHorario-Solar'!AD1973 -> 746.459 | AE128: ='Resumen-DiarioHorario-Solar'!AD2050 -> 393.147 | AF128: ='Resumen-DiarioHorario-Solar'!AD2127 -> 408.08167 | AG128: ='Resumen-DiarioHorario-Solar'!AD2204 -> 665.32983 | AH128: ='Resumen-DiarioHorario-Solar'!AD2281 -> 396.31133 | AI128: =+'Resumen-DiarioHorario-Solar'!AD2358 -> 531.36067 | AK128: =SUM(E128:AI128) -> 16492.834
B129: PFV-LOSLOROS | E129: ='Resumen-DiarioHorario-Solar'!AD49 -> 33.055833 | F129: ='Resumen-DiarioHorario-Solar'!AD126 -> 14.299667 | G129: ='Resumen-DiarioHorario-Solar'!AD203 -> 23.549167 | H129: ='Resumen-DiarioHorario-Solar'!AD280 -> 24.187667 | I129: ='Resumen-DiarioHorario-Solar'!AD357 -> 26.296 | J129: ='Resumen-DiarioHorario-Solar'!AD434 -> 32.549 | K129: ='Resumen-DiarioHorario-Solar'!AD511 -> 48.082167 | L129: ='Resumen-DiarioHorario-Solar'!AD588 -> 17.657333 | M129: ='Resumen-DiarioHorario-Solar'!AD665 -> 3.823 | N129: ='Resumen-DiarioHorario-Solar'!AD742 -> 5.734 | O129: ='Resumen-DiarioHorario-Solar'!AD819 -> 112.62067 | P129: ='Resumen-DiarioHorario-Solar'!AD896 -> 123.08483 | Q129: ='Resumen-DiarioHorario-Solar'!AD973 -> 0 | R129: ='Resumen-DiarioHorario-Solar'!AD1050 -> 0 | S129: ='Resumen-DiarioHorario-Solar'!AD1127 -> 0 | T129: ='Resumen-DiarioHorario-Solar'!AD1204 -> 0 | U129: ='Resumen-DiarioHorario-Solar'!AD1281 -> 0 | V129: ='Resumen-DiarioHorario-Solar'!AD1358 -> 0 | W129: ='Resumen-DiarioHorario-Solar'!AD1435 -> 0 | X129: ='Resumen-DiarioHorario-Solar'!AD1512 -> 14.084 | Y129: ='Resumen-DiarioHorario-Solar'!AD1589 -> 5.3603333 | Z129: ='Resumen-DiarioHorario-Solar'!AD1666 -> 5.774 | AA129: ='Resumen-DiarioHorario-Solar'!AD1743 -> 16.692667 | AB129: ='Resumen-DiarioHorario-Solar'!AD1820 -> 12.876167 | AC129: ='Resumen-DiarioHorario-Solar'!AD1897 -> 40.055667 | AD129: ='Resumen-DiarioHorario-Solar'!AD1974 -> 89.622333 | AE129: ='Resumen-DiarioHorario-Solar'!AD2051 -> 0.6675 | AF129: ='Resumen-DiarioHorario-Solar'!AD2128 -> 5.169 | AG129: ='Resumen-DiarioHorario-Solar'!AD2205 -> 2.7625 | AH129: ='Resumen-DiarioHorario-Solar'!AD2282 -> 1.9728333 | AI129: =+'Resumen-DiarioHorario-Solar'!AD2359 -> 3.9856667 | AK129: =SUM(E129:AI129) -> 663.962
B130: PFV-ELROMERO | E130: ='Resumen-DiarioHorario-Solar'!AD50 -> 386.54933 | F130: ='Resumen-DiarioHorario-Solar'!AD127 -> 1114.1828 | G130: ='Resumen-DiarioHorario-Solar'!AD204 -> 1511.636 | H130: ='Resumen-DiarioHorario-Solar'!AD281 -> 1287.0742 | I130: ='Resumen-DiarioHorario-Solar'!AD358 -> 1343.4167 | J130: ='Resumen-DiarioHorario-Solar'!AD435 -> 1425.89 | K130: ='Resumen-DiarioHorario-Solar'!AD512 -> 0 | L130: ='Resumen-DiarioHorario-Solar'!AD589 -> 166.1875 | M130: ='Resumen-DiarioHorario-Solar'!AD666 -> 147.80033 | N130: ='Resumen-DiarioHorario-Solar'!AD743 -> 436.739 | O130: ='Resumen-DiarioHorario-Solar'!AD820 -> 592.075 | P130: ='Resumen-DiarioHorario-Solar'!AD897 -> 343.44683 | Q130: ='Resumen-DiarioHorario-Solar'!AD974 -> 549.7385 | R130: ='Resumen-DiarioHorario-Solar'!AD1051 -> 475.63133 | S130: ='Resumen-DiarioHorario-Solar'!AD1128 -> 441.36917 | T130: ='Resumen-DiarioHorario-Solar'!AD1205 -> 373.59933 | U130: ='Resumen-DiarioHorario-Solar'!AD1282 -> 561.934 | V130: ='Resumen-DiarioHorario-Solar'!AD1359 -> 534.817 | W130: ='Resumen-DiarioHorario-Solar'!AD1436 -> 583.57917 | X130: ='Resumen-DiarioHorario-Solar'!AD1513 -> 661.26567 | Y130: ='Resumen-DiarioHorario-Solar'!AD1590 -> 279.08767 | Z130: ='Resumen-DiarioHorario-Solar'!AD1667 -> 600.93767 | AA130: ='Resumen-DiarioHorario-Solar'!AD1744 -> 561.22383 | AB130: ='Resumen-DiarioHorario-Solar'!AD1821 -> 523.97883 | AC130: ='Resumen-DiarioHorario-Solar'!AD1898 -> 493.283 | AD130: ='Resumen-DiarioHorario-Solar'!AD1975 -> 506.0045 | AE130: ='Resumen-DiarioHorario-Solar'!AD2052 -> 646.30917 | AF130: ='Resumen-DiarioHorario-Solar'!AD2129 -> 588.54167 | AG130: ='Resumen-DiarioHorario-Solar'!AD2206 -> 732.6415 | AH130: ='Resumen-DiarioHorario-Solar'!AD2283 -> 716.76833 | AI130: =+'Resumen-DiarioHorario-Solar'!AD2360 -> 665.30383 | AK130: =SUM(E130:AI130) -> 19251.012
B131: PFV-ELPELICANO | E131: ='Resumen-DiarioHorario-Solar'!AD51 -> 351.95433 | F131: ='Resumen-DiarioHorario-Solar'!AD128 -> 295.25833 | G131: ='Resumen-DiarioHorario-Solar'!AD205 -> 298.93117 | H131: ='Resumen-DiarioHorario-Solar'!AD282 -> 222.46567 | I131: ='Resumen-DiarioHorario-Solar'!AD359 -> 462.41217 | J131: ='Resumen-DiarioHorario-Solar'!AD436 -> 415.3865 | K131: ='Resumen-DiarioHorario-Solar'!AD513 -> 421.48633 | L131: ='Resumen-DiarioHorario-Solar'!AD590 -> 391.204 | M131: ='Resumen-DiarioHorario-Solar'!AD667 -> 203.466 | N131: ='Resumen-DiarioHorario-Solar'!AD744 -> 553.24933 | O131: ='Resumen-DiarioHorario-Solar'!AD821 -> 620.17517 | P131: ='Resumen-DiarioHorario-Solar'!AD898 -> 690.22867 | Q131: ='Resumen-DiarioHorario-Solar'!AD975 -> 605.45533 | R131: ='Resumen-DiarioHorario-Solar'!AD1052 -> 503.07833 | S131: ='Resumen-DiarioHorario-Solar'!AD1129 -> 595.07383 | T131: ='Resumen-DiarioHorario-Solar'!AD1206 -> 604.055 | U131: ='Resumen-DiarioHorario-Solar'!AD1283 -> 526.5825 | V131: ='Resumen-DiarioHorario-Solar'!AD1360 -> 344.2305 | W131: ='Resumen-DiarioHorario-Solar'!AD1437 -> 418.24483 | X131: ='Resumen-DiarioHorario-Solar'!AD1514 -> 288.91033 | Y131: ='Resumen-DiarioHorario-Solar'!AD1591 -> 192.66217 | Z131: ='Resumen-DiarioHorario-Solar'!AD1668 -> 318.324 | AA131: ='Resumen-DiarioHorario-Solar'!AD1745 -> 198.2385 | AB131: ='Resumen-DiarioHorario-Solar'!AD1822 -> 244.52683 | AC131: ='Resumen-DiarioHorario-Solar'!AD1899 -> 439.50883 | AD131: ='Resumen-DiarioHorario-Solar'!AD1976 -> 531.43017 | AE131: ='Resumen-DiarioHorario-Solar'!AD2053 -> 427.53267 | AF131: ='Resumen-DiarioHorario-Solar'!AD2130 -> 278.93767 | AG131: ='Resumen-DiarioHorario-Solar'!AD2207 -> 523.36617 | AH131: ='Resumen-DiarioHorario-Solar'!AD2284 -> 451.47933 | AI131: =+'Resumen-DiarioHorario-Solar'!AD2361 -> 543.9335 | AK131: =SUM(E131:AI131) -> 12961.788
B132: PFV-LAHUELLA | E132: ='Resumen-DiarioHorario-Solar'!AD52 -> 160.29383 | F132: ='Resumen-DiarioHorario-Solar'!AD129 -> 102.95233 | G132: ='Resumen-DiarioHorario-Solar'!AD206 -> 277.0735 | H132: ='Resumen-DiarioHorario-Solar'!AD283 -> 54.2405 | I132: ='Resumen-DiarioHorario-Solar'!AD360 -> 87.665167 | J132: ='Resumen-DiarioHorario-Solar'!AD437 -> 237.82633 | K132: ='Resumen-DiarioHorario-Solar'!AD514 -> 235.9645 | L132: ='Resumen-DiarioHorario-Solar'!AD591 -> 201.047 | M132: ='Resumen-DiarioHorario-Solar'!AD668 -> 14.387167 | N132: ='Resumen-DiarioHorario-Solar'!AD745 -> 305.0025 | O132: ='Resumen-DiarioHorario-Solar'!AD822 -> 403.63683 | P132: ='Resumen-DiarioHorario-Solar'!AD899 -> 171.61483 | Q132: ='Resumen-DiarioHorario-Solar'!AD976 -> 282.6275 | R132: ='Resumen-DiarioHorario-Solar'!AD1053 -> 186.67433 | S132: ='Resumen-DiarioHorario-Solar'!AD1130 -> 314.26467 | T132: ='Resumen-DiarioHorario-Solar'!AD1207 -> 191.97617 | U132: ='Resumen-DiarioHorario-Solar'!AD1284 -> 173.0615 | V132: ='Resumen-DiarioHorario-Solar'!AD1361 -> 99.002 | W132: ='Resumen-DiarioHorario-Solar'!AD1438 -> 243.22817 | X132: ='Resumen-DiarioHorario-Solar'!AD1515 -> 0 | Y132: ='Resumen-DiarioHorario-Solar'!AD1592 -> 139.97417 | Z132: ='Resumen-DiarioHorario-Solar'!AD1669 -> 22.335167 | AA132: ='Resumen-DiarioHorario-Solar'!AD1746 -> 34.78 | AB132: ='Resumen-DiarioHorario-Solar'!AD1823 -> 163.65983 | AC132: ='Resumen-DiarioHorario-Solar'!AD1900 -> 102.84483 | AD132: ='Resumen-DiarioHorario-Solar'!AD1977 -> 107.93917 | AE132: ='Resumen-DiarioHorario-Solar'!AD2054 -> 77.699 | AF132: ='Resumen-DiarioHorario-Solar'!AD2131 -> 34.532 | AG132: ='Resumen-DiarioHorario-Solar'!AD2208 -> 168.154 | AH132: ='Resumen-DiarioHorario-Solar'!AD2285 -> 126.09067 | AI132: =+'Resumen-DiarioHorario-Solar'!AD2362 -> 194.298 | AK132: =SUM(E132:AI132) -> 4914.8457
B133: PFV-DONACARMEN | E133: ='Resumen-DiarioHorario-Solar'!AD53 -> 6.7996667 | F133: ='Resumen-DiarioHorario-Solar'!AD130 -> 6.732 | G133: ='Resumen-DiarioHorario-Solar'!AD207 -> 26.124833 | H133: ='Resumen-DiarioHorario-Solar'!AD284 -> 1.9166667 | I133: ='Resumen-DiarioHorario-Solar'!AD361 -> 0.85733333 | J133: ='Resumen-DiarioHorario-Solar'!AD438 -> 0.27483333 | K133: ='Resumen-DiarioHorario-Solar'!AD515 -> 3.522 | L133: ='Resumen-DiarioHorario-Solar'!AD592 -> 0 | M133: ='Resumen-DiarioHorario-Solar'!AD669 -> 0 | N133: ='Resumen-DiarioHorario-Solar'!AD746 -> 7.3853333 | O133: ='Resumen-DiarioHorario-Solar'!AD823 -> 12.595833 | P133: ='Resumen-DiarioHorario-Solar'!AD900 -> 0 | Q133: ='Resumen-DiarioHorario-Solar'!AD977 -> 6.6033333 | R133: ='Resumen-DiarioHorario-Solar'!AD1054 -> 3.5933333 | S133: ='Resumen-DiarioHorario-Solar'!AD1131 -> 0.54883333 | T133: ='Resumen-DiarioHorario-Solar'!AD1208 -> 33.726667 | U133: ='Resumen-DiarioHorario-Solar'!AD1285 -> 0 | V133: ='Resumen-DiarioHorario-Solar'!AD1362 -> 3.4603333 | W133: ='Resumen-DiarioHorario-Solar'!AD1439 -> 52.411833 | X133: ='Resumen-DiarioHorario-Solar'!AD1516 -> 0 | Y133: ='Resumen-DiarioHorario-Solar'!AD1593 -> 0 | Z133: ='Resumen-DiarioHorario-Solar'!AD1670 -> 0 | AA133: ='Resumen-DiarioHorario-Solar'!AD1747 -> 0 | AB133: ='Resumen-DiarioHorario-Solar'!AD1824 -> 0 | AC133: ='Resumen-DiarioHorario-Solar'!AD1901 -> 0 | AD133: ='Resumen-DiarioHorario-Solar'!AD1978 -> 0 | AE133: ='Resumen-DiarioHorario-Solar'!AD2055 -> 39.730667 | AF133: ='Resumen-DiarioHorario-Solar'!AD2132 -> 109.35783 | AG133: ='Resumen-DiarioHorario-Solar'!AD2209 -> 80.529 | AH133: ='Resumen-DiarioHorario-Solar'!AD2286 -> 126.7275 | AI133: =+'Resumen-DiarioHorario-Solar'!AD2363 -> 41.296 | AK133: =SUM(E133:AI133) -> 564.19383
... B141: PFV-VALLEDELSOL | E141: ='Resumen-DiarioHorario-Solar'!AD61 -> 0 | F141: ='Resumen-DiarioHorario-Solar'!AD138 -> 0 | G141: ='Resumen-DiarioHorario-Solar'!AD215 -> 0 | H141: ='Resumen-DiarioHorario-Solar'!AD292 -> 0 | I141: ='Resumen-DiarioHorario-Solar'!AD369 -> 0 | J141: ='Resumen-DiarioHorario-Solar'!AD446 -> 0 | K141: ='Resumen-DiarioHorario-Solar'!AD523 -> 0 | L141: ='Resumen-DiarioHorario-Solar'!AD600 -> 523.4365 | M141: ='Resumen-DiarioHorario-Solar'!AD677 -> 0 | N141: ='Resumen-DiarioHorario-Solar'!AD754 -> 734.788 | O141: ='Resumen-DiarioHorario-Solar'!AD831 -> 735.47 | P141: ='Resumen-DiarioHorario-Solar'!AD908 -> 0 | Q141: ='Resumen-DiarioHorario-Solar'!AD985 -> 758.14 | R141: ='Resumen-DiarioHorario-Solar'!AD1062 -> 660.8 | S141: ='Resumen-DiarioHorario-Solar'!AD1139 -> 744.03 | T141: ='Resumen-DiarioHorario-Solar'!AD1216 -> 698.24 | U141: ='Resumen-DiarioHorario-Solar'!AD1293 -> 640.69 | V141: ='Resumen-DiarioHorario-Solar'!AD1370 -> 453.83167 | W141: ='Resumen-DiarioHorario-Solar'!AD1447 -> 539.12333 | X141: ='Resumen-DiarioHorario-Solar'!AD1524 -> 384.99 | Y141: ='Resumen-DiarioHorario-Solar'!AD1601 -> 221.48967 | Z141: ='Resumen-DiarioHorario-Solar'!AD1678 -> 0 | AA141: ='Resumen-DiarioHorario-Solar'!AD1755 -> 0 | AB141: ='Resumen-DiarioHorario-Solar'!AD1832 -> 0 | AC141: ='Resumen-DiarioHorario-Solar'!AD1909 -> 0 | AD141: ='Resumen-DiarioHorario-Solar'!AD1986 -> 0 | AE141: ='Resumen-DiarioHorario-Solar'!AD2063 -> 395.28 | AF141: ='Resumen-DiarioHorario-Solar'!AD2140 -> 419.95 | AG141: ='Resumen-DiarioHorario-Solar'!AD2217 -> 671.27 | AH141: ='Resumen-DiarioHorario-Solar'!AD2294 -> 549.46 | AI141: =+'Resumen-DiarioHorario-Solar'!AD2371 -> 727.45 | AK141: =SUM(E141:AI141) -> 9858.4392
B142: PFV-COYA | D142: † | E142: ='Resumen-DiarioHorario-Solar'!AD62 -> 0 | F142: ='Resumen-DiarioHorario-Solar'!AD139 -> 0 | G142: ='Resumen-DiarioHorario-Solar'!AD216 -> 0 | H142: ='Resumen-DiarioHorario-Solar'!AD293 -> 0 | I142: ='Resumen-DiarioHorario-Solar'!AD370 -> 0 | J142: ='Resumen-DiarioHorario-Solar'!AD447 -> 0 | K142: ='Resumen-DiarioHorario-Solar'!AD524 -> 0 | L142: ='Resumen-DiarioHorario-Solar'!AD601 -> 0 | M142: ='Resumen-DiarioHorario-Solar'!AD678 -> 0 | N142: ='Resumen-DiarioHorario-Solar'!AD755 -> 0 | O142: ='Resumen-DiarioHorario-Solar'!AD832 -> 0 | P142: ='Resumen-DiarioHorario-Solar'!AD909 -> 0 | Q142: ='Resumen-DiarioHorario-Solar'!AD986 -> 0 | R142: ='Resumen-DiarioHorario-Solar'!AD1063 -> 0 | S142: ='Resumen-DiarioHorario-Solar'!AD1140 -> 0 | T142: ='Resumen-DiarioHorario-Solar'!AD1217 -> 0 | U142: ='Resumen-DiarioHorario-Solar'!AD1294 -> 0 | V142: ='Resumen-DiarioHorario-Solar'!AD1371 -> 0 | W142: ='Resumen-DiarioHorario-Solar'!AD1448 -> 0 | X142: ='Resumen-DiarioHorario-Solar'!AD1525 -> 0 | Y142: ='Resumen-DiarioHorario-Solar'!AD1602 -> 0 | Z142: ='Resumen-DiarioHorario-Solar'!AD1679 -> 0 | AA142: ='Resumen-DiarioHorario-Solar'!AD1756 -> 0 | AB142: ='Resumen-DiarioHorario-Solar'!AD1833 -> 0 | AC142: ='Resumen-DiarioHorario-Solar'!AD1910 -> 0 | AD142: ='Resumen-DiarioHorario-Solar'!AD1987 -> 0 | AE142: ='Resumen-DiarioHorario-Solar'!AD2064 -> 0 | AF142: ='Resumen-DiarioHorario-Solar'!AD2141 -> 0 | AG142: ='Resumen-DiarioHorario-Solar'!AD2218 -> 0 | AH142: ='Resumen-DiarioHorario-Solar'!AD2295 -> 0 | AI142: =+'Resumen-DiarioHorario-Solar'!AD2372 -> 0 | AK142: =SUM(E142:AI142) -> 0
B143: PFV-GUANCHOI | E143: ='Resumen-DiarioHorario-Solar'!AD63 -> 1415.976 | F143: ='Resumen-DiarioHorario-Solar'!AD140 -> 945.64533 | G143: ='Resumen-DiarioHorario-Solar'!AD217 -> 898.68433 | H143: ='Resumen-DiarioHorario-Solar'!AD294 -> 848.65033 | I143: ='Resumen-DiarioHorario-Solar'!AD371 -> 1185.8592 | J143: ='Resumen-DiarioHorario-Solar'!AD448 -> 1060.8795 | K143: ='Resumen-DiarioHorario-Solar'!AD525 -> 1224.054 | L143: ='Resumen-DiarioHorario-Solar'!AD602 -> 1187.3692 | M143: ='Resumen-DiarioHorario-Solar'!AD679 -> 1291.8427 | N143: ='Resumen-DiarioHorario-Solar'!AD756 -> 1623.5023 | O143: ='Resumen-DiarioHorario-Solar'!AD833 -> 1943.1435 | P143: ='Resumen-DiarioHorario-Solar'!AD910 -> 1956.9465 | Q143: ='Resumen-DiarioHorario-Solar'!AD987 -> 1783.215 | R143: ='Resumen-DiarioHorario-Solar'!AD1064 -> 1552.1707 | S143: ='Resumen-DiarioHorario-Solar'!AD1141 -> 1874.698 | T143: ='Resumen-DiarioHorario-Solar'!AD1218 -> 1772.4535 | U143: ='Resumen-DiarioHorario-Solar'!AD1295 -> 1563.6227 | V143: ='Resumen-DiarioHorario-Solar'!AD1372 -> 1076.8688 | W143: ='Resumen-DiarioHorario-Solar'!AD1449 -> 1331.2473 | X143: ='Resumen-DiarioHorario-Solar'!AD1526 -> 1042.6773 | Y143: ='Resumen-DiarioHorario-Solar'!AD1603 -> 1574.7412 | Z143: ='Resumen-DiarioHorario-Solar'!AD1680 -> 1495.5885 | AA143: ='Resumen-DiarioHorario-Solar'!AD1757 -> 1797.1052 | AB143: ='Resumen-DiarioHorario-Solar'!AD1834 -> 395.70533 | AC143: ='Resumen-DiarioHorario-Solar'!AD1911 -> 1774.401 | AD143: ='Resumen-DiarioHorario-Solar'!AD1988 -> 2071.547 | AE143: ='Resumen-DiarioHorario-Solar'!AD2065 -> 1089.1152 | AF143: ='Resumen-DiarioHorario-Solar'!AD2142 -> 1214.9127 | AG143: ='Resumen-DiarioHorario-Solar'!AD2219 -> 1959.9025 | AH143: ='Resumen-DiarioHorario-Solar'!AD2296 -> 1978.9903 | AI143: =+'Resumen-DiarioHorario-Solar'!AD2373 -> 2049.1188 | AK143: =SUM(E143:AI143) -> 44980.634
B144: PFV-ANDES2B | D144: † | E144: ='Resumen-DiarioHorario-Solar'!AD64 -> 0 | F144: ='Resumen-DiarioHorario-Solar'!AD141 -> 0 | G144: ='Resumen-DiarioHorario-Solar'!AD218 -> 0 | H144: ='Resumen-DiarioHorario-Solar'!AD295 -> 0 | I144: ='Resumen-DiarioHorario-Solar'!AD372 -> 0 | J144: ='Resumen-DiarioHorario-Solar'!AD449 -> 0 | K144: ='Resumen-DiarioHorario-Solar'!AD526 -> 0 | L144: ='Resumen-DiarioHorario-Solar'!AD603 -> 0 | M144: ='Resumen-DiarioHorario-Solar'!AD680 -> 0 | N144: ='Resumen-DiarioHorario-Solar'!AD757 -> 0 | O144: ='Resumen-DiarioHorario-Solar'!AD834 -> 0 | P144: ='Resumen-DiarioHorario-Solar'!AD911 -> 0 | Q144: ='Resumen-DiarioHorario-Solar'!AD988 -> 0 | R144: ='Resumen-DiarioHorario-Solar'!AD1065 -> 0 | S144: ='Resumen-DiarioHorario-Solar'!AD1142 -> 0 | T144: ='Resumen-DiarioHorario-Solar'!AD1219 -> 0 | U144: ='Resumen-DiarioHorario-Solar'!AD1296 -> 0 | V144: ='Resumen-DiarioHorario-Solar'!AD1373 -> 0 | W144: ='Resumen-DiarioHorario-Solar'!AD1450 -> 0 | X144: ='Resumen-DiarioHorario-Solar'!AD1527 -> 0 | Y144: ='Resumen-DiarioHorario-Solar'!AD1604 -> 0 | Z144: ='Resumen-DiarioHorario-Solar'!AD1681 -> 0 | AA144: ='Resumen-DiarioHorario-Solar'!AD1758 -> 0 | AB144: ='Resumen-DiarioHorario-Solar'!AD1835 -> 0 | AC144: ='Resumen-DiarioHorario-Solar'!AD1912 -> 0 | AD144: ='Resumen-DiarioHorario-Solar'!AD1989 -> 0 | AE144: ='Resumen-DiarioHorario-Solar'!AD2066 -> 0 | AF144: ='Resumen-DiarioHorario-Solar'!AD2143 -> 0 | AG144: ='Resumen-DiarioHorario-Solar'!AD2220 -> 0 | AH144: ='Resumen-DiarioHorario-Solar'!AD2297 -> 0 | AI144: =+'Resumen-DiarioHorario-Solar'!AD2374 -> 0 | AK144: =SUM(E144:AI144) -> 0
B145: PFV-MESETADELOSANDES | E145: ='Resumen-DiarioHorario-Solar'!AD65 -> 95.5105 | F145: ='Resumen-DiarioHorario-Solar'!AD142 -> 42.883 | G145: ='Resumen-DiarioHorario-Solar'!AD219 -> 93.4355 | H145: ='Resumen-DiarioHorario-Solar'!AD296 -> 30.725 | I145: ='Resumen-DiarioHorario-Solar'!AD373 -> 52.917667 | J145: ='Resumen-DiarioHorario-Solar'!AD450 -> 15.9935 | K145: ='Resumen-DiarioHorario-Solar'!AD527 -> 94.710833 | L145: ='Resumen-DiarioHorario-Solar'!AD604 -> 40.405833 | M145: ='Resumen-DiarioHorario-Solar'!AD681 -> 15.377667 | N145: ='Resumen-DiarioHorario-Solar'!AD758 -> 9.5453333 | O145: ='Resumen-DiarioHorario-Solar'!AD835 -> 77.052667 | P145: ='Resumen-DiarioHorario-Solar'!AD912 -> 189.98767 | Q145: ='Resumen-DiarioHorario-Solar'!AD989 -> 21.112 | R145: ='Resumen-DiarioHorario-Solar'!AD1066 -> 8.9043333 | S145: ='Resumen-DiarioHorario-Solar'!AD1143 -> 0.3295 | T145: ='Resumen-DiarioHorario-Solar'!AD1220 -> 13.293 | U145: ='Resumen-DiarioHorario-Solar'!AD1297 -> 11.0845 | V145: ='Resumen-DiarioHorario-Solar'!AD1374 -> 77.6575 | W145: ='Resumen-DiarioHorario-Solar'!AD1451 -> 60.667667 | X145: ='Resumen-DiarioHorario-Solar'!AD1528 -> 7.117 | Y145: ='Resumen-DiarioHorario-Solar'!AD1605 -> 21.092167 | Z145: ='Resumen-DiarioHorario-Solar'!AD1682 -> 6.9471667 | AA145: ='Resumen-DiarioHorario-Solar'!AD1759 -> 30.670333 | AB145: ='Resumen-DiarioHorario-Solar'!AD1836 -> 20.982667 | AC145: ='Resumen-DiarioHorario-Solar'!AD1913 -> 33.738833 | AD145: ='Resumen-DiarioHorario-Solar'!AD1990 -> 59.218 | AE145: ='Resumen-DiarioHorario-Solar'!AD2067 -> 2.9676667 | AF145: ='Resumen-DiarioHorario-Solar'!AD2144 -> 9.322 | AG145: ='Resumen-DiarioHorario-Solar'!AD2221 -> 82.319333 | AH145: ='Resumen-DiarioHorario-Solar'!AD2298 -> 23 | AI145: =+'Resumen-DiarioHorario-Solar'!AD2375 -> 165.106 | AK145: =SUM(E145:AI145) -> 1414.0748
B146: PFV-MANZANO | E146: ='Resumen-DiarioHorario-Solar'!AD66 -> 0 | F146: ='Resumen-DiarioHorario-Solar'!AD143 -> 0 | G146: ='Resumen-DiarioHorario-Solar'!AD220 -> 0 | H146: ='Resumen-DiarioHorario-Solar'!AD297 -> 0 | I146: ='Resumen-DiarioHorario-Solar'!AD374 -> 0 | J146: ='Resumen-DiarioHorario-Solar'!AD451 -> 0 | K146: ='Resumen-DiarioHorario-Solar'!AD528 -> 0 | L146: ='Resumen-DiarioHorario-Solar'!AD605 -> 0 | M146: ='Resumen-DiarioHorario-Solar'!AD682 -> 0 | N146: ='Resumen-DiarioHorario-Solar'!AD759 -> 0 | O146: ='Resumen-DiarioHorario-Solar'!AD836 -> 0 | P146: ='Resumen-DiarioHorario-Solar'!AD913 -> 0 | Q146: ='Resumen-DiarioHorario-Solar'!AD990 -> 0 | R146: ='Resumen-DiarioHorario-Solar'!AD1067 -> 0 | S146: ='Resumen-DiarioHorario-Solar'!AD1144 -> 0 | T146: ='Resumen-DiarioHorario-Solar'!AD1221 -> 0 | U146: ='Resumen-DiarioHorario-Solar'!AD1298 -> 0 | V146: ='Resumen-DiarioHorario-Solar'!AD1375 -> 0 | W146: ='Resumen-DiarioHorario-Solar'!AD1452 -> 0 | X146: ='Resumen-DiarioHorario-Solar'!AD1529 -> 0 | Y146: ='Resumen-DiarioHorario-Solar'!AD1606 -> 0 | Z146: ='Resumen-DiarioHorario-Solar'!AD1683 -> 0 | AA146: ='Resumen-DiarioHorario-Solar'!AD1760 -> 0 | AB146: ='Resumen-DiarioHorario-Solar'!AD1837 -> 0 | AC146: ='Resumen-DiarioHorario-Solar'!AD1914 -> 0 | AD146: ='Resumen-DiarioHorario-Solar'!AD1991 -> 0 | AE146: ='Resumen-DiarioHorario-Solar'!AD2068 -> 0 | AF146: ='Resumen-DiarioHorario-Solar'!AD2145 -> 0 | AG146: ='Resumen-DiarioHorario-Solar'!AD2222 -> 0 | AH146: ='Resumen-DiarioHorario-Solar'!AD2299 -> 0 | AI146: =+'Resumen-DiarioHorario-Solar'!AD2376 -> 0 | AK146: =SUM(E146:AI146) -> 0
B147: PFV-ELENA | E147: ='Resumen-DiarioHorario-Solar'!AD67 -> 0 | F147: ='Resumen-DiarioHorario-Solar'!AD144 -> 0 | G147: ='Resumen-DiarioHorario-Solar'!AD221 -> 0 | H147: ='Resumen-DiarioHorario-Solar'!AD298 -> 0 | I147: ='Resumen-DiarioHorario-Solar'!AD375 -> 0 | J147: ='Resumen-DiarioHorario-Solar'!AD452 -> 0 | K147: ='Resumen-DiarioHorario-Solar'!AD529 -> 0 | L147: ='Resumen-DiarioHorario-Solar'!AD606 -> 0 | M147: ='Resumen-DiarioHorario-Solar'!AD683 -> 0 | N147: ='Resumen-DiarioHorario-Solar'!AD760 -> 0 | O147: ='Resumen-DiarioHorario-Solar'!AD837 -> 0 | P147: ='Resumen-DiarioHorario-Solar'!AD914 -> 0 | Q147: ='Resumen-DiarioHorario-Solar'!AD991 -> 0 | R147: ='Resumen-DiarioHorario-Solar'!AD1068 -> 0 | S147: ='Resumen-DiarioHorario-Solar'!AD1145 -> 0 | T147: ='Resumen-DiarioHorario-Solar'!AD1222 -> 0 | U147: ='Resumen-DiarioHorario-Solar'!AD1299 -> 0 | V147: ='Resumen-DiarioHorario-Solar'!AD1376 -> 0 | W147: ='Resumen-DiarioHorario-Solar'!AD1453 -> 0 | X147: ='Resumen-DiarioHorario-Solar'!AD1530 -> 0 | Y147: ='Resumen-DiarioHorario-Solar'!AD1607 -> 0 | Z147: ='Resumen-DiarioHorario-Solar'!AD1684 -> 0 | AA147: ='Resumen-DiarioHorario-Solar'!AD1761 -> 0 | AB147: ='Resumen-DiarioHorario-Solar'!AD1838 -> 0 | AC147: ='Resumen-DiarioHorario-Solar'!AD1915 -> 0 | AD147: ='Resumen-DiarioHorario-Solar'!AD1992 -> 0 | AE147: ='Resumen-DiarioHorario-Solar'!AD2069 -> 0 | AF147: ='Resumen-DiarioHorario-Solar'!AD2146 -> 0 | AG147: ='Resumen-DiarioHorario-Solar'!AD2223 -> 0 | AH147: ='Resumen-DiarioHorario-Solar'!AD2300 -> 0 | AI147: =+'Resumen-DiarioHorario-Solar'!AD2377 -> 0 | AK147: =SUM(E147:AI147) -> 0
B148: PFV-WILLKA | E148: ='Resumen-DiarioHorario-Solar'!AD68 -> 387.6205 | F148: ='Resumen-DiarioHorario-Solar'!AD145 -> 380.92017 | G148: ='Resumen-DiarioHorario-Solar'!AD222 -> 341.84333 | H148: ='Resumen-DiarioHorario-Solar'!AD299 -> 329.90583 | I148: ='Resumen-DiarioHorario-Solar'!AD376 -> 473.0635 | J148: ='Resumen-DiarioHorario-Solar'!AD453 -> 440.06217 | K148: ='Resumen-DiarioHorario-Solar'!AD530 -> 440.47783 | L148: ='Resumen-DiarioHorario-Solar'!AD607 -> 416.41283 | M148: ='Resumen-DiarioHorario-Solar'!AD684 -> 360.4985 | N148: ='Resumen-DiarioHorario-Solar'!AD761 -> 568.086 | O148: ='Resumen-DiarioHorario-Solar'!AD838 -> 692.34583 | P148: ='Resumen-DiarioHorario-Solar'!AD915 -> 667.35833 | Q148: ='Resumen-DiarioHorario-Solar'!AD992 -> 612.06767 | R148: ='Resumen-DiarioHorario-Solar'!AD1069 -> 539.6615 | S148: ='Resumen-DiarioHorario-Solar'!AD1146 -> 621.77517 | T148: ='Resumen-DiarioHorario-Solar'!AD1223 -> 470.81333 | U148: ='Resumen-DiarioHorario-Solar'!AD1300 -> 501.84433 | V148: ='Resumen-DiarioHorario-Solar'!AD1377 -> 323.4655 | W148: ='Resumen-DiarioHorario-Solar'!AD1454 -> 454.9075 | X148: ='Resumen-DiarioHorario-Solar'!AD1531 -> 394.89917 | Y148: ='Resumen-DiarioHorario-Solar'!AD1608 -> 350.52783 | Z148: ='Resumen-DiarioHorario-Solar'!AD1685 -> 279.48883 | AA148: ='Resumen-DiarioHorario-Solar'!AD1762 -> 220.88467 | AB148: ='Resumen-DiarioHorario-Solar'!AD1839 -> 259.507 | AC148: ='Resumen-DiarioHorario-Solar'!AD1916 -> 594.3305 | AD148: ='Resumen-DiarioHorario-Solar'!AD1993 -> 584.89983 | AE148: ='Resumen-DiarioHorario-Solar'!AD2070 -> 413.31067 | AF148: ='Resumen-DiarioHorario-Solar'!AD2147 -> 296.96083 | AG148: ='Resumen-DiarioHorario-Solar'!AD2224 -> 454.3495 | AH148: ='Resumen-DiarioHorario-Solar'!AD2301 -> 380.923 | AI148: =+'Resumen-DiarioHorario-Solar'!AD2378 -> 420.7485 | AK148: =SUM(E148:AI148) -> 13673.96
B149: PFV-LASSALINAS | E149: ='Resumen-DiarioHorario-Solar'!AD69 -> 464.51 | F149: ='Resumen-DiarioHorario-Solar'!AD146 -> 457.73 | G149: ='Resumen-DiarioHorario-Solar'!AD223 -> 400.08 | H149: ='Resumen-DiarioHorario-Solar'!AD300 -> 371.45 | I149: ='Resumen-DiarioHorario-Solar'!AD377 -> 596.63 | J149: ='Resumen-DiarioHorario-Solar'!AD454 -> 525.99 | K149: ='Resumen-DiarioHorario-Solar'!AD531 -> 586.04 | L149: ='Resumen-DiarioHorario-Solar'!AD608 -> 587.97 | M149: ='Resumen-DiarioHorario-Solar'!AD685 -> 244.15 | N149: ='Resumen-DiarioHorario-Solar'!AD762 -> 895.92 | O149: ='Resumen-DiarioHorario-Solar'!AD839 -> 1123.1812 | P149: ='Resumen-DiarioHorario-Solar'!AD916 -> 1160.737 | Q149: ='Resumen-DiarioHorario-Solar'!AD993 -> 987.23 | R149: ='Resumen-DiarioHorario-Solar'!AD1070 -> 779.72833 | S149: ='Resumen-DiarioHorario-Solar'!AD1147 -> 1064.1298 | T149: ='Resumen-DiarioHorario-Solar'!AD1224 -> 920.78617 | U149: ='Resumen-DiarioHorario-Solar'!AD1301 -> 992.80433 | V149: ='Resumen-DiarioHorario-Solar'!AD1378 -> 492.5585 | W149: ='Resumen-DiarioHorario-Solar'!AD1455 -> 661.94 | X149: ='Resumen-DiarioHorario-Solar'!AD1532 -> 391.91 | Y149: ='Resumen-DiarioHorario-Solar'!AD1609 -> 197.97 | Z149: ='Resumen-DiarioHorario-Solar'!AD1686 -> 406.94 | AA149: ='Resumen-DiarioHorario-Solar'!AD1763 -> 187.6 | AB149: ='Resumen-DiarioHorario-Solar'!AD1840 -> 407.79 | AC149: ='Resumen-DiarioHorario-Solar'!AD1917 -> 951.62933 | AD149: ='Resumen-DiarioHorario-Solar'!AD1994 -> 1103.2702 | AE149: ='Resumen-DiarioHorario-Solar'!AD2071 -> 799.31 | AF149: ='Resumen-DiarioHorario-Solar'!AD2148 -> 649.59 | AG149: ='Resumen-DiarioHorario-Solar'!AD2225 -> 1027.5832 | AH149: ='Resumen-DiarioHorario-Solar'!AD2302 -> 787.35 | AI149: =+'Resumen-DiarioHorario-Solar'!AD2379 -> 924.99 | AK149: =SUM(E149:AI149) -> 21149.498
B150: PFV-LALACKAMA-2 | E150: ='Resumen-DiarioHorario-Solar'!AD70 -> 0 | F150: ='Resumen-DiarioHorario-Solar'!AD147 -> 12.212167 | G150: ='Resumen-DiarioHorario-Solar'!AD224 -> 63.492833 | H150: ='Resumen-DiarioHorario-Solar'!AD301 -> 40.886167 | I150: ='Resumen-DiarioHorario-Solar'!AD378 -> 0 | J150: ='Resumen-DiarioHorario-Solar'!AD455 -> 0 | K150: ='Resumen-DiarioHorario-Solar'!AD532 -> 0 | L150: ='Resumen-DiarioHorario-Solar'!AD609 -> 66.071667 | M150: ='Resumen-DiarioHorario-Solar'!AD686 -> 82.563833 | N150: ='Resumen-DiarioHorario-Solar'!AD763 -> 0 | O150: ='Resumen-DiarioHorario-Solar'!AD840 -> 0 | P150: ='Resumen-DiarioHorario-Solar'!AD917 -> 0 | Q150: ='Resumen-DiarioHorario-Solar'!AD994 -> 52.178 | R150: ='Resumen-DiarioHorario-Solar'!AD1071 -> 0 | S150: ='Resumen-DiarioHorario-Solar'!AD1148 -> 0 | T150: ='Resumen-DiarioHorario-Solar'!AD1225 -> 0 | U150: ='Resumen-DiarioHorario-Solar'!AD1302 -> 77.100833 | V150: ='Resumen-DiarioHorario-Solar'!AD1379 -> 50.035667 | W150: ='Resumen-DiarioHorario-Solar'!AD1456 -> 58.653 | X150: ='Resumen-DiarioHorario-Solar'!AD1533 -> 49.254667 | Y150: ='Resumen-DiarioHorario-Solar'!AD1610 -> 16.799167 | Z150: ='Resumen-DiarioHorario-Solar'!AD1687 -> 28.675833 | AA150: ='Resumen-DiarioHorario-Solar'!AD1764 -> 43.370833 | AB150: ='Resumen-DiarioHorario-Solar'!AD1841 -> 46.875 | AC150: ='Resumen-DiarioHorario-Solar'!AD1918 -> 77.203333 | AD150: ='Resumen-DiarioHorario-Solar'!AD1995 -> 90.4805 | AE150: ='Resumen-DiarioHorario-Solar'!AD2072 -> 73.104667 | AF150: ='Resumen-DiarioHorario-Solar'!AD2149 -> 58.106667 | AG150: ='Resumen-DiarioHorario-Solar'!AD2226 -> 26.416 | AH150: ='Resumen-DiarioHorario-Solar'!AD2303 -> 8.9855 | AI150: =+'Resumen-DiarioHorario-Solar'!AD2380 -> 22.558667 | AK150: =SUM(E150:AI150) -> 1045.025
B151: PFV-CEME1 | E151: ='Resumen-DiarioHorario-Solar'!AD71 -> 764.4445 | F151: ='Resumen-DiarioHorario-Solar'!AD148 -> 664.1165 | G151: ='Resumen-DiarioHorario-Solar'!AD225 -> 974.32883 | H151: ='Resumen-DiarioHorario-Solar'!AD302 -> 499.21083 | I151: ='Resumen-DiarioHorario-Solar'!AD379 -> 861.95917 | J151: ='Resumen-DiarioHorario-Solar'!AD456 -> 865.82917 | K151: ='Resumen-DiarioHorario-Solar'!AD533 -> 483.64767 | L151: ='Resumen-DiarioHorario-Solar'!AD610 -> 420.003 | M151: ='Resumen-DiarioHorario-Solar'!AD687 -> 191.21767 | N151: ='Resumen-DiarioHorario-Solar'!AD764 -> 1211.299 | O151: ='Resumen-DiarioHorario-Solar'!AD841 -> 1067.1938 | P151: ='Resumen-DiarioHorario-Solar'!AD918 -> 1148.0865 | Q151: ='Resumen-DiarioHorario-Solar'!AD995 -> 1414.2142 | R151: ='Resumen-DiarioHorario-Solar'!AD1072 -> 1858.4335 | S151: ='Resumen-DiarioHorario-Solar'!AD1149 -> 1490.7523 | T151: ='Resumen-DiarioHorario-Solar'!AD1226 -> 1326.9012 | U151: ='Resumen-DiarioHorario-Solar'!AD1303 -> 1195.4678 | V151: ='Resumen-DiarioHorario-Solar'!AD1380 -> 764.089 | W151: ='Resumen-DiarioHorario-Solar'!AD1457 -> 859.853 | X151: ='Resumen-DiarioHorario-Solar'!AD1534 -> 604.966 | Y151: ='Resumen-DiarioHorario-Solar'!AD1611 -> 363.48167 | Z151: ='Resumen-DiarioHorario-Solar'!AD1688 -> 641.692 | AA151: ='Resumen-DiarioHorario-Solar'!AD1765 -> 411.63717 | AB151: ='Resumen-DiarioHorario-Solar'!AD1842 -> 534.33683 | AC151: ='Resumen-DiarioHorario-Solar'!AD1919 -> 1139.4093 | AD151: ='Resumen-DiarioHorario-Solar'!AD1996 -> 1147.1553 | AE151: ='Resumen-DiarioHorario-Solar'!AD2073 -> 684.66933 | AF151: ='Resumen-DiarioHorario-Solar'!AD2150 -> 681.7575 | AG151: ='Resumen-DiarioHorario-Solar'!AD2227 -> 1086.0515 | AH151: ='Resumen-DiarioHorario-Solar'!AD2304 -> 925.269 | AI151: =+'Resumen-DiarioHorario-Solar'!AD2381 -> 1414.415 | AK151: =SUM(E151:AI151) -> 27695.888
B152: PFV TAMANGO | E152: ='Resumen-DiarioHorario-Solar'!AD72 -> 98.459833 | F152: ='Resumen-DiarioHorario-Solar'!AD149 -> 187.36767 | G152: ='Resumen-DiarioHorario-Solar'!AD226 -> 78.3025 | H152: ='Resumen-DiarioHorario-Solar'!AD303 -> 43.833667 | I152: ='Resumen-DiarioHorario-Solar'!AD380 -> 197.42583 | J152: ='Resumen-DiarioHorario-Solar'!AD457 -> 95.655667 | K152: ='Resumen-DiarioHorario-Solar'!AD534 -> 182.15533 | L152: ='Resumen-DiarioHorario-Solar'!AD611 -> 223.0875 | M152: ='Resumen-DiarioHorario-Solar'!AD688 -> 208.8645 | N152: ='Resumen-DiarioHorario-Solar'!AD765 -> 34.8105 | O152: ='Resumen-DiarioHorario-Solar'!AD842 -> 69.697833 | P152: ='Resumen-DiarioHorario-Solar'!AD919 -> 288.39833 | Q152: ='Resumen-DiarioHorario-Solar'!AD996 -> 70.581 | R152: ='Resumen-DiarioHorario-Solar'!AD1073 -> 12.31 | S152: ='Resumen-DiarioHorario-Solar'!AD1150 -> 8.5793333 | T152: ='Resumen-DiarioHorario-Solar'!AD1227 -> 181.46567 | U152: ='Resumen-DiarioHorario-Solar'!AD1304 -> 213.174 | V152: ='Resumen-DiarioHorario-Solar'!AD1381 -> 169.10167 | W152: ='Resumen-DiarioHorario-Solar'!AD1458 -> 298.6005 | X152: ='Resumen-DiarioHorario-Solar'!AD1535 -> 189.69967 | Y152: ='Resumen-DiarioHorario-Solar'!AD1612 -> 185.811 | Z152: ='Resumen-DiarioHorario-Solar'!AD1689 -> 181.57867 | AA152: ='Resumen-DiarioHorario-Solar'!AD1766 -> 72.9885 | AB152: ='Resumen-DiarioHorario-Solar'!AD1843 -> 155.92683 | AC152: ='Resumen-DiarioHorario-Solar'!AD1920 -> 166.1895 | AD152: ='Resumen-DiarioHorario-Solar'!AD1997 -> 290.053 | AE152: ='Resumen-DiarioHorario-Solar'!AD2074 -> 108.5775 | AF152: ='Resumen-DiarioHorario-Solar'!AD2151 -> 56.642833 | AG152: ='Resumen-DiarioHorario-Solar'!AD2228 -> 218.2405 | AH152: ='Resumen-DiarioHorario-Solar'!AD2305 -> 160.626 | AI152: =+'Resumen-DiarioHorario-Solar'!AD2382 -> 116.35467 | AK152: =SUM(E152:AI152) -> 4564.56
B153: PFV-DONAANTONIA | E153: ='Resumen-DiarioHorario-Solar'!AD73 -> 0 | F153: ='Resumen-DiarioHorario-Solar'!AD150 -> 0 | G153: ='Resumen-DiarioHorario-Solar'!AD227 -> 51.5745 | H153: ='Resumen-DiarioHorario-Solar'!AD304 -> 180.03433 | I153: ='Resumen-DiarioHorario-Solar'!AD381 -> 280.23517 | J153: ='Resumen-DiarioHorario-Solar'!AD458 -> 277.64933 | K153: ='Resumen-DiarioHorario-Solar'!AD535 -> 274.6365 | L153: ='Resumen-DiarioHorario-Solar'!AD612 -> 231.23283 | M153: ='Resumen-DiarioHorario-Solar'!AD689 -> 107.1705 | N153: ='Resumen-DiarioHorario-Solar'!AD766 -> 0 | O153: ='Resumen-DiarioHorario-Solar'!AD843 -> 0 | P153: ='Resumen-DiarioHorario-Solar'!AD920 -> 244.9255 | Q153: ='Resumen-DiarioHorario-Solar'!AD997 -> 0 | R153: ='Resumen-DiarioHorario-Solar'!AD1074 -> 0 | S153: ='Resumen-DiarioHorario-Solar'!AD1151 -> 0 | T153: ='Resumen-DiarioHorario-Solar'!AD1228 -> 0 | U153: ='Resumen-DiarioHorario-Solar'!AD1305 -> 202.6615 | V153: ='Resumen-DiarioHorario-Solar'!AD1382 -> 216.87017 | W153: ='Resumen-DiarioHorario-Solar'!AD1459 -> 109.1035 | X153: ='Resumen-DiarioHorario-Solar'!AD1536 -> 180.74283 | Y153: ='Resumen-DiarioHorario-Solar'!AD1613 -> 180.063 | Z153: ='Resumen-DiarioHorario-Solar'!AD1690 -> 207.60233 | AA153: ='Resumen-DiarioHorario-Solar'!AD1767 -> 181.88867 | AB153: ='Resumen-DiarioHorario-Solar'!AD1844 -> 152.45867 | AC153: ='Resumen-DiarioHorario-Solar'!AD1921 -> 251.10167 | AD153: ='Resumen-DiarioHorario-Solar'!AD1998 -> 256.4765 | AE153: ='Resumen-DiarioHorario-Solar'!AD2075 -> 0 | AF153: ='Resumen-DiarioHorario-Solar'!AD2152 -> 194.02683 | AG153: ='Resumen-DiarioHorario-Solar'!AD2229 -> 261.07833 | AH153: ='Resumen-DiarioHorario-Solar'!AD2306 -> 0 | AI153: =+'Resumen-DiarioHorario-Solar'!AD2383 -> 254.5595 | AK153: =SUM(E153:AI153) -> 4296.0922
B154: PFV-DONHUMBERTO | D154: † | E154: ='Resumen-DiarioHorario-Solar'!AD74 -> 0 | F154: ='Resumen-DiarioHorario-Solar'!AD151 -> 0 | G154: ='Resumen-DiarioHorario-Solar'!AD228 -> 0 | H154: ='Resumen-DiarioHorario-Solar'!AD305 -> 0 | I154: ='Resumen-DiarioHorario-Solar'!AD382 -> 0 | J154: ='Resumen-DiarioHorario-Solar'!AD459 -> 0 | K154: ='Resumen-DiarioHorario-Solar'!AD536 -> 0 | L154: ='Resumen-DiarioHorario-Solar'!AD613 -> 0 | M154: ='Resumen-DiarioHorario-Solar'!AD690 -> 0 | N154: ='Resumen-DiarioHorario-Solar'!AD767 -> 0 | O154: ='Resumen-DiarioHorario-Solar'!AD844 -> 0 | P154: ='Resumen-DiarioHorario-Solar'!AD921 -> 0 | Q154: ='Resumen-DiarioHorario-Solar'!AD998 -> 0 | R154: ='Resumen-DiarioHorario-Solar'!AD1075 -> 0 | S154: ='Resumen-DiarioHorario-Solar'!AD1152 -> 0 | T154: ='Resumen-DiarioHorario-Solar'!AD1229 -> 0 | U154: ='Resumen-DiarioHorario-Solar'!AD1306 -> 0 | V154: ='Resumen-DiarioHorario-Solar'!AD1383 -> 0 | W154: ='Resumen-DiarioHorario-Solar'!AD1460 -> 0 | X154: ='Resumen-DiarioHorario-Solar'!AD1537 -> 0 | Y154: ='Resumen-DiarioHorario-Solar'!AD1614 -> 0 | Z154: ='Resumen-DiarioHorario-Solar'!AD1691 -> 0 | AA154: ='Resumen-DiarioHorario-Solar'!AD1768 -> 0 | AB154: ='Resumen-DiarioHorario-Solar'!AD1845 -> 0 | AC154: ='Resumen-DiarioHorario-Solar'!AD1922 -> 0 | AD154: ='Resumen-DiarioHorario-Solar'!AD1999 -> 0 | AE154: ='Resumen-DiarioHorario-Solar'!AD2076 -> 0 | AF154: ='Resumen-DiarioHorario-Solar'!AD2153 -> 0 | AG154: ='Resumen-DiarioHorario-Solar'!AD2230 -> 0 | AH154: ='Resumen-DiarioHorario-Solar'!AD2307 -> 0 | AI154: =+'Resumen-DiarioHorario-Solar'!AD2384 -> 0 | AK154: =SUM(E154:AI154) -> 0
B155: PFV-GRANTENO | E155: ='Resumen-DiarioHorario-Solar'!AD75 -> 0 | F155: ='Resumen-DiarioHorario-Solar'!AD152 -> 0 | G155: ='Resumen-DiarioHorario-Solar'!AD229 -> 0 | H155: ='Resumen-DiarioHorario-Solar'!AD306 -> 0 | I155: ='Resumen-DiarioHorario-Solar'!AD383 -> 0 | J155: ='Resumen-DiarioHorario-Solar'!AD460 -> 0 | K155: ='Resumen-DiarioHorario-Solar'!AD537 -> 0 | L155: ='Resumen-DiarioHorario-Solar'!AD614 -> 0 | M155: ='Resumen-DiarioHorario-Solar'!AD691 -> 0 | N155: ='Resumen-DiarioHorario-Solar'!AD768 -> 0 | O155: ='Resumen-DiarioHorario-Solar'!AD845 -> 0 | P155: ='Resumen-DiarioHorario-Solar'!AD922 -> 0 | Q155: ='Resumen-DiarioHorario-Solar'!AD999 -> 0 | R155: ='Resumen-DiarioHorario-Solar'!AD1076 -> 0 | S155: ='Resumen-DiarioHorario-Solar'!AD1153 -> 0 | T155: ='Resumen-DiarioHorario-Solar'!AD1230 -> 0 | U155: ='Resumen-DiarioHorario-Solar'!AD1307 -> 0 | V155: ='Resumen-DiarioHorario-Solar'!AD1384 -> 0 | W155: ='Resumen-DiarioHorario-Solar'!AD1461 -> 0 | X155: ='Resumen-DiarioHorario-Solar'!AD1538 -> 0 | Y155: ='Resumen-DiarioHorario-Solar'!AD1615 -> 0 | Z155: ='Resumen-DiarioHorario-Solar'!AD1692 -> 0 | AA155: ='Resumen-DiarioHorario-Solar'!AD1769 -> 0 | AB155: ='Resumen-DiarioHorario-Solar'!AD1846 -> 0 | AC155: ='Resumen-DiarioHorario-Solar'!AD1923 -> 0 | AD155: ='Resumen-DiarioHorario-Solar'!AD2000 -> 0 | AE155: ='Resumen-DiarioHorario-Solar'!AD2077 -> 0 | AF155: ='Resumen-DiarioHorario-Solar'!AD2154 -> 0 | AG155: ='Resumen-DiarioHorario-Solar'!AD2231 -> 0 | AH155: ='Resumen-DiarioHorario-Solar'!AD2308 -> 0 | AI155: =+'Resumen-DiarioHorario-Solar'!AD2385 -> 0 | AK155: =SUM(E155:AI155) -> 0
B156: PFV-ANDESIV | D156: † | E156: ='Resumen-DiarioHorario-Solar'!AD76 -> 0 | F156: ='Resumen-DiarioHorario-Solar'!AD153 -> 0 | G156: ='Resumen-DiarioHorario-Solar'!AD230 -> 0 | H156: ='Resumen-DiarioHorario-Solar'!AD307 -> 0 | I156: ='Resumen-DiarioHorario-Solar'!AD384 -> 0 | J156: ='Resumen-DiarioHorario-Solar'!AD461 -> 0 | K156: ='Resumen-DiarioHorario-Solar'!AD538 -> 0 | L156: ='Resumen-DiarioHorario-Solar'!AD615 -> 0 | M156: ='Resumen-DiarioHorario-Solar'!AD692 -> 0 | N156: ='Resumen-DiarioHorario-Solar'!AD769 -> 0 | O156: ='Resumen-DiarioHorario-Solar'!AD846 -> 0 | P156: ='Resumen-DiarioHorario-Solar'!AD923 -> 0 | Q156: ='Resumen-DiarioHorario-Solar'!AD1000 -> 0 | R156: ='Resumen-DiarioHorario-Solar'!AD1077 -> 0 | S156: ='Resumen-DiarioHorario-Solar'!AD1154 -> 0 | T156: ='Resumen-DiarioHorario-Solar'!AD1231 -> 0 | U156: ='Resumen-DiarioHorario-Solar'!AD1308 -> 0 | V156: ='Resumen-DiarioHorario-Solar'!AD1385 -> 0 | W156: ='Resumen-DiarioHorario-Solar'!AD1462 -> 0 | X156: ='Resumen-DiarioHorario-Solar'!AD1539 -> 0 | Y156: ='Resumen-DiarioHorario-Solar'!AD1616 -> 0 | Z156: ='Resumen-DiarioHorario-Solar'!AD1693 -> 0 | AA156: ='Resumen-DiarioHorario-Solar'!AD1770 -> 0 | AB156: ='Resumen-DiarioHorario-Solar'!AD1847 -> 0 | AC156: ='Resumen-DiarioHorario-Solar'!AD1924 -> 0 | AD156: ='Resumen-DiarioHorario-Solar'!AD2001 -> 0 | AE156: ='Resumen-DiarioHorario-Solar'!AD2078 -> 0 | AF156: ='Resumen-DiarioHorario-Solar'!AD2155 -> 0 | AG156: ='Resumen-DiarioHorario-Solar'!AD2232 -> 0 | AH156: ='Resumen-DiarioHorario-Solar'!AD2309 -> 0 | AI156: =+'Resumen-DiarioHorario-Solar'!AD2386 -> 0 | AK156: =SUM(E156:AI156) -> 0
B157: PFV-TAMARICO | E157: ='Resumen-DiarioHorario-Solar'!AD77 -> 112.33817 | F157: ='Resumen-DiarioHorario-Solar'!AD154 -> 20.334333 | G157: ='Resumen-DiarioHorario-Solar'!AD231 -> 335.61717 | H157: ='Resumen-DiarioHorario-Solar'!AD308 -> 160.66933 | I157: ='Resumen-DiarioHorario-Solar'!AD385 -> 99.8035 | J157: ='Resumen-DiarioHorario-Solar'!AD462 -> 93.316 | K157: ='Resumen-DiarioHorario-Solar'!AD539 -> 137.80833 | L157: ='Resumen-DiarioHorario-Solar'!AD616 -> 112.08917 | M157: ='Resumen-DiarioHorario-Solar'!AD693 -> 215.57233 | N157: ='Resumen-DiarioHorario-Solar'!AD770 -> 176.114 | O157: ='Resumen-DiarioHorario-Solar'!AD847 -> 270.003 | P157: ='Resumen-DiarioHorario-Solar'!AD924 -> 236.63667 | Q157: ='Resumen-DiarioHorario-Solar'!AD1001 -> 390.7995 | R157: ='Resumen-DiarioHorario-Solar'!AD1078 -> 200.59233 | S157: ='Resumen-DiarioHorario-Solar'!AD1155 -> 113.6265 | T157: ='Resumen-DiarioHorario-Solar'!AD1232 -> 279.933 | U157: ='Resumen-DiarioHorario-Solar'!AD1309 -> 256.28917 | V157: ='Resumen-DiarioHorario-Solar'!AD1386 -> 201.05567 | W157: ='Resumen-DiarioHorario-Solar'!AD1463 -> 281.69533 | X157: ='Resumen-DiarioHorario-Solar'!AD1540 -> 245.85283 | Y157: ='Resumen-DiarioHorario-Solar'!AD1617 -> 150.88583 | Z157: ='Resumen-DiarioHorario-Solar'!AD1694 -> 217.08583 | AA157: ='Resumen-DiarioHorario-Solar'!AD1771 -> 288.88167 | AB157: ='Resumen-DiarioHorario-Solar'!AD1848 -> 88.303167 | AC157: ='Resumen-DiarioHorario-Solar'!AD1925 -> 163.045 | AD157: ='Resumen-DiarioHorario-Solar'!AD2002 -> 230.53567 | AE157: ='Resumen-DiarioHorario-Solar'!AD2079 -> 126.69633 | AF157: ='Resumen-DiarioHorario-Solar'!AD2156 -> 71.572833 | AG157: ='Resumen-DiarioHorario-Solar'!AD2233 -> 20.074 | AH157: ='Resumen-DiarioHorario-Solar'!AD2310 -> 10.8955 | AI157: =+'Resumen-DiarioHorario-Solar'!AD2387 -> 162.49133 | AK157: =SUM(E157:AI157) -> 5470.6135
B158: PFV-TAIRA | E158: ='Resumen-DiarioHorario-Solar'!AD78 -> 0 | F158: ='Resumen-DiarioHorario-Solar'!AD155 -> 0 | G158: ='Resumen-DiarioHorario-Solar'!AD232 -> 0 | H158: ='Resumen-DiarioHorario-Solar'!AD309 -> 0 | I158: ='Resumen-DiarioHorario-Solar'!AD386 -> 0 | J158: ='Resumen-DiarioHorario-Solar'!AD463 -> 0 | K158: ='Resumen-DiarioHorario-Solar'!AD540 -> 0 | L158: ='Resumen-DiarioHorario-Solar'!AD617 -> 0 | M158: ='Resumen-DiarioHorario-Solar'!AD694 -> 0 | N158: ='Resumen-DiarioHorario-Solar'!AD771 -> 0 | O158: ='Resumen-DiarioHorario-Solar'!AD848 -> 0 | P158: ='Resumen-DiarioHorario-Solar'!AD925 -> 0 | Q158: ='Resumen-DiarioHorario-Solar'!AD1002 -> 0 | R158: ='Resumen-DiarioHorario-Solar'!AD1079 -> 0 | S158: ='Resumen-DiarioHorario-Solar'!AD1156 -> 0 | T158: ='Resumen-DiarioHorario-Solar'!AD1233 -> 0 | U158: ='Resumen-DiarioHorario-Solar'!AD1310 -> 0 | V158: ='Resumen-DiarioHorario-Solar'!AD1387 -> 0 | W158: ='Resumen-DiarioHorario-Solar'!AD1464 -> 0 | X158: ='Resumen-DiarioHorario-Solar'!AD1541 -> 0 | Y158: ='Resumen-DiarioHorario-Solar'!AD1618 -> 0 | Z158: ='Resumen-DiarioHorario-Solar'!AD1695 -> 0 | AA158: ='Resumen-DiarioHorario-Solar'!AD1772 -> 0 | AB158: ='Resumen-DiarioHorario-Solar'!AD1849 -> 0 | AC158: ='Resumen-DiarioHorario-Solar'!AD1926 -> 0 | AD158: ='Resumen-DiarioHorario-Solar'!AD2003 -> 0 | AE158: ='Resumen-DiarioHorario-Solar'!AD2080 -> 0 | AF158: ='Resumen-DiarioHorario-Solar'!AD2157 -> 0 | AG158: ='Resumen-DiarioHorario-Solar'!AD2234 -> 0 | AH158: ='Resumen-DiarioHorario-Solar'!AD2311 -> 0 | AI158: =+'Resumen-DiarioHorario-Solar'!AD2388 -> 0 | AK158: =SUM(E158:AI158) -> 0
B161: DESGLOSE DIARIO DE CURTAILMENTS DE HIDROELÉCTRICAS DE PASADA
B163: Central / Día | E163: =E86 -> 45931 | F163: =F86 -> 45932 | G163: =G86 -> 45933 | H163: =H86 -> 45934 | I163: =I86 -> 45935 | J163: =J86 -> 45936 | K163: =K86 -> 45937 | L163: =L86 -> 45938 | ... AI163: =AI86 -> 45961 | AJ163: Total
B164: Total | E164: =SUM(E165:E302) -> 979.57093 | F164: =SUM(F165:F302) -> 836.36771 | G164: =SUM(G165:G302) -> 702.66998 | H164: =SUM(H165:H302) -> 935.57525 | I164: =SUM(I165:I302) -> 879.28824 | J164: =SUM(J165:J302) -> 936.20775 | K164: =SUM(K165:K302) -> 967.70409 | L164: =SUM(L165:L302) -> 1286.6585 | ... AI164: =SUM(AI165:AI302) -> 992.36654 | AK164: =SUM(AK165:AK302) -> 23472.725
B165: ABANICO-1 | E165: =+'Resumen-DiarioHorario-HP'!AD8 -> 11.055212 | F165: =+'Resumen-DiarioHorario-HP'!AD152 -> 0 | G165: =+'Resumen-DiarioHorario-HP'!AD296 -> 8.5832191 | H165: =+'Resumen-DiarioHorario-HP'!AD440 -> 0 | I165: =+'Resumen-DiarioHorario-HP'!AD584 -> 0 | J165: =+'Resumen-DiarioHorario-HP'!AD728 -> 18.420142 | K165: =+'Resumen-DiarioHorario-HP'!AD872 -> 15.917126 | L165: =+'Resumen-DiarioHorario-HP'!AD1016 -> 6.3278619 | M165: =+'Resumen-DiarioHorario-HP'!AD1160 -> 7.8846061 | N165: =+'Resumen-DiarioHorario-HP'!AD1304 -> 6.2907706 | O165: =+'Resumen-DiarioHorario-HP'!AD1448 -> 1.0244536 | P165: =+'Resumen-DiarioHorario-HP'!AD1592 -> 36.361209 | Q165: =+'Resumen-DiarioHorario-HP'!AD1736 -> 11.585904 | R165: =+'Resumen-DiarioHorario-HP'!AD1880 -> 0 | S165: =+'Resumen-DiarioHorario-HP'!AD2024 -> 0 | T165: =+'Resumen-DiarioHorario-HP'!AD2168 -> 86.977583 | U165: =+'Resumen-DiarioHorario-HP'!AD2312 -> 0 | V165: =+'Resumen-DiarioHorario-HP'!AD2456 -> 90.203598 | W165: =+'Resumen-DiarioHorario-HP'!AD2600 -> 71.521125 | X165: =+'Resumen-DiarioHorario-HP'!AD2744 -> 108.32598 | Y165: =+'Resumen-DiarioHorario-HP'!AD2888 -> 90.373736 | Z165: =+'Resumen-DiarioHorario-HP'!AD3032 -> 103.77909 | AA165: =+'Resumen-DiarioHorario-HP'!AD3176 -> 16.516027 | AB165: =+'Resumen-DiarioHorario-HP'!AD3320 -> 30.155715 | AC165: =+'Resumen-DiarioHorario-HP'!AD3464 -> 132.25282 | AD165: =+'Resumen-DiarioHorario-HP'!AD3608 -> 120.90898 | AE165: =+'Resumen-DiarioHorario-HP'!AD3752 -> 99.388269 | AF165: =+'Resumen-DiarioHorario-HP'!AD3896 -> 14.249173 | AG165: =+'Resumen-DiarioHorario-HP'!AD4040 -> 8.6792431 | AH165: =+'Resumen-DiarioHorario-HP'!AD4184 -> 135.17281 | AI165: =+'Resumen-DiarioHorario-HP'!AD4328 -> 95.603367 | AK165: =SUM(E165:AI165) -> 1327.558
B166: ABANICO-3 | E166: =+'Resumen-DiarioHorario-HP'!AD9 -> 11.055212 | F166: =+'Resumen-DiarioHorario-HP'!AD153 -> 0 | G166: =+'Resumen-DiarioHorario-HP'!AD297 -> 8.5832191 | H166: =+'Resumen-DiarioHorario-HP'!AD441 -> 0 | I166: =+'Resumen-DiarioHorario-HP'!AD585 -> 0 | J166: =+'Resumen-DiarioHorario-HP'!AD729 -> 18.420142 | K166: =+'Resumen-DiarioHorario-HP'!AD873 -> 15.917126 | L166: =+'Resumen-DiarioHorario-HP'!AD1017 -> 6.3278619 | M166: =+'Resumen-DiarioHorario-HP'!AD1161 -> 7.8846061 | N166: =+'Resumen-DiarioHorario-HP'!AD1305 -> 6.2907706 | O166: =+'Resumen-DiarioHorario-HP'!AD1449 -> 1.0244536 | P166: =+'Resumen-DiarioHorario-HP'!AD1593 -> 36.361209 | Q166: =+'Resumen-DiarioHorario-HP'!AD1737 -> 11.585904 | R166: =+'Resumen-DiarioHorario-HP'!AD1881 -> 0 | S166: =+'Resumen-DiarioHorario-HP'!AD2025 -> 0 | T166: =+'Resumen-DiarioHorario-HP'!AD2169 -> 86.977583 | U166: =+'Resumen-DiarioHorario-HP'!AD2313 -> 0 | V166: =+'Resumen-DiarioHorario-HP'!AD2457 -> 90.203598 | W166: =+'Resumen-DiarioHorario-HP'!AD2601 -> 71.521125 | X166: =+'Resumen-DiarioHorario-HP'!AD2745 -> 108.32598 | Y166: =+'Resumen-DiarioHorario-HP'!AD2889 -> 90.373736 | Z166: =+'Resumen-DiarioHorario-HP'!AD3033 -> 103.77909 | AA166: =+'Resumen-DiarioHorario-HP'!AD3177 -> 16.516027 | AB166: =+'Resumen-DiarioHorario-HP'!AD3321 -> 30.155715 | AC166: =+'Resumen-DiarioHorario-HP'!AD3465 -> 132.25282 | AD166: =+'Resumen-DiarioHorario-HP'!AD3609 -> 120.90898 | AE166: =+'Resumen-DiarioHorario-HP'!AD3753 -> 99.388269 | AF166: =+'Resumen-DiarioHorario-HP'!AD3897 -> 14.249173 | AG166: =+'Resumen-DiarioHorario-HP'!AD4041 -> 8.6792431 | AH166: =+'Resumen-DiarioHorario-HP'!AD4185 -> 135.17281 | AI166: =+'Resumen-DiarioHorario-HP'!AD4329 -> 95.603367 | AK166: =SUM(E166:AI166) -> 1327.558
B167: ABANICO-5 | E167: =+'Resumen-DiarioHorario-HP'!AD10 -> 11.055212 | F167: =+'Resumen-DiarioHorario-HP'!AD154 -> 0 | G167: =+'Resumen-DiarioHorario-HP'!AD298 -> 8.5832191 | H167: =+'Resumen-DiarioHorario-HP'!AD442 -> 0 | I167: =+'Resumen-DiarioHorario-HP'!AD586 -> 0 | J167: =+'Resumen-DiarioHorario-HP'!AD730 -> 18.420142 | K167: =+'Resumen-DiarioHorario-HP'!AD874 -> 15.917126 | L167: =+'Resumen-DiarioHorario-HP'!AD1018 -> 6.3278619 | M167: =+'Resumen-DiarioHorario-HP'!AD1162 -> 7.8846061 | N167: =+'Resumen-DiarioHorario-HP'!AD1306 -> 6.2907706 | O167: =+'Resumen-DiarioHorario-HP'!AD1450 -> 1.0244536 | P167: =+'Resumen-DiarioHorario-HP'!AD1594 -> 36.361209 | Q167: =+'Resumen-DiarioHorario-HP'!AD1738 -> 11.585904 | R167: =+'Resumen-DiarioHorario-HP'!AD1882 -> 0 | S167: =+'Resumen-DiarioHorario-HP'!AD2026 -> 0 | T167: =+'Resumen-DiarioHorario-HP'!AD2170 -> 86.977583 | U167: =+'Resumen-DiarioHorario-HP'!AD2314 -> 0 | V167: =+'Resumen-DiarioHorario-HP'!AD2458 -> 90.203598 | W167: =+'Resumen-DiarioHorario-HP'!AD2602 -> 71.521125 | X167: =+'Resumen-DiarioHorario-HP'!AD2746 -> 108.32598 | Y167: =+'Resumen-DiarioHorario-HP'!AD2890 -> 90.373736 | Z167: =+'Resumen-DiarioHorario-HP'!AD3034 -> 103.77909 | AA167: =+'Resumen-DiarioHorario-HP'!AD3178 -> 16.516027 | AB167: =+'Resumen-DiarioHorario-HP'!AD3322 -> 30.155715 | AC167: =+'Resumen-DiarioHorario-HP'!AD3466 -> 132.25282 | AD167: =+'Resumen-DiarioHorario-HP'!AD3610 -> 120.90898 | AE167: =+'Resumen-DiarioHorario-HP'!AD3754 -> 99.388269 | AF167: =+'Resumen-DiarioHorario-HP'!AD3898 -> 14.249173 | AG167: =+'Resumen-DiarioHorario-HP'!AD4042 -> 8.6792431 | AH167: =+'Resumen-DiarioHorario-HP'!AD4186 -> 135.17281 | AI167: =+'Resumen-DiarioHorario-HP'!AD4330 -> 95.603367 | AK167: =SUM(E167:AI167) -> 1327.558
...

Sheet Resumen-DiarioHorario-Eólico
B2: CURTAILMENTS EÓLICAS POR CENTRALES EN FORMA DIARIA/HORARIA
B5: ='Resumen-Mensual'!$E$26 -> 45931
B7: Central/Hora | E7: 1 | F7: 2 | G7: 3 | H7: 4 | I7: 5 | J7: 6 | K7: 7 | L7: 8 | M7: 9 | N7: 10 | O7: 11 | P7: 12 | Q7: 13 | R7: 14 | S7: 15 | T7: 16 | U7: 17 | V7: 18 | W7: 19 | X7: 20 | Y7: 21 | Z7: 22 | AA7: 23 | AB7: 24 | AC7: Total
B8: PE-TCHAMMA | E8: 0 | F8: 0 | G8: 0 | H8: 0 | I8: 0 | J8: 0 | K8: 0 | L8: 4.5985 | M8: 36.049333 | N8: 43.1325 | O8: 11.551333 | P8: 3.8343333 | Q8: 9.3226667 | R8: 23.3755 | S8: 23.0095 | T8: 5.0933333 | U8: 10.611 | V8: 14.542667 | W8: 3.1461667 | X8: 0 | Y8: 0 | Z8: 0 | AA8: 0 | AB8: 0 | AD8: =SUM(E8:AB8) -> 188.26683
B9: PE-SIERRAGORDA | E9: 0 | F9: 0 | G9: 0 | H9: 0 | I9: 0 | J9: 0 | K9: 0 | L9: 1.7333333 | M9: 16.814833 | N9: 16.306833 | O9: 16.543333 | P9: 10.756167 | Q9: 17.009667 | R9: 17.399333 | S9: 11.826333 | T9: 19.219833 | U9: 0.12433333 | V9: 6.9048333 | W9: 11.7555 | X9: 0 | Y9: 0 | Z9: 0 | AA9: 0 | AB9: 0 | AD9: =SUM(E9:AB9) -> 146.39433
B10: PE-VALLEDELOSVIENTOS | E10: 0 | F10: 0 | G10: 0 | H10: 0 | I10: 0 | J10: 0 | K10: 0 | L10: 1.134 | M10: 8.87 | N10: 5.55 | O10: 2.35 | P10: 3.58 | Q10: 13.74 | R10: 34.83 | S10: 56.61 | T10: 29.88 | U10: 44.867833 | V10: 43.343333 | W10: 39.588833 | X10: 0 | Y10: 0 | Z10: 0 | AA10: 0 | AB10: 0 | AD10: =SUM(E10:AB10) -> 284.344
B11: PE-CERROTIGRE | E11: 0 | F11: 0 | G11: 0 | H11: 0 | I11: 0 | J11: 0 | K11: 0 | L11: 0.37333333 | M11: 1.6 | N11: 0.2 | O11: 0 | P11: 0.3 | Q11: 10.5 | R11: 52.066 | S11: 91.895333 | T11: 54.0445 | U11: 56.164167 | V11: 76.648 | W11: 42.889833 | X11: 0 | Y11: 0 | Z11: 0 | AA11: 0 | AB11: 0 | AD11: =SUM(E11:AB11) -> 386.68117
B12: PE-CALAMA | E12: 0 | F12: 0 | G12: 0 | H12: 0 | I12: 0 | J12: 0 | K12: 0 | L12: 0.25666667 | M12: 1.9095 | N12: 2.8458333 | O12: 1.6008333 | P12: 5.4536667 | Q12: 21.335833 | R12: 36.594833 | S12: 40.0275 | T12: 36.1335 | U12: 0 | V12: 31.15 | W12: 24.775833 | X12: 0 | Y12: 0 | Z12: 0 | AA12: 0 | AB12: 0 | AD12: =SUM(E12:AB12) -> 202.084
B13: PE-TALTAL | E13: 0 | F13: 0 | G13: 0 | H13: 0 | I13: 0 | J13: 0 | K13: 0 | L13: 0 | M13: 0 | N13: 0 | O13: 0 | P13: 0 | Q13: 0 | R13: 0 | S13: 0 | T13: 0 | U13: 0 | V13: 0 | W13: 0 | X13: 0 | Y13: 0 | Z13: 0 | AA13: 0 | AB13: 0 | AD13: =SUM(E13:AB13) -> 0
B14: PE-SARCO | E14: 0 | F14: 0 | G14: 0 | H14: 0 | I14: 0 | J14: 0 | K14: 0 | L14: 0.30066667 | M14: 9.4455 | N14: 9.5226667 | O14: 0.1015 | P14: 5.7505 | Q14: 11.730833 | R14: 11.418667 | S14: 7.4335 | T14: 5.7803333 | U14: 4.0815 | V14: 1.178 | W14: 0 | X14: 0 | Y14: 0 | Z14: 0 | AA14: 0 | AB14: 0 | AD14: =SUM(E14:AB14) -> 66.743667
B15: PE-CABOLEONES-1 | E15: 0 | F15: 0 | G15: 0 | H15: 0 | I15: 0 | J15: 0 | K15: 0 | L15: 0.34433333 | M15: 7.0398333 | N15: 12.021167 | O15: 11.257 | P15: 7.1201667 | Q15: 11.319333 | R15: 11.582167 | S15: 7.1755 | T15: 4.2868333 | U15: 0.3895 | V15: 0 | W15: 0 | X15: 0 | Y15: 0 | Z15: 0 | AA15: 0 | AB15: 0 | AD15: =SUM(E15:AB15) -> 72.535833
B16: PE-CABOLEONES-2 | E16: 0 | F16: 0 | G16: 0 | H16: 0 | I16: 0 | J16: 0 | K16: 0 | L16: 0.868 | M16: 13.64 | N16: 29.087 | O16: 39.093333 | P16: 30.352 | Q16: 34.520167 | R16: 37.725833 | S16: 36.3 | T16: 30.5115 | U16: 20.069333 | V16: 15.901167 | W16: 13.262667 | X16: 0 | Y16: 0 | Z16: 0 | AA16: 0 | AB16: 0 | AD16: =SUM(E16:AB16) -> 301.331
B17: PE-CABOLEONES-3 | E17: 0 | F17: 0 | G17: 0 | H17: 0 | I17: 0 | J17: 0 | K17: 0 | L17: 0.381 | M17: 8.5285 | N17: 10.713333 | O17: 10.5285 | P17: 6.6706667 | Q17: 8.6306667 | R17: 8.0063333 | S17: 3.8093333 | T17: 1.8876667 | U17: 2.082 | V17: 6.523 | W17: 0.632 | X17: 0 | Y17: 0 | Z17: 0 | AA17: 0 | AB17: 0 | AD17: =SUM(E17:AB17) -> 68.393
B18: PE-SANJUAN | E18: 0 | F18: 0 | G18: 0 | H18: 0 | I18: 0 | J18: 0 | K18: 0 | L18: 0.28233333 | M18: 1.001 | N18: 0.2765 | O18: 0 | P18: 0.21983333 | Q18: 0.96633333 | R18: 0.88983333 | S18: 2.9353333 | T18: 4.371 | U18: 0.80183333 | V18: 0.687 | W18: 0.031333333 | X18: 0 | Y18: 0 | Z18: 0 | AA18: 0 | AB18: 0 | AD18: =SUM(E18:AB18) -> 12.462333
B19: PE-PUNTACOLORADA | E19: 0 | F19: 0 | G19: 0 | H19: 0 | I19: 0 | J19: 0 | K19: 0 | L19: 0 | M19: 0 | N19: 0 | O19: 0 | P19: 0 | Q19: 0 | R19: 0 | S19: 0 | T19: 0 | U19: 0 | V19: 0 | W19: 0 | X19: 0 | Y19: 0 | Z19: 0 | AA19: 0 | AB19: 0 | AD19: =SUM(E19:AB19) -> 0
... B61: PE-PUNTADETALCA | E61: 0 | F61: 0 | G61: 0 | H61: 0 | I61: 0 | J61: 0 | K61: 0 | L61: 0 | M61: 0 | N61: 0 | O61: 0 | P61: 0 | Q61: 0 | R61: 0 | S61: 0 | T61: 0 | U61: 0 | V61: 0 | W61: 0 | X61: 0 | Y61: 0 | Z61: 0 | AA61: 0 | AB61: 0 | AD61: =SUM(E61:AB61) -> 0
B62: Total | E62: =SUM(E8:E61) -> 335.68667 | F62: =SUM(F8:F61) -> 174.34067 | G62: =SUM(G8:G61) -> 158.719 | H62: =SUM(H8:H61) -> 157.55117 | I62: =SUM(I8:I61) -> 147.524 | J62: =SUM(J8:J61) -> 131.85833 | K62: =SUM(K8:K61) -> 163.97467 | L62: =SUM(L8:L61) -> 159.81828 | ... AB62: =SUM(AB8:AB61) -> 0 | AC62: =SUM(AC8:AE61) -> 5511.0457
B65: ='Resumen-Mensual'!$F$26 -> 45932
B67: Central/Hora | E67: 1 | F67: 2 | G67: 3 | H67: 4 | I67: 5 | J67: 6 | K67: 7 | L67: 8 | M67: 9 | N67: 10 | O67: 11 | P67: 12 | Q67: 13 | R67: 14 | S67: 15 | T67: 16 | U67: 17 | V67: 18 | W67: 19 | X67: 20 | Y67: 21 | Z67: 22 | AA67: 23 | AB67: 24 | AC67: Total
B68: PE-TCHAMMA | E68: 0 | F68: 0 | G68: 0 | H68: 0 | I68: 0 | J68: 0 | K68: 0 | L68: 0 | M68: 12.757667 | N68: 0.38883333 | O68: 1.62 | P68: 3.283 | Q68: 7.2723333 | R68: 14.023667 | S68: 5.3796667 | T68: 0.056666667 | U68: 6.2025 | V68: 6.009 | W68: 3.781 | X68: 0 | Y68: 0 | Z68: 0 | AA68: 0 | AB68: 0 | AD68: =SUM(E68:AB68) -> 60.774333
B69: PE-SIERRAGORDA | E69: 0 | F69: 0 | G69: 0 | H69: 0 | I69: 0 | J69: 0 | K69: 0 | L69: 1.8323333 | M69: 31.762 | N69: 15.535333 | O69: 5.6715 | P69: 6.7073333 | Q69: 10.031167 | R69: 11.920667 | S69: 14.889333 | T69: 5.5721667 | U69: 0.566 | V69: 6.724 | W69: 2.268 | X69: 0 | Y69: 0 | Z69: 0 | AA69: 0 | AB69: 0 | AD69: =SUM(E69:AB69) -> 113.47983
B70: PE-VALLEDELOSVIENTOS | E70: 0 | F70: 0 | G70: 0 | H70: 0 | I70: 0 | J70: 0 | K70: 0 | L70: 0 | M70: 2.7165 | N70: 9.2158333 | O70: 2.155 | P70: 1.915 | Q70: 4.4393333 | R70: 12.346667 | S70: 23.345 | T70: 32.32 | U70: 23.1495 | V70: 34.153333 | W70: 21.839667 | X70: 0 | Y70: 0 | Z70: 0 | AA70: 0 | AB70: 0 | AD70: =SUM(E70:AB70) -> 167.59583
B71: PE-CERROTIGRE | E71: 0 | F71: 0 | G71: 0 | H71: 0 | I71: 0 | J71: 0 | K71: 0 | L71: 0.36 | M71: 1.9555 | N71: 0.9895 | O71: 0.1 | P71: 0.41116667 | Q71: 5.8 | R71: 45.8515 | S71: 50.303333 | T71: 20.381167 | U71: 23.610167 | V71: 68.586667 | W71: 17.951167 | X71: 0 | Y71: 0 | Z71: 0 | AA71: 0 | AB71: 0 | AD71: =SUM(E71:AB71) -> 236.30017
B72: PE-CALAMA | E72: 0 | F72: 0 | G72: 0 | H72: 0 | I72: 0 | J72: 0 | K72: 0 | L72: 0.5955 | M72: 16.985 | N72: 21.532 | O72: 3.4003333 | P72: 1.6705 | Q72: 9.5928333 | R72: 31.631333 | S72: 60.626167 | T72: 74.889167 | U72: 37.653333 | V72: 6.6493333 | W72: 0.699 | X72: 0 | Y72: 0 | Z72: 0 | AA72: 0 | AB72: 0 | AD72: =SUM(E72:AB72) -> 265.9245
B73: PE-TALTAL | E73: 0 | F73: 0 | G73: 0 | H73: 0 | I73: 0 | J73: 0 | K73: 0 | L73: 0 | M73: 0 | N73: 0 | O73: 0 | P73: 0 | Q73: 0 | R73: 0 | S73: 0 | T73: 0 | U73: 0 | V73: 10.098833 | W73: 9.3651667 | X73: 0 | Y73: 0 | Z73: 0 | AA73: 0 | AB73: 0 | AD73: =SUM(E73:AB73) -> 19.464
B74: PE-SARCO | E74: 0 | F74: 0 | G74: 0 | H74: 0 | I74: 0 | J74: 0 | K74: 0 | L74: 0.049333333 | M74: 1.728 | N74: 4.4851667 | O74: 8.5605 | P74: 5.2675 | Q74: 9.4871667 | R74: 8.9558333 | S74: 3.4541667 | T74: 3.2668333 | U74: 1.329 | V74: 0 | W74: 0 | X74: 0 | Y74: 0 | Z74: 0 | AA74: 0 | AB74: 0 | AD74: =SUM(E74:AB74) -> 46.5835
B75: PE-CABOLEONES-1 | E75: 0 | F75: 0 | G75: 0 | H75: 0 | I75: 0 | J75: 0 | K75: 0 | L75: 0.094166667 | M75: 1.7068333 | N75: 3.5396667 | O75: 5.583 | P75: 4.9281667 | Q75: 9.1081667 | R75: 7.9961667 | S75: 4.73 | T75: 2.8806667 | U75: 0.48716667 | V75: 0 | W75: 0 | X75: 0 | Y75: 0 | Z75: 0 | AA75: 0 | AB75: 0 | AD75: =SUM(E75:AB75) -> 41.054
B76: PE-CABOLEONES-2 | E76: 0 | F76: 0 | G76: 0 | H76: 0 | I76: 0 | J76: 0 | K76: 0 | L76: 0.488 | M76: 7.88 | N76: 9.18 | O76: 19.8045 | P76: 24.734 | Q76: 28.509 | R76: 26.241333 | S76: 24.187833 | T76: 20.190833 | U76: 16.001167 | V76: 8.7693333 | W76: 12.032 | X76: 0 | Y76: 0 | Z76: 0 | AA76: 0 | AB76: 0 | AD76: =SUM(E76:AB76) -> 198.018
B77: PE-CABOLEONES-3 | E77: 0 | F77: 0 | G77: 0 | H77: 0 | I77: 0 | J77: 0 | K77: 0 | L77: 0.25983333 | M77: 3.1751667 | N77: 4.2041667 | O77: 6.5683333 | P77: 7.1705 | Q77: 7.566 | R77: 6.6866667 | S77: 3.7978333 | T77: 2.4385 | U77: 0.19483333 | V77: 0 | W77: 0.53216667 | X77: 0 | Y77: 0 | Z77: 0 | AA77: 0 | AB77: 0 | AD77: =SUM(E77:AB77) -> 42.594
B78: PE-SANJUAN | E78: 0 | F78: 0 | G78: 0 | H78: 0 | I78: 0 | J78: 0 | K78: 0 | L78: 0 | M78: 0.0405 | N78: 0 | O78: 0.15 | P78: 0.00083333333 | Q78: 0.29216667 | R78: 0.5345 | S78: 2.272 | T78: 4.4333333 | U78: 0.27883333 | V78: 0 | W78: 0 | X78: 0 | Y78: 0 | Z78: 0 | AA78: 0 | AB78: 0 | AD78: =SUM(E78:AB78) -> 8.0021667
B79: PE-PUNTACOLORADA | E79: 0 | F79: 0 | G79: 0 | H79: 0 | I79: 0 | J79: 0 | K79: 0 | L79: 0 | M79: 0 | N79: 0 | O79: 0 | P79: 0 | Q79: 0 | R79: 0 | S79: 0 | T79: 0 | U79: 0 | V79: 0 | W79: 0 | X79: 0 | Y79: 0 | Z79: 0 | AA79: 0 | AB79: 0 | AD79: =SUM(E79:AB79) -> 0
... B121: PE-PUNTADETALCA | E121: 0 | F121: 0 | G121: 0 | H121: 0 | I121: 0 | J121: 0 | K121: 0 | L121: 0 | M121: 0 | N121: 0 | O121: 0 | P121: 0 | Q121: 0 | R121: 0 | S121: 0 | T121: 0 | U121: 0.47433333 | V121: 0.20966667 | W121: 0 | X121: 0.001 | Y121: 0 | Z121: 0 | AA121: 0 | AB121: 0 | AD121: =SUM(E121:AB121) -> 0.685
B122: Total | E122: =SUM(E68:E121) -> 0 | F122: =SUM(F68:F121) -> 0 | G122: =SUM(G68:G121) -> 0 | H122: =SUM(H68:H121) -> 0 | I122: =SUM(I68:I121) -> 0 | J122: =SUM(J68:J121) -> 0 | K122: =SUM(K68:K121) -> 0 | L122: =SUM(L68:L121) -> 15.236887 | ... AB122: =SUM(AB68:AB121) -> 0 | AC122: =SUM(AC68:AE121) -> 2682.814
B125: ='Resumen-Mensual'!$G$26 -> 45933
B127: Central/Hora | E127: 1 | F127: 2 | G127: 3 | H127: 4 | I127: 5 | J127: 6 | K127: 7 | L127: 8 | M127: 9 | N127: 10 | O127: 11 | P127: 12 | Q127: 13 | R127: 14 | S127: 15 | T127: 16 | U127: 17 | V127: 18 | W127: 19 | X127: 20 | Y127: 21 | Z127: 22 | AA127: 23 | AB127: 24 | AC127: Total
B128: PE-TCHAMMA | E128: 0 | F128: 0 | G128: 0 | H128: 0 | I128: 0 | J128: 0 | K128: 0 | L128: 0 | M128: 0 | N128: 3.883 | O128: 0.57433333 | P128: 3.7008333 | Q128: 9.6306667 | R128: 3.8606667 | S128: 8.908 | T128: 11.294167 | U128: 18.005333 | V128: 24.644167 | W128: 12.659 | X128: 0 | Y128: 0 | Z128: 0 | AA128: 0 | AB128: 0 | AD128: =SUM(E128:AB128) -> 97.160167
B129: PE-SIERRAGORDA | E129: 0 | F129: 0 | G129: 0 | H129: 0 | I129: 0 | J129: 0 | K129: 0 | L129: 0 | M129: 0 | N129: 9.0003333 | O129: 8.0171667 | P129: 11.586167 | Q129: 17.784667 | R129: 7.913 | S129: 4.0535 | T129: 25.137167 | U129: 33.207667 | V129: 25.789833 | W129: 1.413 | X129: 0 | Y129: 0 | Z129: 0 | AA129: 0 | AB129: 0 | AD129: =SUM(E129:AB129) -> 143.9025
B130: PE-VALLEDELOSVIENTOS | E130: 0 | F130: 0 | G130: 0 | H130: 0 | I130: 0 | J130: 0 | K130: 0 | L130: 0 | M130: 0 | N130: 0.298 | O130: 1.1033333 | P130: 5.1396667 | Q130: 12.760667 | R130: 19.5085 | S130: 25.287667 | T130: 31.211333 | U130: 34.485667 | V130: 35.177667 | W130: 24.516167 | X130: 0 | Y130: 0 | Z130: 0 | AA130: 0 | AB130: 0 | AD130: =SUM(E130:AB130) -> 189.48867
B131: PE-CERROTIGRE | E131: 0 | F131: 0 | G131: 0 | H131: 0 | I131: 0 | J131: 0 | K131: 0 | L131: 0 | M131: 0.67783333 | N131: 0.23916667 | O131: 1.2955 | P131: 3.1 | Q131: 20.854833 | R131: 42.606333 | S131: 35.890333 | T131: 61.618333 | U131: 35.896 | V131: 75.2075 | W131: 53.103167 | X131: 0 | Y131: 0 | Z131: 0 | AA131: 0 | AB131: 0 | AD131: =SUM(E131:AB131) -> 330.489
B132: PE-CALAMA | E132: 0 | F132: 0 | G132: 0 | H132: 0 | I132: 0 | J132: 0 | K132: 0 | L132: 0 | M132: 0 | N132: 0.19616667 | O132: 0.9255 | P132: 8.8518333 | Q132: 27.945333 | R132: 51.937167 | S132: 52.098833 | T132: 48.919667 | U132: 2.8523333 | V132: 4.6216667 | W132: 47.791333 | X132: 0 | Y132: 0 | Z132: 0 | AA132: 0 | AB132: 0 | AD132: =SUM(E132:AB132) -> 246.13983
B133: PE-TALTAL | E133: 0 | F133: 0 | G133: 0 | H133: 0 | I133: 0 | J133: 0 | K133: 0 | L133: 0 | M133: 0 | N133: 0 | O133: 0 | P133: 10.519 | Q133: 19.25 | R133: 14.42 | S133: 9.09 | T133: 9.1936667 | U133: 18.586833 | V133: 8.133 | W133: 6.4071667 | X133: 0 | Y133: 0 | Z133: 0 | AA133: 0 | AB133: 0 | AD133: =SUM(E133:AB133) -> 95.599667
B134: PE-SARCO | E134: 0 | F134: 0 | G134: 0 | H134: 0 | I134: 0 | J134: 0 | K134: 0 | L134: 0 | M134: 0 | N134: 0 | O134: 0 | P134: 0 | Q134: 0 | R134: 0 | S134: 0 | T134: 0 | U134: 0 | V134: 0.026 | W134: 0.65616667 | X134: 0 | Y134: 0 | Z134: 0 | AA134: 0 | AB134: 0 | AD134: =SUM(E134:AB134) -> 0.68216667
B135: PE-CABOLEONES-1 | E135: 0 | F135: 0 | G135: 0 | H135: 0 | I135: 0 | J135: 0 | K135: 0 | L135: 0 | M135: 0 | N135: 0 | O135: 0.324 | P135: 0 | Q135: 0 | R135: 0 | S135: 0 | T135: 0 | U135: 32.636 | V135: 6.6863333 | W135: 0.41733333 | X135: 0 | Y135: 0 | Z135: 0 | AA135: 0 | AB135: 0 | AD135: =SUM(E135:AB135) -> 40.063667
B136: PE-CABOLEONES-2 | E136: 0 | F136: 0 | G136: 0 | H136: 0 | I136: 0 | J136: 0 | K136: 0 | L136: 0 | M136: 1.8801667 | N136: 16.920167 | O136: 0.29833333 | P136: 0 | Q136: 0 | R136: 0 | S136: 0 | T136: 0 | U136: 17.880667 | V136: 38.15 | W136: 15.38 | X136: 0 | Y136: 0 | Z136: 0 | AA136: 0 | AB136: 0 | AD136: =SUM(E136:AB136) -> 90.509333
B137: PE-CABOLEONES-3 | E137: 0 | F137: 0 | G137: 0 | H137: 0 | I137: 0 | J137: 0 | K137: 0 | L137: 0 | M137: 0 | N137: 0 | O137: 0 | P137: 9.9468333 | Q137: 0.023333333 | R137: 0.0425 | S137: 0 | T137: 0 | U137: 13.187667 | V137: 9.1273333 | W137: 5.7416667 | X137: 0 | Y137: 0 | Z137: 0 | AA137: 0 | AB137: 0 | AD137: =SUM(E137:AB137) -> 38.069333
B138: PE-SANJUAN | E138: 0 | F138: 0 | G138: 0 | H138: 0 | I138: 0 | J138: 0 | K138: 0 | L138: 0 | M138: 0 | N138: 0 | O138: 0 | P138: 0 | Q138: 0 | R138: 0 | S138: 0 | T138: 0 | U138: 0 | V138: 0 | W138: 0 | X138: 0 | Y138: 0 | Z138: 0 | AA138: 0 | AB138: 0 | AD138: =SUM(E138:AB138) -> 0
B139: PE-PUNTACOLORADA | E139: 0 | F139: 0 | G139: 0 | H139: 0 | I139: 0 | J139: 0 | K139: 0 | L139: 0 | M139: 0 | N139: 0 | O139: 0 | P139: 0 | Q139: 0 | R139: 0 | S139: 0 | T139: 0 | U139: 0 | V139: 0 | W139: 0 | X139: 0 | Y139: 0 | Z139: 0 | AA139: 0 | AB139: 0 | AD139: =SUM(E139:AB139) -> 0
... B181: PE-PUNTADETALCA | E181: 0 | F181: 0 | G181: 0 | H181: 0 | I181: 0 | J181: 0 | K181: 0 | L181: 0 | M181: 0 | N181: 0 | O181: 0 | P181: 9.7391667 | Q181: 24.43 | R181: 7.256 | S181: 15.887167 | T181: 14.758167 | U181: 11.381833 | V181: 11.056333 | W181: 5.198 | X181: 0 | Y181: 0 | Z181: 0 | AA181: 0 | AB181: 0 | AD181: =SUM(E181:AB181) -> 99.706667
B182: Total | E182: =SUM(E128:E181) -> 0 | F182: =SUM(F128:F181) -> 0 | G182: =SUM(G128:G181) -> 0 | H182: =SUM(H128:H181) -> 0 | I182: =SUM(I128:I181) -> 0 | J182: =SUM(J128:J181) -> 0 | K182: =SUM(K128:K181) -> 0 | L182: =SUM(L128:L181) -> 0 | ... AB182: =SUM(AB128:AB181) -> 0 | AC182: =SUM(AC128:AE181) -> 5126.3706
B185: ='Resumen-Mensual'!$H$26 -> 45934
B187: Central/Hora | E187: 1 | F187: 2 | G187: 3 | H187: 4 | I187: 5 | J187: 6 | K187: 7 | L187: 8 | M187: 9 | N187: 10 | O187: 11 | P187: 12 | Q187: 13 | R187: 14 | S187: 15 | T187: 16 | U187: 17 | V187: 18 | W187: 19 | X187: 20 | Y187: 21 | Z187: 22 | AA187: 23 | AB187: 24 | AC187: Total
B188: PE-TCHAMMA | E188: 0 | F188: 0 | G188: 0 | H188: 0 | I188: 0 | J188: 0 | K188: 0 | L188: 0 | M188: 2.7196667 | N188: 10.939167 | O188: 0.74816667 | P188: 3.2395 | Q188: 8.081 | R188: 10.441167 | S188: 20.248333 | T188: 25.6805 | U188: 17.043333 | V188: 7.2718333 | W188: 8.9565 | X188: 0 | Y188: 0 | Z188: 0 | AA188: 0 | AB188: 0 | AD188: =SUM(E188:AB188) -> 115.36917
B189: PE-SIERRAGORDA | E189: 0 | F189: 0 | G189: 0 | H189: 0 | I189: 0 | J189: 0 | K189: 0 | L189: 0 | M189: 2.1503333 | N189: 0 | O189: 1.998 | P189: 10.762333 | Q189: 9.7225 | R189: 8.2896667 | S189: 2.4906667 | T189: 6.2563333 | U189: 18.774667 | V189: 2.8188333 | W189: 1.7253333 | X189: 0 | Y189: 0 | Z189: 0 | AA189: 0 | AB189: 0 | AD189: =SUM(E189:AB189) -> 64.988667
B190: PE-VALLEDELOSVIENTOS | E190: 0 | F190: 0 | G190: 0 | H190: 0 | I190: 0 | J190: 0 | K190: 0 | L190: 0 | M190: 0 | N190: 1.1026667 | O190: 1.5206667 | P190: 5.2346667 | Q190: 11.414 | R190: 21.599333 | S190: 29.155833 | T190: 23.687667 | U190: 33.8675 | V190: 36.118167 | W190: 31.4645 | X190: 0 | Y190: 0 | Z190: 0 | AA190: 0 | AB190: 0 | AD190: =SUM(E190:AB190) -> 195.165
B191: PE-CERROTIGRE | E191: 0 | F191: 0 | G191: 0 | H191: 0 | I191: 0 | J191: 0 | K191: 0 | L191: 0 | M191: 0.48 | N191: 0.6 | O191: 1.6 | P191: 5.0503333 | Q191: 18.946833 | R191: 38.034333 | S191: 0.28866667 | T191: 40.254167 | U191: 44.437333 | V191: 30.457667 | W191: 33.857667 | X191: 0 | Y191: 0 | Z191: 0 | AA191: 0 | AB191: 0 | AD191: =SUM(E191:AB191) -> 214.007
B192: PE-CALAMA | E192: 0 | F192: 0 | G192: 0 | H192: 0 | I192: 0 | J192: 0 | K192: 0 | L192: 0 | M192: 0 | N192: 0.63133333 | O192: 0.75483333 | P192: 7.1816667 | Q192: 21.153667 | R192: 48.4245 | S192: 68.215667 | T192: 35.224167 | U192: 7.2465 | V192: 13.2685 | W192: 0.94183333 | X192: 0 | Y192: 0 | Z192: 0 | AA192: 0 | AB192: 0 | AD192: =SUM(E192:AB192) -> 203.04267
B193: PE-TALTAL | E193: 0 | F193: 0 | G193: 0 | H193: 0 | I193: 0 | J193: 0 | K193: 0 | L193: 0 | M193: 59.584333 | N193: 59.63 | O193: 58.87 | P193: 51.48 | Q193: 38.07 | R193: 22.63 | S193: 0.744 | T193: 0 | U193: 0 | V193: 0 | W193: 0 | X193: 0 | Y193: 0 | Z193: 0 | AA193: 0 | AB193: 0 | AD193: =SUM(E193:AB193) -> 291.00833
B194: PE-SARCO | E194: 0 | F194: 0 | G194: 0 | H194: 0 | I194: 0 | J194: 0 | K194: 0 | L194: 0 | M194: 0 | N194: 0.0765 | O194: 0 | P194: 0.010166667 | Q194: 0.0815 | R194: 0.37183333 | S194: 0.59966667 | T194: 6.8216667 | U194: 11.543 | V194: 17.348 | W194: 9.458 | X194: 0 | Y194: 0 | Z194: 0 | AA194: 0 | AB194: 0 | AD194: =SUM(E194:AB194) -> 46.310333
B195: PE-CABOLEONES-1 | E195: 0 | F195: 0 | G195: 0 | H195: 0 | I195: 0 | J195: 0 | K195: 0 | L195: 0 | M195: 7.4626667 | N195: 14.798667 | O195: 16.343167 | P195: 16.0915 | Q195: 15.350333 | R195: 11.624667 | S195: 5.3538333 | T195: 0.1915 | U195: 0 | V195: 0 | W195: 0 | X195: 0 | Y195: 0 | Z195: 0 | AA195: 0 | AB195: 0 | AD195: =SUM(E195:AB195) -> 87.216333
B196: PE-CABOLEONES-2 | E196: 0 | F196: 0 | G196: 0 | H196: 0 | I196: 0 | J196: 0 | K196: 0 | L196: 0 | M196: 4.842 | N196: 8.1156667 | O196: 10.749833 | P196: 12.719833 | Q196: 15.804667 | R196: 15.778833 | S196: 16.966 | T196: 19.133667 | U196: 6.8756667 | V196: 13.561 | W196: 5.1723333 | X196: 0 | Y196: 0 | Z196: 0 | AA196: 0 | AB196: 0 | AD196: =SUM(E196:AB196) -> 129.7195
B197: PE-CABOLEONES-3 | E197: 0 | F197: 0 | G197: 0 | H197: 0 | I197: 0 | J197: 0 | K197: 0 | L197: 0 | M197: 0.6775 | N197: 0.34866667 | O197: 0.43966667 | P197: 0.25066667 | Q197: 2.6053333 | R197: 2.0766667 | S197: 1.663 | T197: 1.183 | U197: 3.0931667 | V197: 5.6733333 | W197: 1.2025 | X197: 0 | Y197: 0 | Z197: 0 | AA197: 0 | AB197: 0 | AD197: =SUM(E197:AB197) -> 19.2135
B198: PE-SANJUAN | E198: 0 | F198: 0 | G198: 0 | H198: 0 | I198: 0 | J198: 0 | K198: 0 | L198: 0 | M198: 0.144 | N198: 0.125 | O198: 0.55166667 | P198: 1.4411667 | Q198: 2.8615 | R198: 3.7868333 | S198: 4.1991667 | T198: 9.4915 | U198: 26.876333 | V198: 50.4515 | W198: 49.024167 | X198: 0 | Y198: 0 | Z198: 0 | AA198: 0 | AB198: 0 | AD198: =SUM(E198:AB198) -> 148.95283
B199: PE-PUNTACOLORADA | E199: 0 | F199: 0 | G199: 0 | H199: 0 | I199: 0 | J199: 0 | K199: 0 | L199: 0 | M199: 0 | N199: 0 | O199: 0 | P199: 0 | Q199: 0 | R199: 0 | S199: 0 | T199: 0 | U199: 0 | V199: 0 | W199: 0 | X199: 0 | Y199: 0 | Z199: 0 | AA199: 0 | AB199: 0 | AD199: =SUM(E199:AB199) -> 0
... B241: PE-PUNTADETALCA | E241: 0 | F241: 0 | G241: 0 | H241: 0 | I241: 0 | J241: 0 | K241: 0 | L241: 0.559 | M241: 4.7621667 | N241: 5.7125 | O241: 8.0148333 | P241: 10.890167 | Q241: 10.763167 | R241: 6.1306667 | S241: 0.1255 | T241: 0 | U241: 0 | V241: 0 | W241: 0 | X241: 0 | Y241: 0 | Z241: 0 | AA241: 0 | AB241: 0 | AD241: =SUM(E241:AB241) -> 46.958
B242: Total | E242: =SUM(E188:E241) -> 110.91604 | F242: =SUM(F188:F241) -> 115.83635 | G242: =SUM(G188:G241) -> 130.06828 | H242: =SUM(H188:H241) -> 131.31305 | I242: =SUM(I188:I241) -> 142.03233 | J242: =SUM(J188:J241) -> 140.84259 | K242: =SUM(K188:K241) -> 102.52089 | L242: =SUM(L188:L241) -> 19.323333 | ... AB242: =SUM(AB188:AB241) -> 0 | AC242: =SUM(AC188:AE241) -> 4962.0839
B245: ='Resumen-Mensual'!$I$26 -> 45935
B247: Central/Hora | E247: 1 | F247: 2 | G247: 3 | H247: 4 | I247: 5 | J247: 6 | K247: 7 | L247: 8 | M247: 9 | N247: 10 | O247: 11 | P247: 12 | Q247: 13 | R247: 14 | S247: 15 | T247: 16 | U247: 17 | V247: 18 | W247: 19 | X247: 20 | Y247: 21 | Z247: 22 | AA247: 23 | AB247: 24 | AC247: Total
B248: PE-TCHAMMA | E248: 0 | F248: 0 | G248: 0 | H248: 0 | I248: 0 | J248: 0 | K248: 0 | L248: 0 | M248: 14.4195 | N248: 12.825333 | O248: 1.8618333 | P248: 3.019 | Q248: 6.1948333 | R248: 10.439667 | S248: 6.8663333 | T248: 9.9331667 | U248: 7.5891667 | V248: 7.2575 | W248: 1.5451667 | X248: 0 | Y248: 0 | Z248: 0 | AA248: 0 | AB248: 0 | AD248: =SUM(E248:AB248) -> 81.9515
B249: PE-SIERRAGORDA | E249: 0 | F249: 0 | G249: 0 | H249: 0 | I249: 0 | J249: 0 | K249: 0 | L249: 0 | M249: 33.540833 | N249: 29.392 | O249: 4.2173333 | P249: 9.9301667 | Q249: 12.235333 | R249: 11.2125 | S249: 8.7968333 | T249: 6.6026667 | U249: 14.568333 | V249: 23.3295 | W249: 3.6541667 | X249: 0 | Y249: 0 | Z249: 0 | AA249: 0 | AB249: 0 | AD249: =SUM(E249:AB249) -> 157.47967
B250: PE-VALLEDELOSVIENTOS | E250: 0 | F250: 0 | G250: 0 | H250: 0 | I250: 0 | J250: 0 | K250: 0 | L250: 0.416 | M250: 3.9866667 | N250: 2.8781667 | O250: 3.385 | P250: 3.024 | Q250: 9.762 | R250: 18.735833 | S250: 9.031 | T250: 20.551333 | U250: 31.9425 | V250: 37.372667 | W250: 26.927667 | X250: 0 | Y250: 0 | Z250: 0 | AA250: 0 | AB250: 0 | AD250: =SUM(E250:AB250) -> 168.01283
B251: PE-CERROTIGRE | E251: 0 | F251: 0 | G251: 0 | H251: 0 | I251: 0 | J251: 0 | K251: 0 | L251: 0.115 | M251: 0.4785 | N251: 0 | O251: 1.2 | P251: 5.3 | Q251: 23.1265 | R251: 48.077167 | S251: 21.763833 | T251: 60.979333 | U251: 43.524667 | V251: 43.4595 | W251: 8.5226667 | X251: 0 | Y251: 0 | Z251: 0 | AA251: 0 | AB251: 0 | AD251: =SUM(E251:AB251) -> 256.54717
B252: PE-CALAMA | E252: 0 | F252: 0 | G252: 0 | H252: 0 | I252: 0 | J252: 0 | K252: 0 | L252: 0.63216667 | M252: 14.466 | N252: 9.6898333 | O252: 2.3826667 | P252: 1.6883333 | Q252: 15.059333 | R252: 38.4685 | S252: 71.199667 | T252: 84.9855 | U252: 46.185 | V252: 14.0955 | W252: 2.0923333 | X252: 0 | Y252: 0 | Z252: 0 | AA252: 0 | AB252: 0 | AD252: =SUM(E252:AB252) -> 300.94483
B253: PE-TALTAL | E253: 0 | F253: 0 | G253: 0 | H253: 0 | I253: 0 | J253: 0 | K253: 0 | L253: 0 | M253: 0 | N253: 0 | O253: 0 | P253: 0 | Q253: 0 | R253: 0 | S253: 0 | T253: 0 | U253: 0 | V253: 0 | W253: 0 | X253: 0 | Y253: 0 | Z253: 0 | AA253: 0 | AB253: 0 | AD253: =SUM(E253:AB253) -> 0
B254: PE-SARCO | E254: 0 | F254: 0 | G254: 0 | H254: 0 | I254: 0 | J254: 0 | K254: 0 | L254: 0 | M254: 0 | N254: 5.196 | O254: 17.677667 | P254: 22.505667 | Q254: 10.232833 | R254: 4.1883333 | S254: 24.6025 | T254: 43.055 | U254: 38.296 | V254: 36.8285 | W254: 29.5695 | X254: 0 | Y254: 0 | Z254: 0 | AA254: 0 | AB254: 0 | AD254: =SUM(E254:AB254) -> 232.152
B255: PE-CABOLEONES-1 | E255: 0 | F255: 0 | G255: 0 | H255: 0 | I255: 0 | J255: 0 | K255: 0 | L255: 0 | M255: 12.821167 | N255: 26.606667 | O255: 6.159 | P255: 0 | Q255: 0 | R255: 0 | S255: 0 | T255: 0.78966667 | U255: 13.189167 | V255: 16.493833 | W255: 0.246 | X255: 0 | Y255: 0 | Z255: 0 | AA255: 0 | AB255: 0 | AD255: =SUM(E255:AB255) -> 76.3055
B256: PE-CABOLEONES-2 | E256: 0 | F256: 0 | G256: 0 | H256: 0 | I256: 0 | J256: 0 | K256: 0 | L256: 0 | M256: 0.097333333 | N256: 5.2716667 | O256: 2.2498333 | P256: 0 | Q256: 0 | R256: 0 | S256: 10.077833 | T256: 31.1175 | U256: 51.850333 | V256: 82.301333 | W256: 16.274667 | X256: 0 | Y256: 0 | Z256: 0 | AA256: 0 | AB256: 0 | AD256: =SUM(E256:AB256) -> 199.2405
B257: PE-CABOLEONES-3 | E257: 0 | F257: 0 | G257: 0 | H257: 0 | I257: 0 | J257: 0 | K257: 0 | L257: 0 | M257: 65.7705 | N257: 50.603 | O257: 31.096833 | P257: 19.216 | Q257: 18.262167 | R257: 20.766833 | S257: 29.184333 | T257: 37.459333 | U257: 30.502167 | V257: 11.4985 | W257: 47.733 | X257: 0 | Y257: 0 | Z257: 0 | AA257: 0 | AB257: 0 | AD257: =SUM(E257:AB257) -> 362.09267
B258: PE-SANJUAN | E258: 0 | F258: 0 | G258: 0 | H258: 0 | I258: 0 | J258: 0 | K258: 0 | L258: 0.3955 | M258: 141.73583 | N258: 168.97433 | O258: 87.000167 | P258: 80.6285 | Q258: 79.163833 | R258: 83.9955 | S258: 85.467 | T258: 83.711333 | U258: 147.98967 | V258: 96.8705 | W258: 90.441 | X258: 0 | Y258: 0 | Z258: 0 | AA258: 0 | AB258: 0 | AD258: =SUM(E258:AB258) -> 1146.3732
B259: PE-PUNTACOLORADA | E259: 0 | F259: 0 | G259: 0 | H259: 0 | I259: 0 | J259: 0 | K259: 0 | L259: 0 | M259: 0 | N259: 0 | O259: 0 | P259: 0 | Q259: 0 | R259: 0 | S259: 0 | T259: 0 | U259: 0 | V259: 0 | W259: 0 | X259: 0 | Y259: 0 | Z259: 0 | AA259: 0 | AB259: 0 | AD259: =SUM(E259:AB259) -> 0
... B301: PE-PUNTADETALCA | E301: 0 | F301: 0 | G301: 0 | H301: 0 | I301: 0 | J301: 0 | K301: 0 | L301: 0 | M301: 0 | N301: 0 | O301: 0 | P301: 0 | Q301: 0 | R301: 0 | S301: 0 | T301: 0 | U301: 0 | V301: 0 | W301: 0 | X301: 0 | Y301: 0 | Z301: 0 | AA301: 0 | AB301: 0 | AD301: =SUM(E301:AB301) -> 0
B302: Total | E302: =SUM(E248:E301) -> 0 | F302: =SUM(F248:F301) -> 0 | G302: =SUM(G248:G301) -> 0 | H302: =SUM(H248:H301) -> 0 | I302: =SUM(I248:I301) -> 0 | J302: =SUM(J248:J301) -> 0 | K302: =SUM(K248:K301) -> 0 | L302: =SUM(L248:L301) -> 9.0692567 | ... AB302: =SUM(AB248:AB301) -> 0 | AC302: =SUM(AC248:AE301) -> 7325.7052
B305: ='Resumen-Mensual'!$J$26 -> 45936
B307: Central/Hora | E307: 1 | F307: 2 | G307: 3 | H307: 4 | I307: 5 | J307: 6 | K307: 7 | L307: 8 | M307: 9 | N307: 10 | O307: 11 | P307: 12 | Q307: 13 | R307: 14 | S307: 15 | T307: 16 | U307: 17 | V307: 18 | W307: 19 | X307: 20 | Y307: 21 | Z307: 22 | AA307: 23 | AB307: 24 | AC307: Total
B308: PE-TCHAMMA | E308: 0 | F308: 0 | G308: 0 | H308: 0 | I308: 0 | J308: 0 | K308: 0 | L308: 0 | M308: 3.5541667 | N308: 31.001333 | O308: 8.082 | P308: 2.2215 | Q308: 0.6455 | R308: 1.7083333 | S308: 10.685833 | T308: 19.422 | U308: 16.879 | V308: 37.388 | W308: 35.070333 | X308: 0 | Y308: 0 | Z308: 0 | AA308: 0 | AB308: 0 | AD308: =SUM(E308:AB308) -> 166.658
B309: PE-SIERRAGORDA | E309: 0 | F309: 0 | G309: 0 | H309: 0 | I309: 0 | J309: 0 | K309: 0 | L309: 0 | M309: 3.2255 | N309: 1.2515 | O309: 9.6033333 | P309: 8.776 | Q309: 10.2165 | R309: 3.4756667 | S309: 0.67116667 | T309: 7.0535 | U309: 4.2546667 | V309: 22.104667 | W309: 17.2085 | X309: 0 | Y309: 0 | Z309: 0 | AA309: 0 | AB309: 0 | AD309: =SUM(E309:AB309) -> 87.841
B310: PE-VALLEDELOSVIENTOS | E310: 0 | F310: 0 | G310: 0 | H310: 0 | I310: 0 | J310: 0 | K310: 0 | L310: 0 | M310: 0 | N310: 0 | O310: 0.24216667 | P310: 6.7385 | Q310: 11.889833 | R310: 31.322667 | S310: 49.356833 | T310: 58.879833 | U310: 61.782667 | V310: 61.916833 | W310: 54.507167 | X310: 2.081 | Y310: 0 | Z310: 0 | AA310: 0 | AB310: 0 | AD310: =SUM(E310:AB310) -> 338.7175
B311: PE-CERROTIGRE | E311: 0 | F311: 0 | G311: 0 | H311: 0 | I311: 0 | J311: 0 | K311: 0 | L311: 0.55333333 | M311: 5.4 | N311: 6 | O311: 6.4 | P311: 15.2 | Q311: 37.779167 | R311: 34.057 | S311: 15.5545 | T311: 45.0015 | U311: 17.538667 | V311: 60.539 | W311: 8.2688333 | X311: 0 | Y311: 0 | Z311: 0 | AA311: 0 | AB311: 0 | AD311: =SUM(E311:AB311) -> 252.292
B312: PE-CALAMA | E312: 0 | F312: 0 | G312: 0 | H312: 0 | I312: 0 | J312: 0 | K312: 0 | L312: 0 | M312: 0 | N312: 0.00033333333 | O312: 0.0011666667 | P312: 6.8355 | Q312: 18.268667 | R312: 50.104 | S312: 83.811833 | T312: 96.7235 | U312: 100.4855 | V312: 99.623 | W312: 91.602667 | X312: 18.4975 | Y312: 0 | Z312: 0 | AA312: 0 | AB312: 0 | AD312: =SUM(E312:AB312) -> 565.95367
B313: PE-TALTAL | E313: 0 | F313: 0 | G313: 0 | H313: 0 | I313: 0 | J313: 0 | K313: 0 | L313: 0 | M313: 0 | N313: 0 | O313: 0 | P313: 0 | Q313: 0 | R313: 0 | S313: 0 | T313: 0.977 | U313: 5.1935 | V313: 7.4113333 | W313: 1.9488333 | X313: 0 | Y313: 0 | Z313: 0 | AA313: 0 | AB313: 0 | AD313: =SUM(E313:AB313) -> 15.530667
B314: PE-SARCO | E314: 0 | F314: 0 | G314: 0 | H314: 0 | I314: 0 | J314: 0 | K314: 0 | L314: 0 | M314: 47.147667 | N314: 11.421333 | O314: 1.818 | P314: 0.50583333 | Q314: 0 | R314: 0 | S314: 0 | T314: 0 | U314: 0 | V314: 2.0615 | W314: 23.235833 | X314: 0 | Y314: 0 | Z314: 0 | AA314: 0 | AB314: 0 | AD314: =SUM(E314:AB314) -> 86.190167
B315: PE-CABOLEONES-1 | E315: 0 | F315: 0 | G315: 0 | H315: 0 | I315: 0 | J315: 0 | K315: 0 | L315: 0 | M315: 2.0153333 | N315: 27.735667 | O315: 2.7218333 | P315: 0 | Q315: 0 | R315: 0 | S315: 0 | T315: 0 | U315: 0 | V315: 3.9311667 | W315: 6.4668333 | X315: 0 | Y315: 0 | Z315: 0 | AA315: 0 | AB315: 0 | AD315: =SUM(E315:AB315) -> 42.870833
B316: PE-CABOLEONES-2 | E316: 0 | F316: 0 | G316: 0 | H316: 0 | I316: 0 | J316: 0 | K316: 0 | L316: 0.383 | M316: 2.9118333 | N316: 4.9588333 | O316: 0 | P316: 0 | Q316: 0 | R316: 0 | S316: 0 | T316: 9.2768333 | U316: 26.659167 | V316: 45.152167 | W316: 64.4795 | X316: 0 | Y316: 0 | Z316: 0 | AA316: 0 | AB316: 0 | AD316: =SUM(E316:AB316) -> 153.82133
B317: PE-CABOLEONES-3 | E317: 0 | F317: 0 | G317: 0 | H317: 0 | I317: 0 | J317: 0 | K317: 0 | L317: 0 | M317: 4.2625 | N317: 4.8303333 | O317: 0.0016666667 | P317: 0 | Q317: 2.006 | R317: 7.3025 | S317: 6.7466667 | T317: 17.841167 | U317: 19.844 | V317: 41.5535 | W317: 22.334167 | X317: 0 | Y317: 0 | Z317: 0 | AA317: 0 | AB317: 0 | AD317: =SUM(E317:AB317) -> 126.7225
B318: PE-SANJUAN | E318: 0 | F318: 0 | G318: 0 | H318: 0 | I318: 0 | J318: 0 | K318: 0 | L318: 3.6228333 | M318: 15.162667 | N318: 76.6245 | O318: 55.354 | P318: 147.77 | Q318: 85.884167 | R318: 79 | S318: 81.618833 | T318: 81.5475 | U318: 173.33717 | V318: 169.32617 | W318: 120.93317 | X318: 0 | Y318: 0 | Z318: 0 | AA318: 0 | AB318: 0 | AD318: =SUM(E318:AB318) -> 1090.181
B319: PE-PUNTACOLORADA | E319: 0 | F319: 0 | G319: 0 | H319: 0 | I319: 0 | J319: 0 | K319: 0 | L319: 0 | M319: 0 | N319: 0 | O319: 0 | P319: 0 | Q319: 0 | R319: 0 | S319: 0 | T319: 0 | U319: 0 | V319: 0 | W319: 0 | X319: 0 | Y319: 0 | Z319: 0 | AA319: 0 | AB319: 0 | AD319: =SUM(E319:AB319) -> 0
... B361: PE-PUNTADETALCA | E361: 0 | F361: 0 | G361: 0 | H361: 0 | I361: 0 | J361: 0 | K361: 0 | L361: 0 | M361: 0 | N361: 0 | O361: 0 | P361: 0 | Q361: 0 | R361: 0 | S361: 0 | T361: 0 | U361: 0 | V361: 0 | W361: 0 | X361: 0 | Y361: 0 | Z361: 0 | AA361: 0 | AB361: 0 | AD361: =SUM(E361:AB361) -> 0
B362: Total | E362: =SUM(E308:E361) -> 0 | F362: =SUM(F308:F361) -> 0 | G362: =SUM(G308:G361) -> 0.385 | H362: =SUM(H308:H361) -> 15.955 | I362: =SUM(I308:I361) -> 9.191 | J362: =SUM(J308:J361) -> 0.0755 | K362: =SUM(K308:K361) -> 0.018 | L362: =SUM(L308:L361) -> 23.249022 | ... AB362: =SUM(AB308:AB361) -> 17.991333 | AC362: =SUM(AC308:AE361) -> 8778.8924
B365: ='Resumen-Mensual'!$K$26 -> 45937
B367: Central/Hora | E367: 1 | F367: 2 | G367: 3 | H367: 4 | I367: 5 | J367: 6 | K367: 7 | L367: 8 | M367: 9 | N367: 10 | O367: 11 | P367: 12 | Q367: 13 | R367: 14 | S367: 15 | T367: 16 | U367: 17 | V367: 18 | W367: 19 | X367: 20 | Y367: 21 | Z367: 22 | AA367: 23 | AB367: 24 | AC367: Total
B368: PE-TCHAMMA | E368: 0 | F368: 0 | G368: 0 | H368: 0 | I368: 0 | J368: 0 | K368: 0 | L368: 0 | M368: 2.8715 | N368: 11.008333 | O368: 1.815 | P368: 1.2328333 | Q368: 7.8075 | R368: 4.2743333 | S368: 2.2511667 | T368: 16.524833 | U368: 19.7605 | V368: 22.782833 | W368: 25.112 | X368: 0 | Y368: 0 | Z368: 0 | AA368: 0 | AB368: 0 | AD368: =SUM(E368:AB368) -> 115.44083
...

Sheet Resumen-DiarioHorario-Solar
B2: CURTAILMENTS SOLAR POR CENTRALES EN FORMA DIARIA/HORARIA
B5: ='Resumen-Mensual'!$E$26 -> 45931
B7: Central/Hora | E7: 1 | F7: 2 | G7: 3 | H7: 4 | I7: 5 | J7: 6 | K7: 7 | L7: 8 | M7: 9 | N7: 10 | O7: 11 | P7: 12 | Q7: 13 | R7: 14 | S7: 15 | T7: 16 | U7: 17 | V7: 18 | W7: 19 | X7: 20 | Y7: 21 | Z7: 22 | AA7: 23 | AB7: 24 | AC7: Total
B8: PFV-POZOALMONTE-2 | E8: 0 | F8: 0 | G8: 0 | H8: 0 | I8: 0 | J8: 0 | K8: 0 | L8: 0.035 | M8: 4.2 | N8: 1.77 | O8: 1.98 | P8: 1.79 | Q8: 1.61 | R8: 1.67 | S8: 1.54 | T8: 1.54 | U8: 1.16 | V8: 1.28 | W8: 3.0333333 | X8: 0 | Y8: 0 | Z8: 0 | AA8: 0 | AB8: 0 | AD8: =SUM(E8:AB8) -> 21.608333
B9: PFV-POZOALMONTE-3 | E9: 0 | F9: 0 | G9: 0 | H9: 0 | I9: 0 | J9: 0 | K9: 0 | L9: 0.035 | M9: 3.37 | N9: 0 | O9: 0.22 | P9: 0.82 | Q9: 0.63 | R9: 0.84 | S9: 0.71 | T9: 1 | U9: 0.82 | V9: 1.95 | W9: 6.1533333 | X9: 0 | Y9: 0 | Z9: 0 | AA9: 0 | AB9: 0 | AD9: =SUM(E9:AB9) -> 16.548333
B10: PFV-LAHUAYCA-2 | E10: 0 | F10: 0 | G10: 0 | H10: 0 | I10: 0 | J10: 0 | K10: 0 | L10: 0 | M10: 0 | N10: 0 | O10: 0 | P10: 0 | Q10: 0 | R10: 0 | S10: 0 | T10: 0 | U10: 0 | V10: 0 | W10: 0 | X10: 0 | Y10: 0 | Z10: 0 | AA10: 0 | AB10: 0 | AD10: =SUM(E10:AB10) -> 0
B11: PFV-SANTAISABEL | E11: 0 | F11: 0 | G11: 0 | H11: 0 | I11: 0 | J11: 0 | K11: 0 | L11: 0 | M11: 0 | N11: 0 | O11: 0 | P11: 0 | Q11: 0 | R11: 0 | S11: 0 | T11: 0 | U11: 0 | V11: 0 | W11: 0 | X11: 0 | Y11: 0 | Z11: 0 | AA11: 0 | AB11: 0 | AD11: =SUM(E11:AB11) -> 0
B12: PFV-HUATACONDO | E12: 0 | F12: 0 | G12: 0 | H12: 0 | I12: 0 | J12: 0 | K12: 0 | L12: 0 | M12: 0 | N12: 0 | O12: 0 | P12: 0 | Q12: 0 | R12: 0 | S12: 0 | T12: 0 | U12: 0 | V12: 0 | W12: 0 | X12: 0 | Y12: 0 | Z12: 0 | AA12: 0 | AB12: 0 | AD12: =SUM(E12:AB12) -> 0
B13: PFV-ATACAMASOLAR-2 | E13: 0 | F13: 0 | G13: 0 | H13: 0 | I13: 0 | J13: 0 | K13: 0 | L13: 0 | M13: 0 | N13: 0 | O13: 0 | P13: 0 | Q13: 0 | R13: 0 | S13: 0 | T13: 0 | U13: 0 | V13: 0 | W13: 0 | X13: 0 | Y13: 0 | Z13: 0 | AA13: 0 | AB13: 0 | AD13: =SUM(E13:AB13) -> 0
B14: PFV-NUEVOQUILLAGUA | E14: 0 | F14: 0 | G14: 0 | H14: 0 | I14: 0 | J14: 0 | K14: 0 | L14: 0 | M14: 0 | N14: 0 | O14: 0 | P14: 0 | Q14: 0 | R14: 0 | S14: 0 | T14: 0 | U14: 0 | V14: 0 | W14: 0 | X14: 0 | Y14: 0 | Z14: 0 | AA14: 0 | AB14: 0 | AD14: =SUM(E14:AB14) -> 0
B15: PFV-GRANJA | E15: 0 | F15: 0 | G15: 0 | H15: 0 | I15: 0 | J15: 0 | K15: 0 | L15: 0 | M15: 5.1325 | N15: 18.526 | O15: 14.264 | P15: 14.741833 | Q15: 21.794667 | R15: 20.462167 | S15: 18.506167 | T15: 22.7355 | U15: 27.878167 | V15: 41.13 | W15: 28.4 | X15: 0 | Y15: 0 | Z15: 0 | AA15: 0 | AB15: 0 | AD15: =SUM(E15:AB15) -> 233.571
B16: PFV-USYA | E16: 0 | F16: 0 | G16: 0 | H16: 0 | I16: 0 | J16: 0 | K16: 0 | L16: 0.20083333 | M16: 11.667 | N16: 6.8363333 | O16: 25.903667 | P16: 31.574167 | Q16: 30.165333 | R16: 31.13 | S16: 30.35 | T16: 24.27 | U16: 14.6555 | V16: 11.054 | W16: 3.1418333 | X16: 0 | Y16: 0 | Z16: 0 | AA16: 0 | AB16: 0 | AD16: =SUM(E16:AB16) -> 220.94867
B17: PFV-SANPEDRO-GPG | E17: 0 | F17: 0 | G17: 0 | H17: 0 | I17: 0 | J17: 0 | K17: 0 | L17: 0 | M17: 17.0335 | N17: 29.939667 | O17: 32.720333 | P17: 15.21 | Q17: 24.74 | R17: 28.44 | S17: 29.53 | T17: 44.769 | U17: 45.484167 | V17: 49.143167 | W17: 16.8085 | X17: 0 | Y17: 0 | Z17: 0 | AA17: 0 | AB17: 0 | AD17: =SUM(E17:AB17) -> 333.81833
B18: PFV-JAMA-1 | E18: 0 | F18: 0 | G18: 0 | H18: 0 | I18: 0 | J18: 0 | K18: 0 | L18: 0.1155 | M18: 14.04 | N18: 20.13 | O18: 20.07 | P18: 19.22 | Q18: 11.39 | R18: 10.05 | S18: 9.87 | T18: 9.81 | U18: 9.8 | V18: 9.94 | W18: 13.216667 | X18: 0 | Y18: 0 | Z18: 0 | AA18: 0 | AB18: 0 | AD18: =SUM(E18:AB18) -> 147.65217
B19: PFV-JAMA-2 | E19: 0 | F19: 0 | G19: 0 | H19: 0 | I19: 0 | J19: 0 | K19: 0 | L19: 0 | M19: 0.68833333 | N19: 9.6981667 | O19: 11.418167 | P19: 11.869333 | Q19: 12.21 | R19: 12.5365 | S19: 12.160333 | T19: 12.271667 | U19: 10.3265 | V19: 7.848 | W19: 1.7708333 | X19: 0 | Y19: 0 | Z19: 0 | AA19: 0 | AB19: 0 | AD19: =SUM(E19:AB19) -> 102.79783
... B78: PFV-TAIRA | E78: 0 | F78: 0 | G78: 0 | H78: 0 | I78: 0 | J78: 0 | K78: 0 | L78: 0 | M78: 0 | N78: 0 | O78: 0 | P78: 0 | Q78: 0 | R78: 0 | S78: 0 | T78: 0 | U78: 0 | V78: 0 | W78: 0 | X78: 0 | Y78: 0 | Z78: 0 | AA78: 0 | AB78: 0 | AD78: =SUM(E78:AB78) -> 0
B79: Total | E79: =SUM(E8:E78) -> 0 | F79: =SUM(F8:F78) -> 0 | G79: =SUM(G8:G78) -> 0 | H79: =SUM(H8:H78) -> 0 | I79: =SUM(I8:I78) -> 0 | J79: =SUM(J8:J78) -> 0 | K79: =SUM(K8:K78) -> 0 | L79: =SUM(L8:L78) -> 1.6616667 | ... AB79: =SUM(AB8:AB78) -> 0 | AC79: =SUM(AC8:AE78) -> 13728.664
B82: ='Resumen-Mensual'!$F$26 -> 45932
B84: Central/Hora | E84: 1 | F84: 2 | G84: 3 | H84: 4 | I84: 5 | J84: 6 | K84: 7 | L84: 8 | M84: 9 | N84: 10 | O84: 11 | P84: 12 | Q84: 13 | R84: 14 | S84: 15 | T84: 16 | U84: 17 | V84: 18 | W84: 19 | X84: 20 | Y84: 21 | Z84: 22 | AA84: 23 | AB84: 24 | AC84: Total
B85: PFV-POZOALMONTE-2 | E85: 0 | F85: 0 | G85: 0 | H85: 0 | I85: 0 | J85: 0 | K85: 0 | L85: 0.03 | M85: 4.2 | N85: 0.93 | O85: 1.28 | P85: 1.36 | Q85: 1.32 | R85: 1.4 | S85: 1.47 | T85: 1.31 | U85: 0.95 | V85: 0.56 | W85: 2.2166667 | X85: 0 | Y85: 0 | Z85: 0 | AA85: 0 | AB85: 0 | AD85: =SUM(E85:AB85) -> 17.026667
B86: PFV-POZOALMONTE-3 | E86: 0 | F86: 0 | G86: 0 | H86: 0 | I86: 0 | J86: 0 | K86: 0 | L86: 0.03 | M86: 3.66 | N86: 0 | O86: 0 | P86: 0 | Q86: 0 | R86: 0 | S86: 0.08 | T86: 0 | U86: 0 | V86: 0 | W86: 4.4016667 | X86: 0 | Y86: 0 | Z86: 0 | AA86: 0 | AB86: 0 | AD86: =SUM(E86:AB86) -> 8.1716667
B87: PFV-LAHUAYCA-2 | E87: 0 | F87: 0 | G87: 0 | H87: 0 | I87: 0 | J87: 0 | K87: 0 | L87: 0 | M87: 0 | N87: 0 | O87: 0 | P87: 0 | Q87: 0 | R87: 0 | S87: 0 | T87: 0 | U87: 0 | V87: 0 | W87: 0 | X87: 0 | Y87: 0 | Z87: 0 | AA87: 0 | AB87: 0 | AD87: =SUM(E87:AB87) -> 0
B88: PFV-SANTAISABEL | E88: 0 | F88: 0 | G88: 0 | H88: 0 | I88: 0 | J88: 0 | K88: 0 | L88: 0 | M88: 0 | N88: 0 | O88: 0 | P88: 0 | Q88: 0 | R88: 0 | S88: 0 | T88: 0 | U88: 0 | V88: 0 | W88: 0 | X88: 0 | Y88: 0 | Z88: 0 | AA88: 0 | AB88: 0 | AD88: =SUM(E88:AB88) -> 0
B89: PFV-HUATACONDO | E89: 0 | F89: 0 | G89: 0 | H89: 0 | I89: 0 | J89: 0 | K89: 0 | L89: 0 | M89: 0 | N89: 0 | O89: 0 | P89: 0 | Q89: 0 | R89: 0 | S89: 0 | T89: 0 | U89: 0 | V89: 0 | W89: 0 | X89: 0 | Y89: 0 | Z89: 0 | AA89: 0 | AB89: 0 | AD89: =SUM(E89:AB89) -> 0
B90: PFV-ATACAMASOLAR-2 | E90: 0 | F90: 0 | G90: 0 | H90: 0 | I90: 0 | J90: 0 | K90: 0 | L90: 0 | M90: 0 | N90: 0 | O90: 0 | P90: 0 | Q90: 0 | R90: 0 | S90: 0 | T90: 0 | U90: 0 | V90: 0 | W90: 0 | X90: 0 | Y90: 0 | Z90: 0 | AA90: 0 | AB90: 0 | AD90: =SUM(E90:AB90) -> 0
B91: PFV-NUEVOQUILLAGUA | E91: 0 | F91: 0 | G91: 0 | H91: 0 | I91: 0 | J91: 0 | K91: 0 | L91: 0 | M91: 0 | N91: 0 | O91: 0 | P91: 0 | Q91: 0 | R91: 0 | S91: 0 | T91: 0 | U91: 0 | V91: 0 | W91: 0 | X91: 0 | Y91: 0 | Z91: 0 | AA91: 0 | AB91: 0 | AD91: =SUM(E91:AB91) -> 0
B92: PFV-GRANJA | E92: 0 | F92: 0 | G92: 0 | H92: 0 | I92: 0 | J92: 0 | K92: 0 | L92: 0 | M92: 9.2711667 | N92: 26.063333 | O92: 17.667167 | P92: 15.967167 | Q92: 6.134 | R92: 0.504 | S92: 3.6883333 | T92: 9.0901667 | U92: 17.594667 | V92: 34.431333 | W92: 9.804 | X92: 0 | Y92: 0 | Z92: 0 | AA92: 0 | AB92: 0 | AD92: =SUM(E92:AB92) -> 150.21533
B93: PFV-USYA | E93: 0 | F93: 0 | G93: 0 | H93: 0 | I93: 0 | J93: 0 | K93: 0 | L93: 0 | M93: 3.678 | N93: 5.3055 | O93: 5.0091667 | P93: 2.2925 | Q93: 12.8525 | R93: 39.8355 | S93: 47.407 | T93: 36.392667 | U93: 11.537167 | V93: 5.8166667 | W93: 1.5495 | X93: 0 | Y93: 0 | Z93: 0 | AA93: 0 | AB93: 0 | AD93: =SUM(E93:AB93) -> 171.67617
B94: PFV-SANPEDRO-GPG | E94: 0 | F94: 0 | G94: 0 | H94: 0 | I94: 0 | J94: 0 | K94: 0 | L94: 0 | M94: 14.1875 | N94: 36.820667 | O94: 34.3185 | P94: 36.712333 | Q94: 32.758167 | R94: 28.085167 | S94: 30.836833 | T94: 32.488333 | U94: 37.751 | V94: 44.833 | W94: 7.1903333 | X94: 0 | Y94: 0 | Z94: 0 | AA94: 0 | AB94: 0 | AD94: =SUM(E94:AB94) -> 335.98183
B95: PFV-JAMA-1 | E95: 0 | F95: 0 | G95: 0 | H95: 0 | I95: 0 | J95: 0 | K95: 0 | L95: 0.11 | M95: 14.33 | N95: 13.59 | O95: 12.37 | P95: 11.91 | Q95: 11.71 | R95: 11.44 | S95: 11.45 | T95: 5.2 | U95: 3.14 | V95: 4.46 | W95: 9.6963333 | X95: 0 | Y95: 0 | Z95: 0 | AA95: 0 | AB95: 0 | AD95: =SUM(E95:AB95) -> 109.40633
B96: PFV-JAMA-2 | E96: 0 | F96: 0 | G96: 0 | H96: 0 | I96: 0 | J96: 0 | K96: 0 | L96: 0 | M96: 4.8028333 | N96: 11.520667 | O96: 11.889167 | P96: 11.7 | Q96: 11.976167 | R96: 12.217333 | S96: 12.34 | T96: 9.3291667 | U96: 8.3933333 | V96: 7.3728333 | W96: 0.67133333 | X96: 0 | Y96: 0 | Z96: 0 | AA96: 0 | AB96: 0 | AD96: =SUM(E96:AB96) -> 102.21283
... B155: PFV-TAIRA | E155: 0 | F155: 0 | G155: 0 | H155: 0 | I155: 0 | J155: 0 | K155: 0 | L155: 0 | M155: 0 | N155: 0 | O155: 0 | P155: 0 | Q155: 0 | R155: 0 | S155: 0 | T155: 0 | U155: 0 | V155: 0 | W155: 0 | X155: 0 | Y155: 0 | Z155: 0 | AA155: 0 | AB155: 0 | AD155: =SUM(E155:AB155) -> 0
B156: Total | E156: =SUM(E85:E155) -> 0 | F156: =SUM(F85:F155) -> 0 | G156: =SUM(G85:G155) -> 0 | H156: =SUM(H85:H155) -> 0 | I156: =SUM(I85:I155) -> 0 | J156: =SUM(J85:J155) -> 0 | K156: =SUM(K85:K155) -> 0 | L156: =SUM(L85:L155) -> 1.4491667 | ... AB156: =SUM(AB85:AB155) -> 0 | AC156: =SUM(AC85:AE155) -> 12141.027
B159: ='Resumen-Mensual'!$G$26 -> 45933
B161: Central/Hora | E161: 1 | F161: 2 | G161: 3 | H161: 4 | I161: 5 | J161: 6 | K161: 7 | L161: 8 | M161: 9 | N161: 10 | O161: 11 | P161: 12 | Q161: 13 | R161: 14 | S161: 15 | T161: 16 | U161: 17 | V161: 18 | W161: 19 | X161: 20 | Y161: 21 | Z161: 22 | AA161: 23 | AB161: 24 | AC161: Total
B162: PFV-POZOALMONTE-2 | E162: 0 | F162: 0 | G162: 0 | H162: 0 | I162: 0 | J162: 0 | K162: 0 | L162: 0 | M162: 3.44 | N162: 1.03 | O162: 1.34 | P162: 1.38 | Q162: 1.26 | R162: 1.11 | S162: 1.09 | T162: 0.99 | U162: 0.86 | V162: 0.39 | W162: 2.55 | X162: 0 | Y162: 0 | Z162: 0 | AA162: 0 | AB162: 0 | AD162: =SUM(E162:AB162) -> 15.44
B163: PFV-POZOALMONTE-3 | E163: 0 | F163: 0 | G163: 0 | H163: 0 | I163: 0 | J163: 0 | K163: 0 | L163: 0 | M163: 3.36 | N163: 0 | O163: 0 | P163: 0 | Q163: 0 | R163: 0 | S163: 0 | T163: 0.08 | U163: 0.17 | V163: 1.08 | W163: 5.415 | X163: 0 | Y163: 0 | Z163: 0 | AA163: 0 | AB163: 0 | AD163: =SUM(E163:AB163) -> 10.105
B164: PFV-LAHUAYCA-2 | E164: 0 | F164: 0 | G164: 0 | H164: 0 | I164: 0 | J164: 0 | K164: 0 | L164: 0 | M164: 0 | N164: 0 | O164: 0 | P164: 0 | Q164: 0 | R164: 0 | S164: 0 | T164: 0 | U164: 0 | V164: 0 | W164: 0 | X164: 0 | Y164: 0 | Z164: 0 | AA164: 0 | AB164: 0 | AD164: =SUM(E164:AB164) -> 0
B165: PFV-SANTAISABEL | E165: 0 | F165: 0 | G165: 0 | H165: 0 | I165: 0 | J165: 0 | K165: 0 | L165: 0 | M165: 0 | N165: 0 | O165: 0 | P165: 0 | Q165: 0 | R165: 0 | S165: 0 | T165: 0 | U165: 0 | V165: 0 | W165: 0 | X165: 0 | Y165: 0 | Z165: 0 | AA165: 0 | AB165: 0 | AD165: =SUM(E165:AB165) -> 0
B166: PFV-HUATACONDO | E166: 0 | F166: 0 | G166: 0 | H166: 0 | I166: 0 | J166: 0 | K166: 0 | L166: 0 | M166: 0 | N166: 0 | O166: 0 | P166: 0 | Q166: 0 | R166: 0 | S166: 0 | T166: 0 | U166: 0 | V166: 0 | W166: 0 | X166: 0 | Y166: 0 | Z166: 0 | AA166: 0 | AB166: 0 | AD166: =SUM(E166:AB166) -> 0
B167: PFV-ATACAMASOLAR-2 | E167: 0 | F167: 0 | G167: 0 | H167: 0 | I167: 0 | J167: 0 | K167: 0 | L167: 0 | M167: 0 | N167: 0 | O167: 0 | P167: 0 | Q167: 0 | R167: 0 | S167: 0 | T167: 0 | U167: 0 | V167: 0 | W167: 0 | X167: 0 | Y167: 0 | Z167: 0 | AA167: 0 | AB167: 0 | AD167: =SUM(E167:AB167) -> 0
B168: PFV-NUEVOQUILLAGUA | E168: 0 | F168: 0 | G168: 0 | H168: 0 | I168: 0 | J168: 0 | K168: 0 | L168: 0 | M168: 0 | N168: 0 | O168: 0 | P168: 0 | Q168: 0 | R168: 0 | S168: 0 | T168: 0 | U168: 0 | V168: 0 | W168: 0 | X168: 0 | Y168: 0 | Z168: 0 | AA168: 0 | AB168: 0 | AD168: =SUM(E168:AB168) -> 0
B169: PFV-GRANJA | E169: 0 | F169: 0 | G169: 0 | H169: 0 | I169: 0 | J169: 0 | K169: 0 | L169: 0 | M169: 0.63166667 | N169: 3.141 | O169: 0 | P169: 0 | Q169: 2.9055 | R169: 9.2936667 | S169: 18.252833 | T169: 28.949667 | U169: 29.101333 | V169: 33.05 | W169: 14.233 | X169: 0 | Y169: 0 | Z169: 0 | AA169: 0 | AB169: 0 | AD169: =SUM(E169:AB169) -> 139.55867
B170: PFV-USYA | E170: 0 | F170: 0 | G170: 0 | H170: 0 | I170: 0 | J170: 0 | K170: 0 | L170: 0 | M170: 1.7621667 | N170: 14.931833 | O170: 24.1895 | P170: 29.610167 | Q170: 27.731833 | R170: 27.459333 | S170: 28.283667 | T170: 25.084333 | U170: 16.417 | V170: 5.1908333 | W170: 1.9643333 | X170: 0 | Y170: 0 | Z170: 0 | AA170: 0 | AB170: 0 | AD170: =SUM(E170:AB170) -> 202.625
B171: PFV-SANPEDRO-GPG | E171: 0 | F171: 0 | G171: 0 | H171: 0 | I171: 0 | J171: 0 | K171: 0 | L171: 0 | M171: 5.7305 | N171: 14.678833 | O171: 10.940833 | P171: 11.3 | Q171: 21.122333 | R171: 33.294167 | S171: 42.539167 | T171: 52.478667 | U171: 49.291333 | V171: 44.047 | W171: 11.199667 | X171: 0 | Y171: 0 | Z171: 0 | AA171: 0 | AB171: 0 | AD171: =SUM(E171:AB171) -> 296.6225
B172: PFV-JAMA-1 | E172: 0 | F172: 0 | G172: 0 | H172: 0 | I172: 0 | J172: 0 | K172: 0 | L172: 0 | M172: 11.736 | N172: 13.18 | O172: 11.96 | P172: 11.6 | Q172: 11.6 | R172: 11.66 | S172: 11.27 | T172: 3.87 | U172: 3.89 | V172: 5.36 | W172: 11.5275 | X172: 0 | Y172: 0 | Z172: 0 | AA172: 0 | AB172: 0 | AD172: =SUM(E172:AB172) -> 107.6535
B173: PFV-JAMA-2 | E173: 0 | F173: 0 | G173: 0 | H173: 0 | I173: 0 | J173: 0 | K173: 0 | L173: 0 | M173: 2.4436667 | N173: 12.487167 | O173: 12.2335 | P173: 12.0415 | Q173: 12.115 | R173: 12.079 | S173: 12.199 | T173: 8.7601667 | U173: 8.125 | V173: 7.3233333 | W173: 1.1398333 | X173: 0 | Y173: 0 | Z173: 0 | AA173: 0 | AB173: 0 | AD173: =SUM(E173:AB173) -> 100.94717
... B232: PFV-TAIRA | E232: 0 | F232: 0 | G232: 0 | H232: 0 | I232: 0 | J232: 0 | K232: 0 | L232: 0 | M232: 0 | N232: 0 | O232: 0 | P232: 0 | Q232: 0 | R232: 0 | S232: 0 | T232: 0 | U232: 0 | V232: 0 | W232: 0 | X232: 0 | Y232: 0 | Z232: 0 | AA232: 0 | AB232: 0 | AD232: =SUM(E232:AB232) -> 0
B233: Total | E233: =SUM(E162:E232) -> 0 | F233: =SUM(F162:F232) -> 0 | G233: =SUM(G162:G232) -> 0 | H233: =SUM(H162:H232) -> 0 | I233: =SUM(I162:I232) -> 0 | J233: =SUM(J162:J232) -> 0 | K233: =SUM(K162:K232) -> 0 | L233: =SUM(L162:L232) -> 0 | ... AB233: =SUM(AB162:AB232) -> 0 | AC233: =SUM(AC162:AE232) -> 13719.431
B236: ='Resumen-Mensual'!$H$26 -> 45934
B238: Central/Hora | E238: 1 | F238: 2 | G238: 3 | H238: 4 | I238: 5 | J238: 6 | K238: 7 | L238: 8 | M238: 9 | N238: 10 | O238: 11 | P238: 12 | Q238: 13 | R238: 14 | S238: 15 | T238: 16 | U238: 17 | V238: 18 | W238: 19 | X238: 20 | Y238: 21 | Z238: 22 | AA238: 23 | AB238: 24 | AC238: Total
B239: PFV-POZOALMONTE-2 | E239: 0 | F239: 0 | G239: 0 | H239: 0 | I239: 0 | J239: 0 | K239: 0 | L239: 0 | M239: 2.3466667 | N239: 6.1 | O239: 6.5 | P239: 6.6 | Q239: 6.5 | R239: 6.5 | S239: 6.5 | T239: 6.4 | U239: 6.2 | V239: 5.6 | W239: 2.975 | X239: 0 | Y239: 0 | Z239: 0 | AA239: 0 | AB239: 0 | AD239: =SUM(E239:AB239) -> 62.221667
B240: PFV-POZOALMONTE-3 | E240: 0 | F240: 0 | G240: 0 | H240: 0 | I240: 0 | J240: 0 | K240: 0 | L240: 0 | M240: 2.048 | N240: 10.42 | O240: 11.31 | P240: 11.44 | Q240: 11.44 | R240: 11.48 | S240: 11.53 | T240: 11.62 | U240: 11.72 | V240: 11.72 | W240: 6.001 | X240: 0 | Y240: 0 | Z240: 0 | AA240: 0 | AB240: 0 | AD240: =SUM(E240:AB240) -> 110.729
B241: PFV-LAHUAYCA-2 | E241: 0 | F241: 0 | G241: 0 | H241: 0 | I241: 0 | J241: 0 | K241: 0 | L241: 0 | M241: 0 | N241: 0 | O241: 0 | P241: 0 | Q241: 0 | R241: 0 | S241: 0 | T241: 0 | U241: 0 | V241: 0 | W241: 0 | X241: 0 | Y241: 0 | Z241: 0 | AA241: 0 | AB241: 0 | AD241: =SUM(E241:AB241) -> 0
B242: PFV-SANTAISABEL | E242: 0 | F242: 0 | G242: 0 | H242: 0 | I242: 0 | J242: 0 | K242: 0 | L242: 0 | M242: 0 | N242: 0 | O242: 0 | P242: 0 | Q242: 0 | R242: 0 | S242: 0 | T242: 0 | U242: 0 | V242: 0 | W242: 0 | X242: 0 | Y242: 0 | Z242: 0 | AA242: 0 | AB242: 0 | AD242: =SUM(E242:AB242) -> 0
B243: PFV-HUATACONDO | E243: 0 | F243: 0 | G243: 0 | H243: 0 | I243: 0 | J243: 0 | K243: 0 | L243: 0 | M243: 13.162667 | N243: 44.93 | O243: 56.28 | P243: 64.48 | Q243: 65.03 | R243: 63.26 | S243: 62.09 | T243: 60.19 | U243: 56.28 | V243: 47.94 | W243: 21.437 | X243: 0 | Y243: 0 | Z243: 0 | AA243: 0 | AB243: 0 | AD243: =SUM(E243:AB243) -> 555.07967
B244: PFV-ATACAMASOLAR-2 | E244: 0 | F244: 0 | G244: 0 | H244: 0 | I244: 0 | J244: 0 | K244: 0 | L244: 0 | M244: 0 | N244: 0 | O244: 0 | P244: 0 | Q244: 0 | R244: 0 | S244: 0 | T244: 0 | U244: 0 | V244: 0 | W244: 0 | X244: 0 | Y244: 0 | Z244: 0 | AA244: 0 | AB244: 0 | AD244: =SUM(E244:AB244) -> 0
B245: PFV-NUEVOQUILLAGUA | E245: 0 | F245: 0 | G245: 0 | H245: 0 | I245: 0 | J245: 0 | K245: 0 | L245: 0 | M245: 0 | N245: 0 | O245: 0 | P245: 0 | Q245: 0 | R245: 0 | S245: 0 | T245: 0 | U245: 0 | V245: 0 | W245: 0 | X245: 0 | Y245: 0 | Z245: 0 | AA245: 0 | AB245: 0 | AD245: =SUM(E245:AB245) -> 0
B246: PFV-GRANJA | E246: 0 | F246: 0 | G246: 0 | H246: 0 | I246: 0 | J246: 0 | K246: 0 | L246: 0 | M246: 0 | N246: 7.1888333 | O246: 0 | P246: 0.25516667 | Q246: 1.8203333 | R246: 0.27233333 | S246: 6.6473333 | T246: 21.247333 | U246: 28.430667 | V246: 29.450667 | W246: 13.6925 | X246: 0 | Y246: 0 | Z246: 0 | AA246: 0 | AB246: 0 | AD246: =SUM(E246:AB246) -> 109.00517
B247: PFV-USYA | E247: 0 | F247: 0 | G247: 0 | H247: 0 | I247: 0 | J247: 0 | K247: 0 | L247: 0 | M247: 1.855 | N247: 5.0238333 | O247: 11.860667 | P247: 10.436833 | Q247: 6.732 | R247: 3.3058333 | S247: 26.746833 | T247: 43.629333 | U247: 20.475833 | V247: 6.1523333 | W247: 2.8223333 | X247: 0 | Y247: 0 | Z247: 0 | AA247: 0 | AB247: 0 | AD247: =SUM(E247:AB247) -> 139.04083
B248: PFV-SANPEDRO-GPG | E248: 0 | F248: 0 | G248: 0 | H248: 0 | I248: 0 | J248: 0 | K248: 0 | L248: 0 | M248: 3.8081667 | N248: 20.210333 | O248: 10.849833 | P248: 11.307333 | Q248: 22.688167 | R248: 21.5175 | S248: 28.971667 | T248: 43.481333 | U248: 48.3355 | V248: 40.847167 | W248: 12.266167 | X248: 0 | Y248: 0 | Z248: 0 | AA248: 0 | AB248: 0 | AD248: =SUM(E248:AB248) -> 264.28317
B249: PFV-JAMA-1 | E249: 0 | F249: 0 | G249: 0 | H249: 0 | I249: 0 | J249: 0 | K249: 0 | L249: 0 | M249: 7.9786667 | N249: 7.51 | O249: 8.22 | P249: 7.64 | Q249: 4.29 | R249: 10.88 | S249: 6.4 | T249: 10.92 | U249: 11.5 | V249: 12.22 | W249: 13.1155 | X249: 0 | Y249: 0 | Z249: 0 | AA249: 0 | AB249: 0 | AD249: =SUM(E249:AB249) -> 100.67417
B250: PFV-JAMA-2 | E250: 0 | F250: 0 | G250: 0 | H250: 0 | I250: 0 | J250: 0 | K250: 0 | L250: 0 | M250: 1.1398333 | N250: 9.4483333 | O250: 10.3845 | P250: 10.316833 | Q250: 8.583 | R250: 11.106167 | S250: 9.7255 | T250: 11.196833 | U250: 12.234833 | V250: 11.185833 | W250: 2.9146667 | X250: 0 | Y250: 0 | Z250: 0 | AA250: 0 | AB250: 0 | AD250: =SUM(E250:AB250) -> 98.236333
... B309: PFV-TAIRA | E309: 0 | F309: 0 | G309: 0 | H309: 0 | I309: 0 | J309: 0 | K309: 0 | L309: 0 | M309: 0 | N309: 0 | O309: 0 | P309: 0 | Q309: 0 | R309: 0 | S309: 0 | T309: 0 | U309: 0 | V309: 0 | W309: 0 | X309: 0 | Y309: 0 | Z309: 0 | AA309: 0 | AB309: 0 | AD309: =SUM(E309:AB309) -> 0
B310: Total | E310: =SUM(E239:E309) -> 0 | F310: =SUM(F239:F309) -> 0 | G310: =SUM(G239:G309) -> 0 | H310: =SUM(H239:H309) -> 0 | I310: =SUM(I239:I309) -> 0 | J310: =SUM(J239:J309) -> 0 | K310: =SUM(K239:K309) -> 0 | L310: =SUM(L239:L309) -> 0 | ... AB310: =SUM(AB239:AB309) -> 0 | AC310: =SUM(AC239:AE309) -> 11541.807
B313: ='Resumen-Mensual'!$I$26 -> 45935
B315: Central/Hora | E315: 1 | F315: 2 | G315: 3 | H315: 4 | I315: 5 | J315: 6 | K315: 7 | L315: 8 | M315: 9 | N315: 10 | O315: 11 | P315: 12 | Q315: 13 | R315: 14 | S315: 15 | T315: 16 | U315: 17 | V315: 18 | W315: 19 | X315: 20 | Y315: 21 | Z315: 22 | AA315: 23 | AB315: 24 | AC315: Total
B316: PFV-POZOALMONTE-2 | E316: 0 | F316: 0 | G316: 0 | H316: 0 | I316: 0 | J316: 0 | K316: 0 | L316: 0.015 | M316: 4.4 | N316: 6.1 | O316: 6.5 | P316: 6.6 | Q316: 6.5 | R316: 6.5 | S316: 6.5 | T316: 6.4 | U316: 6.1 | V316: 5.5 | W316: 2.4 | X316: 0 | Y316: 0 | Z316: 0 | AA316: 0 | AB316: 0 | AD316: =SUM(E316:AB316) -> 63.515
B317: PFV-POZOALMONTE-3 | E317: 0 | F317: 0 | G317: 0 | H317: 0 | I317: 0 | J317: 0 | K317: 0 | L317: 0.0225 | M317: 4 | N317: 10.39 | O317: 11.34 | P317: 11.41 | Q317: 11.46 | R317: 11.51 | S317: 11.56 | T317: 11.65 | U317: 11.76 | V317: 11.79 | W317: 4.74 | X317: 0 | Y317: 0 | Z317: 0 | AA317: 0 | AB317: 0 | AD317: =SUM(E317:AB317) -> 111.6325
B318: PFV-LAHUAYCA-2 | E318: 0 | F318: 0 | G318: 0 | H318: 0 | I318: 0 | J318: 0 | K318: 0 | L318: 0 | M318: 0 | N318: 0 | O318: 0 | P318: 0 | Q318: 0 | R318: 0 | S318: 0 | T318: 0 | U318: 0 | V318: 0 | W318: 0 | X318: 0 | Y318: 0 | Z318: 0 | AA318: 0 | AB318: 0 | AD318: =SUM(E318:AB318) -> 0
B319: PFV-SANTAISABEL | E319: 0 | F319: 0 | G319: 0 | H319: 0 | I319: 0 | J319: 0 | K319: 0 | L319: 0 | M319: 0 | N319: 0 | O319: 0 | P319: 0 | Q319: 0 | R319: 0 | S319: 0 | T319: 0 | U319: 0 | V319: 0 | W319: 0 | X319: 0 | Y319: 0 | Z319: 0 | AA319: 0 | AB319: 0 | AD319: =SUM(E319:AB319) -> 0
B320: PFV-HUATACONDO | E320: 0 | F320: 0 | G320: 0 | H320: 0 | I320: 0 | J320: 0 | K320: 0 | L320: 0.148 | M320: 19.6 | N320: 37.11 | O320: 49.53 | P320: 60.64 | Q320: 62.79 | R320: 61.74 | S320: 61.55 | T320: 59.15 | U320: 52.89 | V320: 43.39 | W320: 15.213333 | X320: 0 | Y320: 0 | Z320: 0 | AA320: 0 | AB320: 0 | AD320: =SUM(E320:AB320) -> 523.75133
B321: PFV-ATACAMASOLAR-2 | E321: 0 | F321: 0 | G321: 0 | H321: 0 | I321: 0 | J321: 0 | K321: 0 | L321: 0 | M321: 0 | N321: 0 | O321: 0 | P321: 0 | Q321: 0 | R321: 0 | S321: 0 | T321: 0 | U321: 0 | V321: 0 | W321: 0 | X321: 0 | Y321: 0 | Z321: 0 | AA321: 0 | AB321: 0 | AD321: =SUM(E321:AB321) -> 0
B322: PFV-NUEVOQUILLAGUA | E322: 0 | F322: 0 | G322: 0 | H322: 0 | I322: 0 | J322: 0 | K322: 0 | L322: 0 | M322: 0 | N322: 0 | O322: 0 | P322: 0 | Q322: 0 | R322: 0 | S322: 0 | T322: 0 | U322: 0 | V322: 0 | W322: 0 | X322: 0 | Y322: 0 | Z322: 0 | AA322: 0 | AB322: 0 | AD322: =SUM(E322:AB322) -> 0
B323: PFV-GRANJA | E323: 0 | F323: 0 | G323: 0 | H323: 0 | I323: 0 | J323: 0 | K323: 0 | L323: 0 | M323: 2.1051667 | N323: 7.3493333 | O323: 15.2775 | P323: 13.12 | Q323: 9.128 | R323: 12.751667 | S323: 21.3675 | T323: 30.189833 | U323: 32.669 | V323: 37.134 | W323: 16.381167 | X323: 0 | Y323: 0 | Z323: 0 | AA323: 0 | AB323: 0 | AD323: =SUM(E323:AB323) -> 197.47317
B324: PFV-USYA | E324: 0 | F324: 0 | G324: 0 | H324: 0 | I324: 0 | J324: 0 | K324: 0 | L324: 0 | M324: 4.1856667 | N324: 16.875333 | O324: 28.910333 | P324: 26.456 | Q324: 37.9985 | R324: 40.2665 | S324: 40.209833 | T324: 35.945 | U324: 18.2485 | V324: 8.7451667 | W324: 0.8645 | X324: 0 | Y324: 0 | Z324: 0 | AA324: 0 | AB324: 0 | AD324: =SUM(E324:AB324) -> 258.70533
B325: PFV-SANPEDRO-GPG | E325: 0 | F325: 0 | G325: 0 | H325: 0 | I325: 0 | J325: 0 | K325: 0 | L325: 0 | M325: 17.295333 | N325: 23.767167 | O325: 30.9705 | P325: 32.425 | Q325: 30.261833 | R325: 34.5285 | S325: 44.083667 | T325: 52.776 | U325: 55.1515 | V325: 48.5845 | W325: 11.003833 | X325: 0 | Y325: 0 | Z325: 0 | AA325: 0 | AB325: 0 | AD325: =SUM(E325:AB325) -> 380.84783
B326: PFV-JAMA-1 | E326: 0 | F326: 0 | G326: 0 | H326: 0 | I326: 0 | J326: 0 | K326: 0 | L326: 0.0695 | M326: 15.31 | N326: 16.21 | O326: 16.23 | P326: 15.49 | Q326: 15.5 | R326: 15.52 | S326: 15.56 | T326: 17.04 | U326: 17.92 | V326: 16.61 | W326: 10.326667 | X326: 0 | Y326: 0 | Z326: 0 | AA326: 0 | AB326: 0 | AD326: =SUM(E326:AB326) -> 171.78617
B327: PFV-JAMA-2 | E327: 0 | F327: 0 | G327: 0 | H327: 0 | I327: 0 | J327: 0 | K327: 0 | L327: 0 | M327: 1.9996667 | N327: 12.3425 | O327: 12.409667 | P327: 12.03 | Q327: 12.03 | R327: 12.03 | S327: 12.03 | T327: 12.711 | U327: 13.783333 | V327: 13.2275 | W327: 3.0705 | X327: 0 | Y327: 0 | Z327: 0 | AA327: 0 | AB327: 0 | AD327: =SUM(E327:AB327) -> 117.66417
... B386: PFV-TAIRA | E386: 0 | F386: 0 | G386: 0 | H386: 0 | I386: 0 | J386: 0 | K386: 0 | L386: 0 | M386: 0 | N386: 0 | O386: 0 | P386: 0 | Q386: 0 | R386: 0 | S386: 0 | T386: 0 | U386: 0 | V386: 0 | W386: 0 | X386: 0 | Y386: 0 | Z386: 0 | AA386: 0 | AB386: 0 | AD386: =SUM(E386:AB386) -> 0
