Workbook

Sheet Resumen-Mensual
B2: RESUMEN DE CURTAILMENTS ACUMULADO DE CENTRALES EÓLICAS, SOLARES HIDRÁULICAS DE PASADA, EMBALSES Y SERIES HÍDRICAS AÑO 2025
C4: Resumen Anual / Mensual (GWh)
C6: Acumulado 2025
B7: Eólica | C7: =SUM(C14,F14,I14,L14,O14,R14,U14,X14,AA14,AD14,AG14,AJ14) -> 433.60088 | E7: =IF($C$11=0,"-",+C7/$C$11) -> 0.22103504
B8: Solar | C8: =SUM(C15,F15,I15,L15,O15,R15,U15,X15,AA15,AD15,AG15,AJ15) -> 1487.8473 | E8: =IF($C$11=0,"-",+C8/$C$11) -> 0.75845419 | Y8: =+AJ84/1000-X15 -> 266.28583
B9: Hidro Pasada | C9: =SUM(C16,F16,I16,L16,O16,R16,U16,X16,AA16,AD16,AG16,AJ16) -> 38.244804 | E9: =IF($C$11=0,"-",+C9/$C$11) -> 0.019495906
B10: Hidro Embalse | C10: =SUM(C17,F17,I17,L17,O17,R17,U17,X17,AA17,AD17,AG17,AJ17) -> 1.9908386 | E10: =IF($C$11=0,"-",+C10/$C$11) -> 0.0010148621
B11: Total | C11: =SUM(C7:C10) -> 1961.6839 | E11: =SUM(E7:E10) -> 1
C13: 45658 | F13: 45689 | I13: 45717 | L13: 45748 | O13: 45778 | R13: 45809 | U13: 45839 | X13: 45870 | AA13: 45901 | AD13: 45931 | AG13: 45962 | AJ13: 45992
B14: Eólica | C14: ='Acumulado-Anual-Eólico'!AJ10/1000 -> 147.02888 | E14: =IF($C$18=0,"-",+C14/$C$18) -> 0.22184096 | F14: ='Acumulado-Anual-Eólico'!AJ65/1000 -> 100.28563 | H14: =IF($F$18=0,"-",+F14/$F$18) -> 0.23812007 | I14: ='Acumulado-Anual-Eólico'!$AJ$120/1000 -> 121.00713 | K14: =IF($I$18=0,"-",+I14/$I$18) -> 0.2223667 | L14: ='Acumulado-Anual-Eólico'!AJ175/1000 -> 65.27924 | N14: =IF($L$18=0,"-",+L14/$L$18) -> 0.19569124 | O14: 0 | Q14: =IF($O$18=0,"-",+O14/$O$18) -> - | R14: 0 | T14: =IF($R$18=0,"-",+R14/$R$18) -> - | U14: 0 | W14: =IF($U$18=0,"-",+U14/$U$18) -> - | X14: 0 | Z14: =IF($X$18=0,"-",+X14/$X$18) -> - | AA14: 0 | AC14: =IF($AA$18=0,"-",+AA14/$AA$18) -> - | AD14: 0 | AF14: =IF($AD$18=0,"-",+AD14/$AD$18) -> - | AG14: 0 | AI14: =IF($AG$18=0,"-",+AG14/$AG$18) -> - | AJ14: 0 | AL14: =IF($AJ$18=0,"-",+AJ14/$AJ$18) -> -
B15: Solar | C15: ='Acumulado-Anual-Solar'!AJ10/1000 -> 494.3341 | E15: =IF($C$18=0,"-",+C15/$C$18) -> 0.74586401 | F15: ='Acumulado-Anual-Solar'!AJ84/1000 -> 311.23959 | H15: =IF($F$18=0,"-",+F15/$F$18) -> 0.73901313 | I15: ='Acumulado-Anual-Solar'!$AJ$158/1000 -> 415.98783 | K15: =IF($I$18=0,"-",+I15/$I$18) -> 0.76443301 | L15: ='Acumulado-Anual-Solar'!AJ232/1000 -> 266.28583 | N15: =IF($L$18=0,"-",+L15/$L$18) -> 0.79825998 | O15: 0 | Q15: =IF($O$18=0,"-",+O15/$O$18) -> - | R15: 0 | T15: =IF($R$18=0,"-",+R15/$R$18) -> - | U15: 0 | W15: =IF($U$18=0,"-",+U15/$U$18) -> - | X15: 0 | Z15: =IF($X$18=0,"-",+X15/$X$18) -> - | AA15: 0 | AC15: =IF($AA$18=0,"-",+AA15/$AA$18) -> - | AD15: 0 | AF15: =IF($AD$18=0,"-",+AD15/$AD$18) -> - | AG15: 0 | AI15: =IF($AG$18=0,"-",+AG15/$AG$18) -> - | AJ15: 0 | AL15: =IF($AJ$18=0,"-",+AJ15/$AJ$18) -> -
B16: Hidro Pasada | C16: =+'Acumulado-Anual-HP'!AJ11/1000 -> 20.43018 | E16: =IF($C$18=0,"-",+C16/$C$18) -> 0.030825581 | F16: =+'Acumulado-Anual-HP'!AJ152/1000 -> 8.6135453 | H16: =IF($F$18=0,"-",+F16/$F$18) -> 0.020452164 | I16: ='Acumulado-Anual-HP'!AJ293/1000 -> 7.18331 | K16: =IF($I$18=0,"-",+I16/$I$18) -> 0.013200288 | L16: ='Acumulado-Anual-HP'!AJ434/1000 -> 2.0177691 | N16: =IF($L$18=0,"-",+L16/$L$18) -> 0.0060487797 | O16: 0 | Q16: =IF($O$18=0,"-",+O16/$O$18) -> - | R16: 0 | T16: =IF($R$18=0,"-",+R16/$R$18) -> - | U16: 0 | W16: =IF($U$18=0,"-",+U16/$U$18) -> - | X16: 0 | Z16: =IF($X$18=0,"-",+X16/$X$18) -> - | AA16: 0 | AC16: =IF($AA$18=0,"-",+AA16/$AA$18) -> - | AD16: 0 | AF16: =IF($AD$18=0,"-",+AD16/$AD$18) -> - | AG16: 0 | AI16: =IF($AG$18=0,"-",+AG16/$AG$18) -> - | AJ16: 0 | AL16: =IF($AJ$18=0,"-",+AJ16/$AJ$18) -> -
B17: Hidro Embalse | C17: ='Acumulado-Anual-HE'!AJ10/1000 -> 0.97390005 | E17: =IF($C$18=0,"-",+C17/$C$18) -> 0.0014694455 | F17: =+'Acumulado-Anual-HE'!AJ44/1000 -> 1.0169386 | H17: =IF($F$18=0,"-",+F17/$F$18) -> 0.0024146381 | I17: ='Acumulado-Anual-HE'!AJ78 -> 0 | K17: =IF($I$18=0,"-",+I17/$I$18) -> 0 | L17: ='Acumulado-Anual-HE'!AJ112 -> 0 | N17: =IF($L$18=0,"-",+L17/$L$18) -> 0 | O17: 0 | Q17: =IF($O$18=0,"-",+O17/$O$18) -> - | R17: 0 | T17: =IF($R$18=0,"-",+R17/$R$18) -> - | U17: 0 | W17: =IF($U$18=0,"-",+U17/$U$18) -> - | X17: 0 | Z17: =IF($X$18=0,"-",+X17/$X$18) -> - | AA17: 0 | AC17: =IF($AA$18=0,"-",+AA17/$AA$18) -> - | AD17: 0 | AF17: =IF($AD$18=0,"-",+AD17/$AD$18) -> - | AG17: 0 | AI17: =IF($AG$18=0,"-",+AG17/$AG$18) -> - | AJ17: 0 | AL17: =IF($AJ$18=0,"-",+AJ17/$AJ$18) -> -
B18: Total | C18: =SUM(C14:D17) -> 662.76706 | E18: =SUM(E14:E17) -> 1 | F18: =SUM(F14:G17) -> 421.1557 | H18: =SUM(H14:H17) -> 1 | I18: =SUM(I14:I17) -> 544.17827 | K18: =SUM(K14:K17) -> 1 | L18: =SUM(L14:L17) -> 333.58284 | N18: =SUM(N14:N17) -> 1 | O18: =SUM(O14:O17) -> 0 | Q18: =SUM(Q14:Q17) -> 0 | R18: =SUM(R14:R17) -> 0 | T18: =SUM(T14:T17) -> 0 | U18: =SUM(U14:U17) -> 0 | W18: =SUM(W14:W17) -> 0 | X18: =SUM(X14:X17) -> 0 | Z18: =SUM(Z14:Z17) -> 0 | AA18: =SUM(AA14:AA17) -> 0 | AC18: =SUM(AC14:AC17) -> 0 | AD18: =SUM(AD14:AD17) -> 0 | AF18: =SUM(AF14:AF17) -> 0 | AG18: =SUM(AG14:AG17) -> 0 | AI18: =SUM(AI14:AI17) -> 0 | AJ18: =SUM(AJ14:AJ17) -> 0 | AL18: =SUM(AL14:AL17) -> 0
B21: RESUMEN DE CURTAILMENTS CENTRALES EÓLICAS, SOLARES, HIDRÁULICAS DE PASADA, EMBALSES Y SERIES HÍDRICAS CORRESPONDIENTE A ABRIL 2025 (MWh)
B24: DESGLOSE DIARIO DE CURTAILMENTS DE ENERGÍA EÓLICA
B26: Central / Día | E26: 45748 | F26: =+E26+1 -> 45749 | G26: =+F26+1 -> 45750 | H26: =+G26+1 -> 45751 | I26: =+H26+1 -> 45752 | J26: =+I26+1 -> 45753 | K26: =+J26+1 -> 45754 | L26: =+K26+1 -> 45755 | M26: =+L26+1 -> 45756 | ... AH26: =+AG26+1 -> 45777 | AI26: - | AJ26: Total
B27: Total | E27: =SUM(E28:E78) -> 4559.9606 | F27: =SUM(F28:F78) -> 3733.3025 | G27: =SUM(G28:G78) -> 3422.1843 | H27: =SUM(H28:H78) -> 1223.5436 | I27: =SUM(I28:I78) -> 985.61083 | J27: =SUM(J28:J78) -> 3851.9686 | K27: =SUM(K28:K78) -> 2237.9692 | L27: =SUM(L28:L78) -> 1698.9895 | ... AI27: =SUM(AI28:AI78) -> 0 | AK27: =SUM(AK28:AK78) -> 65279.24
B28: PE-TCHAMMA | E28: ='Resumen-DiarioHorario-Eólico'!AD8 -> 154.709 | F28: ='Resumen-DiarioHorario-Eólico'!AD65 -> 65.511 | G28: ='Resumen-DiarioHorario-Eólico'!AD122 -> 29.539 | H28: ='Resumen-DiarioHorario-Eólico'!AD179 -> 5.1506667 | I28: ='Resumen-DiarioHorario-Eólico'!AD236 -> 10.182833 | J28: ='Resumen-DiarioHorario-Eólico'!AD293 -> 129.50583 | K28: ='Resumen-DiarioHorario-Eólico'!AD350 -> 40.404167 | L28: ='Resumen-DiarioHorario-Eólico'!AD407 -> 0 | M28: ='Resumen-DiarioHorario-Eólico'!AD464 -> 232.28833 | N28: ='Resumen-DiarioHorario-Eólico'!AD521 -> 127.01617 | O28: ='Resumen-DiarioHorario-Eólico'!AD578 -> 251.509 | P28: ='Resumen-DiarioHorario-Eólico'!AD635 -> 177.12733 | Q28: ='Resumen-DiarioHorario-Eólico'!AD692 -> 78.247167 | R28: ='Resumen-DiarioHorario-Eólico'!AD749 -> 25.427833 | S28: ='Resumen-DiarioHorario-Eólico'!AD806 -> 91.206333 | T28: ='Resumen-DiarioHorario-Eólico'!AD863 -> 145.596 | U28: ='Resumen-DiarioHorario-Eólico'!AD920 -> 88.414 | V28: ='Resumen-DiarioHorario-Eólico'!AD977 -> 288.72633 | W28: ='Resumen-DiarioHorario-Eólico'!AD1034 -> 186.09083 | X28: ='Resumen-DiarioHorario-Eólico'!AD1091 -> 88.182833 | Y28: ='Resumen-DiarioHorario-Eólico'!AD1148 -> 0 | Z28: ='Resumen-DiarioHorario-Eólico'!AD1205 -> 1.3083333 | AA28: ='Resumen-DiarioHorario-Eólico'!AD1262 -> 57.607167 | AB28: ='Resumen-DiarioHorario-Eólico'!AD1319 -> 81.473333 | AC28: ='Resumen-DiarioHorario-Eólico'!AD1376 -> 248.09733 | AD28: ='Resumen-DiarioHorario-Eólico'!AD1433 -> 201.00567 | AE28: ='Resumen-DiarioHorario-Eólico'!AD1490 -> 92.187833 | AF28: ='Resumen-DiarioHorario-Eólico'!AD1546 -> 40.4545 | AG28: ='Resumen-DiarioHorario-Eólico'!AD1602 -> 0 | AH28: =+'Resumen-DiarioHorario-Eólico'!AD1658 -> 18.3405 | AI28: =+'Resumen-DiarioHorario-Eólico'!AD1714 -> 0 | AK28: =SUM(E28:AI28) -> 2955.3093
B29: PE-SIERRAGORDA | E29: ='Resumen-DiarioHorario-Eólico'!AD9 -> 199.57983 | F29: ='Resumen-DiarioHorario-Eólico'!AD66 -> 182.16683 | G29: ='Resumen-DiarioHorario-Eólico'!AD123 -> 110.32467 | H29: ='Resumen-DiarioHorario-Eólico'!AD180 -> 88.4695 | I29: ='Resumen-DiarioHorario-Eólico'!AD237 -> 72.916667 | J29: ='Resumen-DiarioHorario-Eólico'!AD294 -> 140.70333 | K29: ='Resumen-DiarioHorario-Eólico'!AD351 -> 169.46983 | L29: ='Resumen-DiarioHorario-Eólico'!AD408 -> 181.03233 | M29: ='Resumen-DiarioHorario-Eólico'!AD465 -> 185.227 | N29: ='Resumen-DiarioHorario-Eólico'!AD522 -> 0 | O29: ='Resumen-DiarioHorario-Eólico'!AD579 -> 0 | P29: ='Resumen-DiarioHorario-Eólico'!AD636 -> 0 | Q29: ='Resumen-DiarioHorario-Eólico'!AD693 -> 148.03367 | R29: ='Resumen-DiarioHorario-Eólico'!AD750 -> 16.0125 | S29: ='Resumen-DiarioHorario-Eólico'!AD807 -> 40.265333 | T29: ='Resumen-DiarioHorario-Eólico'!AD864 -> 69.614833 | U29: ='Resumen-DiarioHorario-Eólico'!AD921 -> 89.960167 | V29: ='Resumen-DiarioHorario-Eólico'!AD978 -> 149.75633 | W29: ='Resumen-DiarioHorario-Eólico'!AD1035 -> 74.0005 | X29: ='Resumen-DiarioHorario-Eólico'!AD1092 -> 85.0355 | Y29: ='Resumen-DiarioHorario-Eólico'!AD1149 -> 0 | Z29: ='Resumen-DiarioHorario-Eólico'!AD1206 -> 0 | AA29: ='Resumen-DiarioHorario-Eólico'!AD1263 -> 37.6745 | AB29: ='Resumen-DiarioHorario-Eólico'!AD1320 -> 94.693333 | AC29: ='Resumen-DiarioHorario-Eólico'!AD1377 -> 174.56283 | AD29: ='Resumen-DiarioHorario-Eólico'!AD1434 -> 143.553 | AE29: ='Resumen-DiarioHorario-Eólico'!AD1491 -> 122.59167 | AF29: ='Resumen-DiarioHorario-Eólico'!AD1547 -> 27.156833 | AG29: ='Resumen-DiarioHorario-Eólico'!AD1603 -> 0 | AH29: =+'Resumen-DiarioHorario-Eólico'!AD1659 -> 6.8088333 | AI29: =+'Resumen-DiarioHorario-Eólico'!AD1715 -> 0 | AK29: =SUM(E29:AI29) -> 2609.6098
B30: PE-VALLEDELOSVIENTOS | E30: ='Resumen-DiarioHorario-Eólico'!AD10 -> 207.679 | F30: ='Resumen-DiarioHorario-Eólico'!AD67 -> 162.5635 | G30: ='Resumen-DiarioHorario-Eólico'!AD124 -> 84.127833 | H30: ='Resumen-DiarioHorario-Eólico'!AD181 -> 131.09683 | I30: ='Resumen-DiarioHorario-Eólico'!AD238 -> 121.8695 | J30: ='Resumen-DiarioHorario-Eólico'!AD295 -> 143.14733 | K30: ='Resumen-DiarioHorario-Eólico'!AD352 -> 229.332 | L30: ='Resumen-DiarioHorario-Eólico'!AD409 -> 188.31883 | M30: ='Resumen-DiarioHorario-Eólico'!AD466 -> 118.33533 | N30: ='Resumen-DiarioHorario-Eólico'!AD523 -> 82.848833 | O30: ='Resumen-DiarioHorario-Eólico'!AD580 -> 241.37833 | P30: ='Resumen-DiarioHorario-Eólico'!AD637 -> 129.97383 | Q30: ='Resumen-DiarioHorario-Eólico'!AD694 -> 160.734 | R30: ='Resumen-DiarioHorario-Eólico'!AD751 -> 78.968 | S30: ='Resumen-DiarioHorario-Eólico'!AD808 -> 51.945833 | T30: ='Resumen-DiarioHorario-Eólico'!AD865 -> 88.692167 | U30: ='Resumen-DiarioHorario-Eólico'!AD922 -> 46.133833 | V30: ='Resumen-DiarioHorario-Eólico'!AD979 -> 150.45767 | W30: ='Resumen-DiarioHorario-Eólico'!AD1036 -> 127.767 | X30: ='Resumen-DiarioHorario-Eólico'!AD1093 -> 122.39867 | Y30: ='Resumen-DiarioHorario-Eólico'!AD1150 -> 0 | Z30: ='Resumen-DiarioHorario-Eólico'!AD1207 -> 3.2685 | AA30: ='Resumen-DiarioHorario-Eólico'!AD1264 -> 39.588167 | AB30: ='Resumen-DiarioHorario-Eólico'!AD1321 -> 80.028833 | AC30: ='Resumen-DiarioHorario-Eólico'!AD1378 -> 220.98017 | AD30: ='Resumen-DiarioHorario-Eólico'!AD1435 -> 256.277 | AE30: ='Resumen-DiarioHorario-Eólico'!AD1492 -> 172.116 | AF30: ='Resumen-DiarioHorario-Eólico'!AD1548 -> 26.581 | AG30: ='Resumen-DiarioHorario-Eólico'!AD1604 -> 58.462667 | AH30: =+'Resumen-DiarioHorario-Eólico'!AD1660 -> 53.078667 | AI30: =+'Resumen-DiarioHorario-Eólico'!AD1716 -> 0 | AK30: =SUM(E30:AI30) -> 3578.1493
B31: PE-CERROTIGRE | E31: ='Resumen-DiarioHorario-Eólico'!AD11 -> 553.56783 | F31: ='Resumen-DiarioHorario-Eólico'!AD68 -> 542.1 | G31: ='Resumen-DiarioHorario-Eólico'!AD125 -> 576.663 | H31: ='Resumen-DiarioHorario-Eólico'!AD182 -> 325.51667 | I31: ='Resumen-DiarioHorario-Eólico'!AD239 -> 244.25233 | J31: ='Resumen-DiarioHorario-Eólico'!AD296 -> 485.0595 | K31: ='Resumen-DiarioHorario-Eólico'!AD353 -> 527.09333 | L31: ='Resumen-DiarioHorario-Eólico'!AD410 -> 545.30933 | M31: ='Resumen-DiarioHorario-Eólico'!AD467 -> 0 | N31: ='Resumen-DiarioHorario-Eólico'!AD524 -> 169.753 | O31: ='Resumen-DiarioHorario-Eólico'!AD581 -> 392.0175 | P31: ='Resumen-DiarioHorario-Eólico'!AD638 -> 379.1335 | Q31: ='Resumen-DiarioHorario-Eólico'!AD695 -> 498.4 | R31: ='Resumen-DiarioHorario-Eólico'!AD752 -> 61.0855 | S31: ='Resumen-DiarioHorario-Eólico'!AD809 -> 108.008 | T31: ='Resumen-DiarioHorario-Eólico'!AD866 -> 186.91833 | U31: ='Resumen-DiarioHorario-Eólico'!AD923 -> 278.46783 | V31: ='Resumen-DiarioHorario-Eólico'!AD980 -> 458.18033 | W31: ='Resumen-DiarioHorario-Eólico'!AD1037 -> 438.07117 | X31: ='Resumen-DiarioHorario-Eólico'!AD1094 -> 183.253 | Y31: ='Resumen-DiarioHorario-Eólico'!AD1151 -> 0 | Z31: ='Resumen-DiarioHorario-Eólico'!AD1208 -> 0.132 | AA31: ='Resumen-DiarioHorario-Eólico'!AD1265 -> 11.109 | AB31: ='Resumen-DiarioHorario-Eólico'!AD1322 -> 269.75717 | AC31: ='Resumen-DiarioHorario-Eólico'!AD1379 -> 488.40817 | AD31: ='Resumen-DiarioHorario-Eólico'!AD1436 -> 568.36683 | AE31: ='Resumen-DiarioHorario-Eólico'!AD1493 -> 597.79783 | AF31: ='Resumen-DiarioHorario-Eólico'!AD1549 -> 58.360333 | AG31: ='Resumen-DiarioHorario-Eólico'!AD1605 -> 0 | AH31: =+'Resumen-DiarioHorario-Eólico'!AD1661 -> 19.087 | AI31: =+'Resumen-DiarioHorario-Eólico'!AD1717 -> 0 | AK31: =SUM(E31:AI31) -> 8965.8685
B32: PE-CALAMA | E32: ='Resumen-DiarioHorario-Eólico'!AD12 -> 252.9735 | F32: ='Resumen-DiarioHorario-Eólico'!AD69 -> 245.32917 | G32: ='Resumen-DiarioHorario-Eólico'!AD126 -> 197.98467 | H32: ='Resumen-DiarioHorario-Eólico'!AD183 -> 261.64433 | I32: ='Resumen-DiarioHorario-Eólico'!AD240 -> 79.299 | J32: ='Resumen-DiarioHorario-Eólico'!AD297 -> 85.574167 | K32: ='Resumen-DiarioHorario-Eólico'!AD354 -> 296.1755 | L32: ='Resumen-DiarioHorario-Eólico'!AD411 -> 263.242 | M32: ='Resumen-DiarioHorario-Eólico'!AD468 -> 217.39583 | N32: ='Resumen-DiarioHorario-Eólico'!AD525 -> 209.601 | O32: ='Resumen-DiarioHorario-Eólico'!AD582 -> 390.88883 | P32: ='Resumen-DiarioHorario-Eólico'!AD639 -> 252.70733 | Q32: ='Resumen-DiarioHorario-Eólico'!AD696 -> 223.22817 | R32: ='Resumen-DiarioHorario-Eólico'!AD753 -> 31.9985 | S32: ='Resumen-DiarioHorario-Eólico'!AD810 -> 90.413 | T32: ='Resumen-DiarioHorario-Eólico'!AD867 -> 232.27417 | U32: ='Resumen-DiarioHorario-Eólico'!AD924 -> 160.32483 | V32: ='Resumen-DiarioHorario-Eólico'!AD981 -> 253.84567 | W32: ='Resumen-DiarioHorario-Eólico'!AD1038 -> 314.4285 | X32: ='Resumen-DiarioHorario-Eólico'!AD1095 -> 195.8715 | Y32: ='Resumen-DiarioHorario-Eólico'!AD1152 -> 0 | Z32: ='Resumen-DiarioHorario-Eólico'!AD1209 -> 9.4925 | AA32: ='Resumen-DiarioHorario-Eólico'!AD1266 -> 44.401333 | AB32: ='Resumen-DiarioHorario-Eólico'!AD1323 -> 333.2295 | AC32: ='Resumen-DiarioHorario-Eólico'!AD1380 -> 388.45517 | AD32: ='Resumen-DiarioHorario-Eólico'!AD1437 -> 332.808 | AE32: ='Resumen-DiarioHorario-Eólico'!AD1494 -> 264.59083 | AF32: ='Resumen-DiarioHorario-Eólico'!AD1550 -> 71.529 | AG32: ='Resumen-DiarioHorario-Eólico'!AD1606 -> 0 | AH32: =+'Resumen-DiarioHorario-Eólico'!AD1662 -> 12.230167 | AI32: =+'Resumen-DiarioHorario-Eólico'!AD1718 -> 0 | AK32: =SUM(E32:AI32) -> 5711.9362
B33: PE-TALTAL | E33: ='Resumen-DiarioHorario-Eólico'!AD13 -> 65.283667 | F33: ='Resumen-DiarioHorario-Eólico'!AD70 -> 51.455167 | G33: ='Resumen-DiarioHorario-Eólico'!AD127 -> 50.229333 | H33: ='Resumen-DiarioHorario-Eólico'!AD184 -> 37.755833 | I33: ='Resumen-DiarioHorario-Eólico'!AD241 -> 35.107333 | J33: ='Resumen-DiarioHorario-Eólico'!AD298 -> 91.791 | K33: ='Resumen-DiarioHorario-Eólico'!AD355 -> 168.28583 | L33: ='Resumen-DiarioHorario-Eólico'!AD412 -> 51.683333 | M33: ='Resumen-DiarioHorario-Eólico'!AD469 -> 213.91783 | N33: ='Resumen-DiarioHorario-Eólico'!AD526 -> 1.859 | O33: ='Resumen-DiarioHorario-Eólico'!AD583 -> 83.989667 | P33: ='Resumen-DiarioHorario-Eólico'!AD640 -> 272.05867 | Q33: ='Resumen-DiarioHorario-Eólico'!AD697 -> 105.29367 | R33: ='Resumen-DiarioHorario-Eólico'!AD754 -> 50.968333 | S33: ='Resumen-DiarioHorario-Eólico'!AD811 -> 118.0755 | T33: ='Resumen-DiarioHorario-Eólico'!AD868 -> 60.319667 | U33: ='Resumen-DiarioHorario-Eólico'!AD925 -> 61.954 | V33: ='Resumen-DiarioHorario-Eólico'!AD982 -> 123.61 | W33: ='Resumen-DiarioHorario-Eólico'!AD1039 -> 307.665 | X33: ='Resumen-DiarioHorario-Eólico'!AD1096 -> 284.57367 | Y33: ='Resumen-DiarioHorario-Eólico'!AD1153 -> 0 | Z33: ='Resumen-DiarioHorario-Eólico'!AD1210 -> 0.0093333333 | AA33: ='Resumen-DiarioHorario-Eólico'!AD1267 -> 10.0615 | AB33: ='Resumen-DiarioHorario-Eólico'!AD1324 -> 40.676833 | AC33: ='Resumen-DiarioHorario-Eólico'!AD1381 -> 29.757667 | AD33: ='Resumen-DiarioHorario-Eólico'!AD1438 -> 54.293167 | AE33: ='Resumen-DiarioHorario-Eólico'!AD1495 -> 71.565 | AF33: ='Resumen-DiarioHorario-Eólico'!AD1551 -> 4.424 | AG33: ='Resumen-DiarioHorario-Eólico'!AD1607 -> 0 | AH33: =+'Resumen-DiarioHorario-Eólico'!AD1663 -> 19.725333 | AI33: =+'Resumen-DiarioHorario-Eólico'!AD1719 -> 0 | AK33: =SUM(E33:AI33) -> 2466.3893
B34: PE-SARCO | E34: ='Resumen-DiarioHorario-Eólico'!AD14 -> 136.67017 | F34: ='Resumen-DiarioHorario-Eólico'!AD71 -> 192.71367 | G34: ='Resumen-DiarioHorario-Eólico'!AD128 -> 35.123333 | H34: ='Resumen-DiarioHorario-Eólico'!AD185 -> 4.053 | I34: ='Resumen-DiarioHorario-Eólico'!AD242 -> 21.105833 | J34: ='Resumen-DiarioHorario-Eólico'!AD299 -> 314.52817 | K34: ='Resumen-DiarioHorario-Eólico'!AD356 -> 0 | L34: ='Resumen-DiarioHorario-Eólico'!AD413 -> 38.978 | M34: ='Resumen-DiarioHorario-Eólico'!AD470 -> 26.714 | N34: ='Resumen-DiarioHorario-Eólico'!AD527 -> 83.878333 | O34: ='Resumen-DiarioHorario-Eólico'!AD584 -> 381.09083 | P34: ='Resumen-DiarioHorario-Eólico'!AD641 -> 61.938833 | Q34: ='Resumen-DiarioHorario-Eólico'!AD698 -> 17.343 | R34: ='Resumen-DiarioHorario-Eólico'!AD755 -> 12.581667 | S34: ='Resumen-DiarioHorario-Eólico'!AD812 -> 16.970333 | T34: ='Resumen-DiarioHorario-Eólico'!AD869 -> 125.5535 | U34: ='Resumen-DiarioHorario-Eólico'!AD926 -> 100.3135 | V34: ='Resumen-DiarioHorario-Eólico'!AD983 -> 17.692333 | W34: ='Resumen-DiarioHorario-Eólico'!AD1040 -> 40.160167 | X34: ='Resumen-DiarioHorario-Eólico'!AD1097 -> 32.224167 | Y34: ='Resumen-DiarioHorario-Eólico'!AD1154 -> 0 | Z34: ='Resumen-DiarioHorario-Eólico'!AD1211 -> 0.43916667 | AA34: ='Resumen-DiarioHorario-Eólico'!AD1268 -> 0 | AB34: ='Resumen-DiarioHorario-Eólico'!AD1325 -> 149.977 | AC34: ='Resumen-DiarioHorario-Eólico'!AD1382 -> 587.8945 | AD34: ='Resumen-DiarioHorario-Eólico'!AD1439 -> 315.75233 | AE34: ='Resumen-DiarioHorario-Eólico'!AD1496 -> 125.05583 | AF34: ='Resumen-DiarioHorario-Eólico'!AD1552 -> 4.9506667 | AG34: ='Resumen-DiarioHorario-Eólico'!AD1608 -> 0 | AH34: =+'Resumen-DiarioHorario-Eólico'!AD1664 -> 0.937 | AI34: =+'Resumen-DiarioHorario-Eólico'!AD1720 -> 0 | AK34: =SUM(E34:AI34) -> 2844.6393
B35: PE-CABOLEONES-1 | E35: ='Resumen-DiarioHorario-Eólico'!AD15 -> 92.704667 | F35: ='Resumen-DiarioHorario-Eólico'!AD72 -> 121.3995 | G35: ='Resumen-DiarioHorario-Eólico'!AD129 -> 44.571167 | H35: ='Resumen-DiarioHorario-Eólico'!AD186 -> 2.651 | I35: ='Resumen-DiarioHorario-Eólico'!AD243 -> 3.2465 | J35: ='Resumen-DiarioHorario-Eólico'!AD300 -> 7.1403333 | K35: ='Resumen-DiarioHorario-Eólico'!AD357 -> 18.4255 | L35: ='Resumen-DiarioHorario-Eólico'!AD414 -> 38.636333 | M35: ='Resumen-DiarioHorario-Eólico'!AD471 -> 36.587667 | N35: ='Resumen-DiarioHorario-Eólico'!AD528 -> 41.912667 | O35: ='Resumen-DiarioHorario-Eólico'!AD585 -> 184.264 | P35: ='Resumen-DiarioHorario-Eólico'!AD642 -> 42.050333 | Q35: ='Resumen-DiarioHorario-Eólico'!AD699 -> 32.618167 | R35: ='Resumen-DiarioHorario-Eólico'!AD756 -> 2.5513333 | S35: ='Resumen-DiarioHorario-Eólico'!AD813 -> 36.027167 | T35: ='Resumen-DiarioHorario-Eólico'!AD870 -> 21.687667 | U35: ='Resumen-DiarioHorario-Eólico'!AD927 -> 0 | V35: ='Resumen-DiarioHorario-Eólico'!AD984 -> 10.332167 | W35: ='Resumen-DiarioHorario-Eólico'!AD1041 -> 37.102167 | X35: ='Resumen-DiarioHorario-Eólico'!AD1098 -> 20.088833 | Y35: ='Resumen-DiarioHorario-Eólico'!AD1155 -> 0 | Z35: ='Resumen-DiarioHorario-Eólico'!AD1212 -> 0.54566667 | AA35: ='Resumen-DiarioHorario-Eólico'!AD1269 -> 0.0043333333 | AB35: ='Resumen-DiarioHorario-Eólico'!AD1326 -> 8.1135 | AC35: ='Resumen-DiarioHorario-Eólico'!AD1383 -> 402.56267 | AD35: ='Resumen-DiarioHorario-Eólico'!AD1440 -> 177.55883 | AE35: ='Resumen-DiarioHorario-Eólico'!AD1497 -> 93.2745 | AF35: ='Resumen-DiarioHorario-Eólico'!AD1553 -> 0 | AG35: ='Resumen-DiarioHorario-Eólico'!AD1609 -> 0 | AH35: =+'Resumen-DiarioHorario-Eólico'!AD1665 -> 0 | AI35: =+'Resumen-DiarioHorario-Eólico'!AD1721 -> 0 | AK35: =SUM(E35:AI35) -> 1476.0567
B36: PE-CABOLEONES-2 | E36: ='Resumen-DiarioHorario-Eólico'!AD16 -> 99.691833 | F36: ='Resumen-DiarioHorario-Eólico'!AD73 -> 102.13917 | G36: ='Resumen-DiarioHorario-Eólico'!AD130 -> 44.895 | H36: ='Resumen-DiarioHorario-Eólico'!AD187 -> 3.835 | I36: ='Resumen-DiarioHorario-Eólico'!AD244 -> 2.786 | J36: ='Resumen-DiarioHorario-Eólico'!AD301 -> 54.807667 | K36: ='Resumen-DiarioHorario-Eólico'!AD358 -> 30.829833 | L36: ='Resumen-DiarioHorario-Eólico'!AD415 -> 61.533 | M36: ='Resumen-DiarioHorario-Eólico'!AD472 -> 68.995333 | N36: ='Resumen-DiarioHorario-Eólico'!AD529 -> 35.283333 | O36: ='Resumen-DiarioHorario-Eólico'!AD586 -> 54.135 | P36: ='Resumen-DiarioHorario-Eólico'!AD643 -> 38.7385 | Q36: ='Resumen-DiarioHorario-Eólico'!AD700 -> 31.099667 | R36: ='Resumen-DiarioHorario-Eólico'!AD757 -> 2.3291667 | S36: ='Resumen-DiarioHorario-Eólico'!AD814 -> 8.999 | T36: ='Resumen-DiarioHorario-Eólico'!AD871 -> 7.6678333 | U36: ='Resumen-DiarioHorario-Eólico'!AD928 -> 1.967 | V36: ='Resumen-DiarioHorario-Eólico'!AD985 -> 4.8336667 | W36: ='Resumen-DiarioHorario-Eólico'!AD1042 -> 48.785667 | X36: ='Resumen-DiarioHorario-Eólico'!AD1099 -> 23.845333 | Y36: ='Resumen-DiarioHorario-Eólico'!AD1156 -> 0 | Z36: ='Resumen-DiarioHorario-Eólico'!AD1213 -> 1.1518333 | AA36: ='Resumen-DiarioHorario-Eólico'!AD1270 -> 0 | AB36: ='Resumen-DiarioHorario-Eólico'!AD1327 -> 17.747667 | AC36: ='Resumen-DiarioHorario-Eólico'!AD1384 -> 179.34217 | AD36: ='Resumen-DiarioHorario-Eólico'!AD1441 -> 89.684333 | AE36: ='Resumen-DiarioHorario-Eólico'!AD1498 -> 55.668167 | AF36: ='Resumen-DiarioHorario-Eólico'!AD1554 -> 0 | AG36: ='Resumen-DiarioHorario-Eólico'!AD1610 -> 0 | AH36: =+'Resumen-DiarioHorario-Eólico'!AD1666 -> 0 | AI36: =+'Resumen-DiarioHorario-Eólico'!AD1722 -> 0 | AK36: =SUM(E36:AI36) -> 1070.7912
B37: PE-CABOLEONES-3 | E37: ='Resumen-DiarioHorario-Eólico'!AD17 -> 178.76633 | F37: ='Resumen-DiarioHorario-Eólico'!AD74 -> 187.3765 | G37: ='Resumen-DiarioHorario-Eólico'!AD131 -> 31.745833 | H37: ='Resumen-DiarioHorario-Eólico'!AD188 -> 2.5476667 | I37: ='Resumen-DiarioHorario-Eólico'!AD245 -> 6.0311667 | J37: ='Resumen-DiarioHorario-Eólico'!AD302 -> 86.807833 | K37: ='Resumen-DiarioHorario-Eólico'!AD359 -> 1.577 | L37: ='Resumen-DiarioHorario-Eólico'!AD416 -> 41.729333 | M37: ='Resumen-DiarioHorario-Eólico'!AD473 -> 37.2905 | N37: ='Resumen-DiarioHorario-Eólico'!AD530 -> 129.174 | O37: ='Resumen-DiarioHorario-Eólico'!AD587 -> 145.77683 | P37: ='Resumen-DiarioHorario-Eólico'!AD644 -> 84.874167 | Q37: ='Resumen-DiarioHorario-Eólico'!AD701 -> 34.894833 | R37: ='Resumen-DiarioHorario-Eólico'!AD758 -> 6.9266667 | S37: ='Resumen-DiarioHorario-Eólico'!AD815 -> 46.605333 | T37: ='Resumen-DiarioHorario-Eólico'!AD872 -> 22.388333 | U37: ='Resumen-DiarioHorario-Eólico'!AD929 -> 16.509333 | V37: ='Resumen-DiarioHorario-Eólico'!AD986 -> 22.4355 | W37: ='Resumen-DiarioHorario-Eólico'!AD1043 -> 20.649833 | X37: ='Resumen-DiarioHorario-Eólico'!AD1100 -> 31.441 | Y37: ='Resumen-DiarioHorario-Eólico'!AD1157 -> 0 | Z37: ='Resumen-DiarioHorario-Eólico'!AD1214 -> 1.33 | AA37: ='Resumen-DiarioHorario-Eólico'!AD1271 -> 6.3558333 | AB37: ='Resumen-DiarioHorario-Eólico'!AD1328 -> 0 | AC37: ='Resumen-DiarioHorario-Eólico'!AD1385 -> 290.13217 | AD37: ='Resumen-DiarioHorario-Eólico'!AD1442 -> 95.805333 | AE37: ='Resumen-DiarioHorario-Eólico'!AD1499 -> 150.29133 | AF37: ='Resumen-DiarioHorario-Eólico'!AD1555 -> 6.7233333 | AG37: ='Resumen-DiarioHorario-Eólico'!AD1611 -> 0 | AH37: =+'Resumen-DiarioHorario-Eólico'!AD1667 -> 0.67033333 | AI37: =+'Resumen-DiarioHorario-Eólico'!AD1723 -> 0 | AK37: =SUM(E37:AI37) -> 1686.8563
B38: PE-SANJUAN | E38: ='Resumen-DiarioHorario-Eólico'!AD18 -> 64.056 | F38: ='Resumen-DiarioHorario-Eólico'!AD75 -> 209.57917 | G38: ='Resumen-DiarioHorario-Eólico'!AD132 -> 5.512 | H38: ='Resumen-DiarioHorario-Eólico'!AD189 -> 5.6538333 | I38: ='Resumen-DiarioHorario-Eólico'!AD246 -> 41.632833 | J38: ='Resumen-DiarioHorario-Eólico'!AD303 -> 156.7615 | K38: ='Resumen-DiarioHorario-Eólico'!AD360 -> 26.170833 | L38: ='Resumen-DiarioHorario-Eólico'!AD417 -> 18.983333 | M38: ='Resumen-DiarioHorario-Eólico'!AD474 -> 0.222 | N38: ='Resumen-DiarioHorario-Eólico'!AD531 -> 47.200167 | O38: ='Resumen-DiarioHorario-Eólico'!AD588 -> 0 | P38: ='Resumen-DiarioHorario-Eólico'!AD645 -> 83.1685 | Q38: ='Resumen-DiarioHorario-Eólico'!AD702 -> 0.52633333 | R38: ='Resumen-DiarioHorario-Eólico'!AD759 -> 8.8158333 | S38: ='Resumen-DiarioHorario-Eólico'!AD816 -> 2.0835 | T38: ='Resumen-DiarioHorario-Eólico'!AD873 -> 19.1795 | U38: ='Resumen-DiarioHorario-Eólico'!AD930 -> 21.141667 | V38: ='Resumen-DiarioHorario-Eólico'!AD987 -> 38.271167 | W38: ='Resumen-DiarioHorario-Eólico'!AD1044 -> 43.6865 | X38: ='Resumen-DiarioHorario-Eólico'!AD1101 -> 4.3631667 | Y38: ='Resumen-DiarioHorario-Eólico'!AD1158 -> 0 | Z38: ='Resumen-DiarioHorario-Eólico'!AD1215 -> 0.0011666667 | AA38: ='Resumen-DiarioHorario-Eólico'!AD1272 -> 0 | AB38: ='Resumen-DiarioHorario-Eólico'!AD1329 -> 63.464 | AC38: ='Resumen-DiarioHorario-Eólico'!AD1386 -> 561.784 | AD38: ='Resumen-DiarioHorario-Eólico'!AD1443 -> 253.337 | AE38: ='Resumen-DiarioHorario-Eólico'!AD1500 -> 184.45717 | AF38: ='Resumen-DiarioHorario-Eólico'!AD1556 -> 0 | AG38: ='Resumen-DiarioHorario-Eólico'!AD1612 -> 0 | AH38: =+'Resumen-DiarioHorario-Eólico'!AD1668 -> 4.5465 | AI38: =+'Resumen-DiarioHorario-Eólico'!AD1724 -> 0 | AK38: =SUM(E38:AI38) -> 1864.5977
B39: PE-PUNTACOLORADA | E39: ='Resumen-DiarioHorario-Eólico'!AD19 -> 0 | F39: ='Resumen-DiarioHorario-Eólico'!AD76 -> 0 | G39: ='Resumen-DiarioHorario-Eólico'!AD133 -> 0 | H39: ='Resumen-DiarioHorario-Eólico'!AD190 -> 0 | I39: ='Resumen-DiarioHorario-Eólico'!AD247 -> 0 | J39: ='Resumen-DiarioHorario-Eólico'!AD304 -> 0 | K39: ='Resumen-DiarioHorario-Eólico'!AD361 -> 0 | L39: ='Resumen-DiarioHorario-Eólico'!AD418 -> 0 | M39: ='Resumen-DiarioHorario-Eólico'!AD475 -> 0 | N39: ='Resumen-DiarioHorario-Eólico'!AD532 -> 0 | O39: ='Resumen-DiarioHorario-Eólico'!AD589 -> 0 | P39: ='Resumen-DiarioHorario-Eólico'!AD646 -> 0 | Q39: ='Resumen-DiarioHorario-Eólico'!AD703 -> 0 | R39: ='Resumen-DiarioHorario-Eólico'!AD760 -> 0 | S39: ='Resumen-DiarioHorario-Eólico'!AD817 -> 0 | T39: ='Resumen-DiarioHorario-Eólico'!AD874 -> 0 | U39: ='Resumen-DiarioHorario-Eólico'!AD931 -> 0 | V39: ='Resumen-DiarioHorario-Eólico'!AD988 -> 0 | W39: ='Resumen-DiarioHorario-Eólico'!AD1045 -> 0 | X39: ='Resumen-DiarioHorario-Eólico'!AD1102 -> 0 | Y39: ='Resumen-DiarioHorario-Eólico'!AD1159 -> 0 | Z39: ='Resumen-DiarioHorario-Eólico'!AD1216 -> 0 | AA39: ='Resumen-DiarioHorario-Eólico'!AD1273 -> 0 | AB39: ='Resumen-DiarioHorario-Eólico'!AD1330 -> 0 | AC39: ='Resumen-DiarioHorario-Eólico'!AD1387 -> 0 | AD39: ='Resumen-DiarioHorario-Eólico'!AD1444 -> 0 | AE39: ='Resumen-DiarioHorario-Eólico'!AD1501 -> 0 | AF39: ='Resumen-DiarioHorario-Eólico'!AD1557 -> 0 | AG39: ='Resumen-DiarioHorario-Eólico'!AD1613 -> 0 | AH39: =+'Resumen-DiarioHorario-Eólico'!AD1669 -> 0 | AI39: =+'Resumen-DiarioHorario-Eólico'!AD1725 -> 0 | AK39: =SUM(E39:AI39) -> 0
... B72: PE-ATACAMA | E72: ='Resumen-DiarioHorario-Eólico'!AD52 -> 36.717333 | F72: ='Resumen-DiarioHorario-Eólico'!AD109 -> 460.93433 | G72: ='Resumen-DiarioHorario-Eólico'!AD166 -> 31.017167 | H72: ='Resumen-DiarioHorario-Eólico'!AD223 -> 40.8785 | I72: ='Resumen-DiarioHorario-Eólico'!AD280 -> 75.484 | J72: ='Resumen-DiarioHorario-Eólico'!AD337 -> 562.1945 | K72: ='Resumen-DiarioHorario-Eólico'!AD394 -> 356.09317 | L72: ='Resumen-DiarioHorario-Eólico'!AD451 -> 70.007167 | M72: ='Resumen-DiarioHorario-Eólico'!AD508 -> 4.599 | N72: ='Resumen-DiarioHorario-Eólico'!AD565 -> 542.719 | O72: ='Resumen-DiarioHorario-Eólico'!AD622 -> 522.13583 | P72: ='Resumen-DiarioHorario-Eólico'!AD679 -> 273.69133 | Q72: ='Resumen-DiarioHorario-Eólico'!AD736 -> 279.0275 | R72: ='Resumen-DiarioHorario-Eólico'!AD793 -> 102.03467 | S72: ='Resumen-DiarioHorario-Eólico'!AD850 -> 81.052 | T72: ='Resumen-DiarioHorario-Eólico'!AD907 -> 132.6205 | U72: ='Resumen-DiarioHorario-Eólico'!AD964 -> 198.53117 | V72: ='Resumen-DiarioHorario-Eólico'!AD1021 -> 22.444167 | W72: ='Resumen-DiarioHorario-Eólico'!AD1078 -> 1.834 | X72: ='Resumen-DiarioHorario-Eólico'!AD1135 -> 162.638 | Y72: ='Resumen-DiarioHorario-Eólico'!AD1192 -> 0 | Z72: ='Resumen-DiarioHorario-Eólico'!AD1249 -> 0.206 | AA72: ='Resumen-DiarioHorario-Eólico'!AD1306 -> 36.8085 | AB72: ='Resumen-DiarioHorario-Eólico'!AD1363 -> 319.393 | AC72: ='Resumen-DiarioHorario-Eólico'!AD1420 -> 722.85683 | AD72: ='Resumen-DiarioHorario-Eólico'!AD1477 -> 692.131 | AE72: ='Resumen-DiarioHorario-Eólico'!AD1534 -> 256.03367 | AF72: ='Resumen-DiarioHorario-Eólico'!AD1590 -> 22.579167 | AG72: ='Resumen-DiarioHorario-Eólico'!AD1646 -> 0 | AH72: =+'Resumen-DiarioHorario-Eólico'!AD1702 -> 2.6008333 | AI72: =+'Resumen-DiarioHorario-Eólico'!AD1758 -> 0 | AK72: =SUM(E72:AI72) -> 6009.2623
B73: PE-LACABANA | D73: † | E73: ='Resumen-DiarioHorario-Eólico'!AD53 -> 204.39667 | F73: ='Resumen-DiarioHorario-Eólico'!AD110 -> 0.27083333 | G73: ='Resumen-DiarioHorario-Eólico'!AD167 -> 131.84167 | H73: ='Resumen-DiarioHorario-Eólico'!AD224 -> 0 | I73: ='Resumen-DiarioHorario-Eólico'!AD281 -> 0 | J73: ='Resumen-DiarioHorario-Eólico'!AD338 -> 0 | K73: ='Resumen-DiarioHorario-Eólico'!AD395 -> 0 | L73: ='Resumen-DiarioHorario-Eólico'!AD452 -> 0 | M73: ='Resumen-DiarioHorario-Eólico'!AD509 -> 0 | N73: ='Resumen-DiarioHorario-Eólico'!AD566 -> 0 | O73: ='Resumen-DiarioHorario-Eólico'!AD623 -> 0 | P73: ='Resumen-DiarioHorario-Eólico'!AD680 -> 0 | Q73: ='Resumen-DiarioHorario-Eólico'!AD737 -> 0 | R73: ='Resumen-DiarioHorario-Eólico'!AD794 -> 0 | S73: ='Resumen-DiarioHorario-Eólico'!AD851 -> 0 | T73: ='Resumen-DiarioHorario-Eólico'!AD908 -> 0 | U73: ='Resumen-DiarioHorario-Eólico'!AD965 -> 0 | V73: ='Resumen-DiarioHorario-Eólico'!AD1022 -> 38.936833 | W73: ='Resumen-DiarioHorario-Eólico'!AD1079 -> 8.0235 | X73: ='Resumen-DiarioHorario-Eólico'!AD1136 -> 0 | Y73: ='Resumen-DiarioHorario-Eólico'!AD1193 -> 0 | Z73: ='Resumen-DiarioHorario-Eólico'!AD1250 -> 11.479167 | AA73: ='Resumen-DiarioHorario-Eólico'!AD1307 -> 0 | AB73: ='Resumen-DiarioHorario-Eólico'!AD1364 -> 0 | AC73: ='Resumen-DiarioHorario-Eólico'!AD1421 -> 0 | AD73: ='Resumen-DiarioHorario-Eólico'!AD1478 -> 0 | AE73: ='Resumen-DiarioHorario-Eólico'!AD1535 -> 0 | AF73: ='Resumen-DiarioHorario-Eólico'!AD1591 -> 0 | AG73: ='Resumen-DiarioHorario-Eólico'!AD1647 -> 0 | AH73: =+'Resumen-DiarioHorario-Eólico'!AD1703 -> 0 | AI73: =+'Resumen-DiarioHorario-Eólico'!AD1759 -> 0 | AK73: =SUM(E73:AI73) -> 394.94867
B74: PE-SANMATIAS | E74: ='Resumen-DiarioHorario-Eólico'!AD54 -> 104.44933 | F74: ='Resumen-DiarioHorario-Eólico'!AD111 -> 6.0428333 | G74: ='Resumen-DiarioHorario-Eólico'!AD168 -> 53.842 | H74: ='Resumen-DiarioHorario-Eólico'!AD225 -> 0.056333333 | I74: ='Resumen-DiarioHorario-Eólico'!AD282 -> 0 | J74: ='Resumen-DiarioHorario-Eólico'!AD339 -> 14.063167 | K74: ='Resumen-DiarioHorario-Eólico'!AD396 -> 22.918833 | L74: ='Resumen-DiarioHorario-Eólico'!AD453 -> 0 | M74: ='Resumen-DiarioHorario-Eólico'!AD510 -> 0 | N74: ='Resumen-DiarioHorario-Eólico'!AD567 -> 143.18067 | O74: ='Resumen-DiarioHorario-Eólico'!AD624 -> 0 | P74: ='Resumen-DiarioHorario-Eólico'!AD681 -> 0 | Q74: ='Resumen-DiarioHorario-Eólico'!AD738 -> 3.192 | R74: ='Resumen-DiarioHorario-Eólico'!AD795 -> 0.28016667 | S74: ='Resumen-DiarioHorario-Eólico'!AD852 -> 0.33933333 | T74: ='Resumen-DiarioHorario-Eólico'!AD909 -> 0.17616667 | U74: ='Resumen-DiarioHorario-Eólico'!AD966 -> 0 | V74: ='Resumen-DiarioHorario-Eólico'!AD1023 -> 63.430167 | W74: ='Resumen-DiarioHorario-Eólico'!AD1080 -> 25.7955 | X74: ='Resumen-DiarioHorario-Eólico'!AD1137 -> 0.080666667 | Y74: ='Resumen-DiarioHorario-Eólico'!AD1194 -> 0 | Z74: ='Resumen-DiarioHorario-Eólico'!AD1251 -> 0 | AA74: ='Resumen-DiarioHorario-Eólico'!AD1308 -> 0.48833333 | AB74: ='Resumen-DiarioHorario-Eólico'!AD1365 -> 84.218667 | AC74: ='Resumen-DiarioHorario-Eólico'!AD1422 -> 89.7575 | AD74: ='Resumen-DiarioHorario-Eólico'!AD1479 -> 182.23783 | AE74: ='Resumen-DiarioHorario-Eólico'!AD1536 -> 140.70167 | AF74: ='Resumen-DiarioHorario-Eólico'!AD1592 -> 19.255167 | AG74: ='Resumen-DiarioHorario-Eólico'!AD1648 -> 0 | AH74: =+'Resumen-DiarioHorario-Eólico'!AD1704 -> 1.887 | AI74: =+'Resumen-DiarioHorario-Eólico'!AD1760 -> 0 | AK74: =SUM(E74:AI74) -> 956.39333
B75: PE-CARDONAL | E75: ='Resumen-DiarioHorario-Eólico'!AD55 -> 9.9089 | F75: ='Resumen-DiarioHorario-Eólico'!AD112 -> 8.1089233 | G75: ='Resumen-DiarioHorario-Eólico'!AD169 -> 0.009195 | H75: ='Resumen-DiarioHorario-Eólico'!AD226 -> 0.0175 | I75: ='Resumen-DiarioHorario-Eólico'!AD283 -> 0 | J75: ='Resumen-DiarioHorario-Eólico'!AD340 -> 12.929407 | K75: ='Resumen-DiarioHorario-Eólico'!AD397 -> 0 | L75: ='Resumen-DiarioHorario-Eólico'!AD454 -> 0 | M75: ='Resumen-DiarioHorario-Eólico'!AD511 -> 0 | N75: ='Resumen-DiarioHorario-Eólico'!AD568 -> 17.304307 | O75: ='Resumen-DiarioHorario-Eólico'!AD625 -> 0 | P75: ='Resumen-DiarioHorario-Eólico'!AD682 -> 0 | Q75: ='Resumen-DiarioHorario-Eólico'!AD739 -> 0.42747833 | R75: ='Resumen-DiarioHorario-Eólico'!AD796 -> 0 | S75: ='Resumen-DiarioHorario-Eólico'!AD853 -> 0 | T75: ='Resumen-DiarioHorario-Eólico'!AD910 -> 0 | U75: ='Resumen-DiarioHorario-Eólico'!AD967 -> 0.80182833 | V75: ='Resumen-DiarioHorario-Eólico'!AD1024 -> 0.39697667 | W75: ='Resumen-DiarioHorario-Eólico'!AD1081 -> 0.017973333 | X75: ='Resumen-DiarioHorario-Eólico'!AD1138 -> 0 | Y75: ='Resumen-DiarioHorario-Eólico'!AD1195 -> 0 | Z75: ='Resumen-DiarioHorario-Eólico'!AD1252 -> 0 | AA75: ='Resumen-DiarioHorario-Eólico'!AD1309 -> 0 | AB75: ='Resumen-DiarioHorario-Eólico'!AD1366 -> 1.2822783 | AC75: ='Resumen-DiarioHorario-Eólico'!AD1423 -> 0 | AD75: ='Resumen-DiarioHorario-Eólico'!AD1480 -> 0 | AE75: ='Resumen-DiarioHorario-Eólico'!AD1537 -> 0 | AF75: ='Resumen-DiarioHorario-Eólico'!AD1593 -> 0.21189333 | AG75: ='Resumen-DiarioHorario-Eólico'!AD1649 -> 0 | AH75: =+'Resumen-DiarioHorario-Eólico'!AD1705 -> 0 | AI75: =+'Resumen-DiarioHorario-Eólico'!AD1761 -> 0 | AK75: =SUM(E75:AI75) -> 51.41666
B76: PE-CERRILLOS | E76: ='Resumen-DiarioHorario-Eólico'!AD56 -> 10.30801 | F76: ='Resumen-DiarioHorario-Eólico'!AD113 -> 9.9018067 | G76: ='Resumen-DiarioHorario-Eólico'!AD170 -> 0.00642 | H76: ='Resumen-DiarioHorario-Eólico'!AD227 -> 11.060307 | I76: ='Resumen-DiarioHorario-Eólico'!AD284 -> 0 | J76: ='Resumen-DiarioHorario-Eólico'!AD341 -> 19.536737 | K76: ='Resumen-DiarioHorario-Eólico'!AD398 -> 0 | L76: ='Resumen-DiarioHorario-Eólico'!AD455 -> 0 | M76: ='Resumen-DiarioHorario-Eólico'!AD512 -> 0 | N76: ='Resumen-DiarioHorario-Eólico'!AD569 -> 10.007107 | O76: ='Resumen-DiarioHorario-Eólico'!AD626 -> 0 | P76: ='Resumen-DiarioHorario-Eólico'!AD683 -> 4.6803033 | Q76: ='Resumen-DiarioHorario-Eólico'!AD740 -> 0.83941333 | R76: ='Resumen-DiarioHorario-Eólico'!AD797 -> 0 | S76: ='Resumen-DiarioHorario-Eólico'!AD854 -> 0 | T76: ='Resumen-DiarioHorario-Eólico'!AD911 -> 0 | U76: ='Resumen-DiarioHorario-Eólico'!AD968 -> 7.72007 | V76: ='Resumen-DiarioHorario-Eólico'!AD1025 -> 4.67174 | W76: ='Resumen-DiarioHorario-Eólico'!AD1082 -> 0.010106667 | X76: ='Resumen-DiarioHorario-Eólico'!AD1139 -> 0 | Y76: ='Resumen-DiarioHorario-Eólico'!AD1196 -> 0 | Z76: ='Resumen-DiarioHorario-Eólico'!AD1253 -> 0 | AA76: ='Resumen-DiarioHorario-Eólico'!AD1310 -> 0 | AB76: ='Resumen-DiarioHorario-Eólico'!AD1367 -> 0.11284 | AC76: ='Resumen-DiarioHorario-Eólico'!AD1424 -> 0 | AD76: ='Resumen-DiarioHorario-Eólico'!AD1481 -> 0 | AE76: ='Resumen-DiarioHorario-Eólico'!AD1538 -> 0.45289333 | AF76: ='Resumen-DiarioHorario-Eólico'!AD1594 -> 1.3843 | AG76: ='Resumen-DiarioHorario-Eólico'!AD1650 -> 0 | AH76: =+'Resumen-DiarioHorario-Eólico'!AD1706 -> 0 | AI76: =+'Resumen-DiarioHorario-Eólico'!AD1762 -> 0 | AK76: =SUM(E76:AI76) -> 80.692053
B77: PE-MANANTIALES | E77: ='Resumen-DiarioHorario-Eólico'!AD57 -> 10.664907 | F77: ='Resumen-DiarioHorario-Eólico'!AD114 -> 16.07077 | G77: ='Resumen-DiarioHorario-Eólico'!AD171 -> 3.5e-05 | H77: ='Resumen-DiarioHorario-Eólico'!AD228 -> 1.3029117 | I77: ='Resumen-DiarioHorario-Eólico'!AD285 -> 0 | J77: ='Resumen-DiarioHorario-Eólico'!AD342 -> 19.648947 | K77: ='Resumen-DiarioHorario-Eólico'!AD399 -> 0 | L77: ='Resumen-DiarioHorario-Eólico'!AD456 -> 0 | M77: ='Resumen-DiarioHorario-Eólico'!AD513 -> 0 | N77: ='Resumen-DiarioHorario-Eólico'!AD570 -> 21.701087 | O77: ='Resumen-DiarioHorario-Eólico'!AD627 -> 0 | P77: ='Resumen-DiarioHorario-Eólico'!AD684 -> 1.9628883 | Q77: ='Resumen-DiarioHorario-Eólico'!AD741 -> 0.65963333 | R77: ='Resumen-DiarioHorario-Eólico'!AD798 -> 0 | S77: ='Resumen-DiarioHorario-Eólico'!AD855 -> 0 | T77: ='Resumen-DiarioHorario-Eólico'!AD912 -> 0 | U77: ='Resumen-DiarioHorario-Eólico'!AD969 -> 5.3930167 | V77: ='Resumen-DiarioHorario-Eólico'!AD1026 -> 4.37622 | W77: ='Resumen-DiarioHorario-Eólico'!AD1083 -> 0.024253333 | X77: ='Resumen-DiarioHorario-Eólico'!AD1140 -> 0 | Y77: ='Resumen-DiarioHorario-Eólico'!AD1197 -> 0 | Z77: ='Resumen-DiarioHorario-Eólico'!AD1254 -> 0 | AA77: ='Resumen-DiarioHorario-Eólico'!AD1311 -> 0 | AB77: ='Resumen-DiarioHorario-Eólico'!AD1368 -> 1.3610967 | AC77: ='Resumen-DiarioHorario-Eólico'!AD1425 -> 0 | AD77: ='Resumen-DiarioHorario-Eólico'!AD1482 -> 0 | AE77: ='Resumen-DiarioHorario-Eólico'!AD1539 -> 0.72060333 | AF77: ='Resumen-DiarioHorario-Eólico'!AD1595 -> 0.075836667 | AG77: ='Resumen-DiarioHorario-Eólico'!AD1651 -> 0 | AH77: =+'Resumen-DiarioHorario-Eólico'!AD1707 -> 0 | AI77: =+'Resumen-DiarioHorario-Eólico'!AD1763 -> 0 | AK77: =SUM(E77:AI77) -> 83.962205
B78: PE-KALLPA | E78: ='Resumen-DiarioHorario-Eólico'!AD58 -> 0 | F78: ='Resumen-DiarioHorario-Eólico'!AD115 -> 0 | G78: ='Resumen-DiarioHorario-Eólico'!AD172 -> 0 | H78: ='Resumen-DiarioHorario-Eólico'!AD229 -> 0 | I78: ='Resumen-DiarioHorario-Eólico'!AD286 -> 0 | J78: ='Resumen-DiarioHorario-Eólico'!AD343 -> 0 | K78: ='Resumen-DiarioHorario-Eólico'!AD400 -> 0 | L78: ='Resumen-DiarioHorario-Eólico'!AD457 -> 0 | M78: ='Resumen-DiarioHorario-Eólico'!AD514 -> 0 | N78: ='Resumen-DiarioHorario-Eólico'!AD571 -> 512.0045 | O78: ='Resumen-DiarioHorario-Eólico'!AD628 -> 0 | P78: ='Resumen-DiarioHorario-Eólico'!AD685 -> 99.591167 | Q78: ='Resumen-DiarioHorario-Eólico'!AD742 -> 96.388 | R78: ='Resumen-DiarioHorario-Eólico'!AD799 -> 3.0988333 | S78: ='Resumen-DiarioHorario-Eólico'!AD856 -> 24.049333 | T78: ='Resumen-DiarioHorario-Eólico'!AD913 -> 0 | U78: ='Resumen-DiarioHorario-Eólico'!AD970 -> 111.408 | V78: ='Resumen-DiarioHorario-Eólico'!AD1027 -> 144.69867 | W78: ='Resumen-DiarioHorario-Eólico'!AD1084 -> 69.239 | X78: ='Resumen-DiarioHorario-Eólico'!AD1141 -> 0 | Y78: ='Resumen-DiarioHorario-Eólico'!AD1198 -> 0 | Z78: ='Resumen-DiarioHorario-Eólico'!AD1255 -> 11.634333 | AA78: ='Resumen-DiarioHorario-Eólico'!AD1312 -> 0 | AB78: ='Resumen-DiarioHorario-Eólico'!AD1369 -> 306.31283 | AC78: ='Resumen-DiarioHorario-Eólico'!AD1426 -> 0 | AD78: ='Resumen-DiarioHorario-Eólico'!AD1483 -> 0 | AE78: ='Resumen-DiarioHorario-Eólico'!AD1540 -> 274.23833 | AF78: ='Resumen-DiarioHorario-Eólico'!AD1596 -> 44.878167 | AG78: ='Resumen-DiarioHorario-Eólico'!AD1652 -> 0 | AH78: =+'Resumen-DiarioHorario-Eólico'!AD1708 -> 0 | AI78: =+'Resumen-DiarioHorario-Eólico'!AD1764 -> 0 | AK78: =SUM(E78:AI78) -> 1697.5412
B81: DESGLOSE DIARIO DE CURTAILMENTS DE ENERGÍA SOLAR
B83: Central / Día | E83: =E26 -> 45748 | F83: =F26 -> 45749 | G83: =G26 -> 45750 | H83: =H26 -> 45751 | I83: =I26 -> 45752 | J83: =J26 -> 45753 | K83: =K26 -> 45754 | L83: =L26 -> 45755 | ... AI83: =AI26 -> - | AJ83: Total
B84: Total | E84: =SUM(E85:E155) -> 6952.9857 | F84: =SUM(F85:F155) -> 5282.4704 | G84: =SUM(G85:G155) -> 9749.4036 | H84: =SUM(H85:H155) -> 3289.8569 | I84: =SUM(I85:I155) -> 2302.0297 | J84: =SUM(J85:J155) -> 9598.8184 | K84: =SUM(K85:K155) -> 15858.613 | L84: =SUM(L85:L155) -> 14126.187 | ... AI84: =SUM(AI85:AI155) -> 0 | AJ84: =SUM(AK85:AK155) -> 266285.83
B85: PFV-POZOALMONTE-2 | E85: ='Resumen-DiarioHorario-Solar'!AD8 -> 0.51366667 | F85: ='Resumen-DiarioHorario-Solar'!AD85 -> 0.4505 | G85: ='Resumen-DiarioHorario-Solar'!AD162 -> 5.1751667 | H85: ='Resumen-DiarioHorario-Solar'!AD239 -> 0.41816667 | I85: ='Resumen-DiarioHorario-Solar'!AD316 -> 0.0635 | J85: ='Resumen-DiarioHorario-Solar'!AD393 -> 4.4925 | K85: ='Resumen-DiarioHorario-Solar'!AD470 -> 0 | L85: ='Resumen-DiarioHorario-Solar'!AD547 -> 0 | M85: ='Resumen-DiarioHorario-Solar'!AD624 -> 0.27066667 | N85: ='Resumen-DiarioHorario-Solar'!AD701 -> 3.611 | O85: ='Resumen-DiarioHorario-Solar'!AD778 -> 0 | P85: ='Resumen-DiarioHorario-Solar'!AD855 -> 1.0541667 | Q85: ='Resumen-DiarioHorario-Solar'!AD932 -> 0.40283333 | R85: ='Resumen-DiarioHorario-Solar'!AD1009 -> 0.11116667 | S85: ='Resumen-DiarioHorario-Solar'!AD1086 -> 0.0265 | T85: ='Resumen-DiarioHorario-Solar'!AD1163 -> 0.33416667 | U85: ='Resumen-DiarioHorario-Solar'!AD1240 -> 0.10083333 | V85: ='Resumen-DiarioHorario-Solar'!AD1317 -> 0.99566667 | W85: ='Resumen-DiarioHorario-Solar'!AD1394 -> 5.057 | X85: ='Resumen-DiarioHorario-Solar'!AD1471 -> 3.1531667 | Y85: ='Resumen-DiarioHorario-Solar'!AD1548 -> 0 | Z85: ='Resumen-DiarioHorario-Solar'!AD1625 -> 0.84883333 | AA85: ='Resumen-DiarioHorario-Solar'!AD1702 -> 0 | AB85: ='Resumen-DiarioHorario-Solar'!AD1779 -> 0.87016667 | AC85: ='Resumen-DiarioHorario-Solar'!AD1856 -> 1.374 | AD85: ='Resumen-DiarioHorario-Solar'!AD1933 -> 5.8775 | AE85: ='Resumen-DiarioHorario-Solar'!AD2010 -> 5.1623333 | AF85: ='Resumen-DiarioHorario-Solar'!AD2087 -> 0.67966667 | AG85: ='Resumen-DiarioHorario-Solar'!AD2164 -> 0 | AH85: ='Resumen-DiarioHorario-Solar'!AD2241 -> 0.38416667 | AI85: =+'Resumen-DiarioHorario-Solar'!AD2318 -> 0 | AK85: =SUM(E85:AI85) -> 41.427333
B86: PFV-POZOALMONTE-3 | E86: ='Resumen-DiarioHorario-Solar'!AD9 -> 1.9911667 | F86: ='Resumen-DiarioHorario-Solar'!AD86 -> 0 | G86: ='Resumen-DiarioHorario-Solar'!AD163 -> 12.408667 | H86: ='Resumen-DiarioHorario-Solar'!AD240 -> 0.016666667 | I86: ='Resumen-DiarioHorario-Solar'!AD317 -> 0 | J86: ='Resumen-DiarioHorario-Solar'!AD394 -> 12.662833 | K86: ='Resumen-DiarioHorario-Solar'!AD471 -> 72.1275 | L86: ='Resumen-DiarioHorario-Solar'!AD548 -> 67.149 | M86: ='Resumen-DiarioHorario-Solar'!AD625 -> 40.709833 | N86: ='Resumen-DiarioHorario-Solar'!AD702 -> 19.9875 | O86: ='Resumen-DiarioHorario-Solar'!AD779 -> 29.535 | P86: ='Resumen-DiarioHorario-Solar'!AD856 -> 33.164833 | Q86: ='Resumen-DiarioHorario-Solar'!AD933 -> 34.0155 | R86: ='Resumen-DiarioHorario-Solar'!AD1010 -> 1.415 | S86: ='Resumen-DiarioHorario-Solar'!AD1087 -> 3.4876667 | T86: ='Resumen-DiarioHorario-Solar'!AD1164 -> 10.283333 | U86: ='Resumen-DiarioHorario-Solar'!AD1241 -> 9.5231667 | V86: ='Resumen-DiarioHorario-Solar'!AD1318 -> 80.2375 | W86: ='Resumen-DiarioHorario-Solar'!AD1395 -> 54.779833 | X86: ='Resumen-DiarioHorario-Solar'!AD1472 -> 0.52916667 | Y86: ='Resumen-DiarioHorario-Solar'!AD1549 -> 0 | Z86: ='Resumen-DiarioHorario-Solar'!AD1626 -> 1.2995 | AA86: ='Resumen-DiarioHorario-Solar'!AD1703 -> 1.4078333 | AB86: ='Resumen-DiarioHorario-Solar'!AD1780 -> 14.943333 | AC86: ='Resumen-DiarioHorario-Solar'!AD1857 -> 61.899167 | AD86: ='Resumen-DiarioHorario-Solar'!AD1934 -> 1.6243333 | AE86: ='Resumen-DiarioHorario-Solar'!AD2011 -> 37.313 | AF86: ='Resumen-DiarioHorario-Solar'!AD2088 -> 0.70666667 | AG86: ='Resumen-DiarioHorario-Solar'!AD2165 -> 0 | AH86: ='Resumen-DiarioHorario-Solar'!AD2242 -> 0 | AI86: =+'Resumen-DiarioHorario-Solar'!AD2319 -> 0 | AK86: =SUM(E86:AI86) -> 603.218
B87: PFV-LAHUAYCA-2 | E87: ='Resumen-DiarioHorario-Solar'!AD10 -> 44.902667 | F87: ='Resumen-DiarioHorario-Solar'!AD87 -> 46.957667 | G87: ='Resumen-DiarioHorario-Solar'!AD164 -> 87.1675 | H87: ='Resumen-DiarioHorario-Solar'!AD241 -> 31.021333 | I87: ='Resumen-DiarioHorario-Solar'!AD318 -> 25.920333 | J87: ='Resumen-DiarioHorario-Solar'!AD395 -> 57.225 | K87: ='Resumen-DiarioHorario-Solar'!AD472 -> 60.207 | L87: ='Resumen-DiarioHorario-Solar'!AD549 -> 60.099833 | M87: ='Resumen-DiarioHorario-Solar'!AD626 -> 100.212 | N87: ='Resumen-DiarioHorario-Solar'!AD703 -> 118.896 | O87: ='Resumen-DiarioHorario-Solar'!AD780 -> 122.94333 | P87: ='Resumen-DiarioHorario-Solar'!AD857 -> 122.10833 | Q87: ='Resumen-DiarioHorario-Solar'!AD934 -> 122.53833 | R87: ='Resumen-DiarioHorario-Solar'!AD1011 -> 23.801667 | S87: ='Resumen-DiarioHorario-Solar'!AD1088 -> 39.391667 | T87: ='Resumen-DiarioHorario-Solar'!AD1165 -> 83.175 | U87: ='Resumen-DiarioHorario-Solar'!AD1242 -> 61.645 | V87: ='Resumen-DiarioHorario-Solar'!AD1319 -> 121.42333 | W87: ='Resumen-DiarioHorario-Solar'!AD1396 -> 120.58667 | X87: ='Resumen-DiarioHorario-Solar'!AD1473 -> 75.72 | Y87: ='Resumen-DiarioHorario-Solar'!AD1550 -> 0 | Z87: ='Resumen-DiarioHorario-Solar'!AD1627 -> 3.855 | AA87: ='Resumen-DiarioHorario-Solar'!AD1704 -> 17.856667 | AB87: ='Resumen-DiarioHorario-Solar'!AD1781 -> 98.298333 | AC87: ='Resumen-DiarioHorario-Solar'!AD1858 -> 122.09667 | AD87: ='Resumen-DiarioHorario-Solar'!AD1935 -> 122.32 | AE87: ='Resumen-DiarioHorario-Solar'!AD2012 -> 121.42 | AF87: ='Resumen-DiarioHorario-Solar'!AD2089 -> 35.483333 | AG87: ='Resumen-DiarioHorario-Solar'!AD2166 -> 0 | AH87: ='Resumen-DiarioHorario-Solar'!AD2243 -> 3.843 | AI87: =+'Resumen-DiarioHorario-Solar'!AD2320 -> 0 | AK87: =SUM(E87:AI87) -> 2051.1157
B88: PFV-SANTAISABEL | E88: ='Resumen-DiarioHorario-Solar'!AD11 -> 194.90283 | F88: ='Resumen-DiarioHorario-Solar'!AD88 -> 193.057 | G88: ='Resumen-DiarioHorario-Solar'!AD165 -> 242.83883 | H88: ='Resumen-DiarioHorario-Solar'!AD242 -> 155.4045 | I88: ='Resumen-DiarioHorario-Solar'!AD319 -> 57.437 | J88: ='Resumen-DiarioHorario-Solar'!AD396 -> 338.80183 | K88: ='Resumen-DiarioHorario-Solar'!AD473 -> 40.777167 | L88: ='Resumen-DiarioHorario-Solar'!AD550 -> 0 | M88: ='Resumen-DiarioHorario-Solar'!AD627 -> 414.891 | N88: ='Resumen-DiarioHorario-Solar'!AD704 -> 155.448 | O88: ='Resumen-DiarioHorario-Solar'!AD781 -> 384.036 | P88: ='Resumen-DiarioHorario-Solar'!AD858 -> 312.90033 | Q88: ='Resumen-DiarioHorario-Solar'!AD935 -> 352.18883 | R88: ='Resumen-DiarioHorario-Solar'!AD1012 -> 18.159333 | S88: ='Resumen-DiarioHorario-Solar'!AD1089 -> 102.93517 | T88: ='Resumen-DiarioHorario-Solar'!AD1166 -> 225.323 | U88: ='Resumen-DiarioHorario-Solar'!AD1243 -> 138.51833 | V88: ='Resumen-DiarioHorario-Solar'!AD1320 -> 498.603 | W88: ='Resumen-DiarioHorario-Solar'!AD1397 -> 417.11567 | X88: ='Resumen-DiarioHorario-Solar'!AD1474 -> 224.66617 | Y88: ='Resumen-DiarioHorario-Solar'!AD1551 -> 0 | Z88: ='Resumen-DiarioHorario-Solar'!AD1628 -> 9.0445 | AA88: ='Resumen-DiarioHorario-Solar'!AD1705 -> 25.0235 | AB88: ='Resumen-DiarioHorario-Solar'!AD1782 -> 147.85383 | AC88: ='Resumen-DiarioHorario-Solar'!AD1859 -> 602.37467 | AD88: ='Resumen-DiarioHorario-Solar'!AD1936 -> 532.19167 | AE88: ='Resumen-DiarioHorario-Solar'!AD2013 -> 521.5225 | AF88: ='Resumen-DiarioHorario-Solar'!AD2090 -> 28.808833 | AG88: ='Resumen-DiarioHorario-Solar'!AD2167 -> 0 | AH88: ='Resumen-DiarioHorario-Solar'!AD2244 -> 10.144833 | AI88: =+'Resumen-DiarioHorario-Solar'!AD2321 -> 0 | AK88: =SUM(E88:AI88) -> 6344.9683
B89: PFV-HUATACONDO | E89: ='Resumen-DiarioHorario-Solar'!AD12 -> 0 | F89: ='Resumen-DiarioHorario-Solar'!AD89 -> 0 | G89: ='Resumen-DiarioHorario-Solar'!AD166 -> 0 | H89: ='Resumen-DiarioHorario-Solar'!AD243 -> 0 | I89: ='Resumen-DiarioHorario-Solar'!AD320 -> 0 | J89: ='Resumen-DiarioHorario-Solar'!AD397 -> 0 | K89: ='Resumen-DiarioHorario-Solar'!AD474 -> 0 | L89: ='Resumen-DiarioHorario-Solar'!AD551 -> 0 | M89: ='Resumen-DiarioHorario-Solar'!AD628 -> 0 | N89: ='Resumen-DiarioHorario-Solar'!AD705 -> 0 | O89: ='Resumen-DiarioHorario-Solar'!AD782 -> 0 | P89: ='Resumen-DiarioHorario-Solar'!AD859 -> 0 | Q89: ='Resumen-DiarioHorario-Solar'!AD936 -> 0 | R89: ='Resumen-DiarioHorario-Solar'!AD1013 -> 0 | S89: ='Resumen-DiarioHorario-Solar'!AD1090 -> 0 | T89: ='Resumen-DiarioHorario-Solar'!AD1167 -> 0 | U89: ='Resumen-DiarioHorario-Solar'!AD1244 -> 0 | V89: ='Resumen-DiarioHorario-Solar'!AD1321 -> 185.25983 | W89: ='Resumen-DiarioHorario-Solar'!AD1398 -> 103.64617 | X89: ='Resumen-DiarioHorario-Solar'!AD1475 -> 29.371 | Y89: ='Resumen-DiarioHorario-Solar'!AD1552 -> 0 | Z89: ='Resumen-DiarioHorario-Solar'!AD1629 -> 9.9016667 | AA89: ='Resumen-DiarioHorario-Solar'!AD1706 -> 0 | AB89: ='Resumen-DiarioHorario-Solar'!AD1783 -> 0 | AC89: ='Resumen-DiarioHorario-Solar'!AD1860 -> 0 | AD89: ='Resumen-DiarioHorario-Solar'!AD1937 -> 0 | AE89: ='Resumen-DiarioHorario-Solar'!AD2014 -> 0 | AF89: ='Resumen-DiarioHorario-Solar'!AD2091 -> 0 | AG89: ='Resumen-DiarioHorario-Solar'!AD2168 -> 0 | AH89: ='Resumen-DiarioHorario-Solar'!AD2245 -> 0 | AI89: =+'Resumen-DiarioHorario-Solar'!AD2322 -> 0 | AK89: =SUM(E89:AI89) -> 328.17867
B90: PFV-ATACAMASOLAR-2 | E90: ='Resumen-DiarioHorario-Solar'!AD13 -> 231.624 | F90: ='Resumen-DiarioHorario-Solar'!AD90 -> 460.27517 | G90: ='Resumen-DiarioHorario-Solar'!AD167 -> 530.88183 | H90: ='Resumen-DiarioHorario-Solar'!AD244 -> 100.33517 | I90: ='Resumen-DiarioHorario-Solar'!AD321 -> 10.156833 | J90: ='Resumen-DiarioHorario-Solar'!AD398 -> 171.95617 | K90: ='Resumen-DiarioHorario-Solar'!AD475 -> 383.21967 | L90: ='Resumen-DiarioHorario-Solar'!AD552 -> 317.13 | M90: ='Resumen-DiarioHorario-Solar'!AD629 -> 902.14217 | N90: ='Resumen-DiarioHorario-Solar'!AD706 -> 891.14017 | O90: ='Resumen-DiarioHorario-Solar'!AD783 -> 1022.8233 | P90: ='Resumen-DiarioHorario-Solar'!AD860 -> 989.9765 | Q90: ='Resumen-DiarioHorario-Solar'!AD937 -> 907.55967 | R90: ='Resumen-DiarioHorario-Solar'!AD1014 -> 202.02817 | S90: ='Resumen-DiarioHorario-Solar'!AD1091 -> 363.18333 | T90: ='Resumen-DiarioHorario-Solar'!AD1168 -> 667.41783 | U90: ='Resumen-DiarioHorario-Solar'!AD1245 -> 467.781 | V90: ='Resumen-DiarioHorario-Solar'!AD1322 -> 1041.9952 | W90: ='Resumen-DiarioHorario-Solar'!AD1399 -> 963.01283 | X90: ='Resumen-DiarioHorario-Solar'!AD1476 -> 409.85817 | Y90: ='Resumen-DiarioHorario-Solar'!AD1553 -> 0 | Z90: ='Resumen-DiarioHorario-Solar'!AD1630 -> 35.363 | AA90: ='Resumen-DiarioHorario-Solar'!AD1707 -> 0.077666667 | AB90: ='Resumen-DiarioHorario-Solar'!AD1784 -> 84.666167 | AC90: ='Resumen-DiarioHorario-Solar'!AD1861 -> 415.99967 | AD90: ='Resumen-DiarioHorario-Solar'!AD1938 -> 438.32133 | AE90: ='Resumen-DiarioHorario-Solar'!AD2015 -> 276.64033 | AF90: ='Resumen-DiarioHorario-Solar'!AD2092 -> 11.719 | AG90: ='Resumen-DiarioHorario-Solar'!AD2169 -> 0 | AH90: ='Resumen-DiarioHorario-Solar'!AD2246 -> 5.0081667 | AI90: =+'Resumen-DiarioHorario-Solar'!AD2323 -> 0 | AK90: =SUM(E90:AI90) -> 12302.292
B91: PFV-NUEVOQUILLAGUA | D91: † | E91: ='Resumen-DiarioHorario-Solar'!AD14 -> 0 | F91: ='Resumen-DiarioHorario-Solar'!AD91 -> 0 | G91: ='Resumen-DiarioHorario-Solar'!AD168 -> 0 | H91: ='Resumen-DiarioHorario-Solar'!AD245 -> 0 | I91: ='Resumen-DiarioHorario-Solar'!AD322 -> 0 | J91: ='Resumen-DiarioHorario-Solar'!AD399 -> 0 | K91: ='Resumen-DiarioHorario-Solar'!AD476 -> 0 | L91: ='Resumen-DiarioHorario-Solar'!AD553 -> 0 | M91: ='Resumen-DiarioHorario-Solar'!AD630 -> 94.52 | N91: ='Resumen-DiarioHorario-Solar'!AD707 -> 69.903333 | O91: ='Resumen-DiarioHorario-Solar'!AD784 -> 90.1775 | P91: ='Resumen-DiarioHorario-Solar'!AD861 -> 90.951667 | Q91: ='Resumen-DiarioHorario-Solar'!AD938 -> 105.585 | R91: ='Resumen-DiarioHorario-Solar'!AD1015 -> 44.186667 | S91: ='Resumen-DiarioHorario-Solar'!AD1092 -> 46.436667 | T91: ='Resumen-DiarioHorario-Solar'!AD1169 -> 31.195167 | U91: ='Resumen-DiarioHorario-Solar'!AD1246 -> 41.32 | V91: ='Resumen-DiarioHorario-Solar'!AD1323 -> 112.35067 | W91: ='Resumen-DiarioHorario-Solar'!AD1400 -> 97.744 | X91: ='Resumen-DiarioHorario-Solar'!AD1477 -> 121.47667 | Y91: ='Resumen-DiarioHorario-Solar'!AD1554 -> 0 | Z91: ='Resumen-DiarioHorario-Solar'!AD1631 -> 0 | AA91: ='Resumen-DiarioHorario-Solar'!AD1708 -> 38.581667 | AB91: ='Resumen-DiarioHorario-Solar'!AD1785 -> 41.478167 | AC91: ='Resumen-DiarioHorario-Solar'!AD1862 -> 35.93 | AD91: ='Resumen-DiarioHorario-Solar'!AD1939 -> 80.3 | AE91: ='Resumen-DiarioHorario-Solar'!AD2016 -> 144.465 | AF91: ='Resumen-DiarioHorario-Solar'!AD2093 -> 65.043333 | AG91: ='Resumen-DiarioHorario-Solar'!AD2170 -> 0 | AH91: ='Resumen-DiarioHorario-Solar'!AD2247 -> 12.523333 | AI91: =+'Resumen-DiarioHorario-Solar'!AD2324 -> 0 | AK91: =SUM(E91:AI91) -> 1364.1688
B92: PFV-GRANJA | E92: ='Resumen-DiarioHorario-Solar'!AD15 -> 85.556 | F92: ='Resumen-DiarioHorario-Solar'!AD92 -> 23.314667 | G92: ='Resumen-DiarioHorario-Solar'!AD169 -> 131.594 | H92: ='Resumen-DiarioHorario-Solar'!AD246 -> 13.932833 | I92: ='Resumen-DiarioHorario-Solar'!AD323 -> 3.297 | J92: ='Resumen-DiarioHorario-Solar'!AD400 -> 104.316 | K92: ='Resumen-DiarioHorario-Solar'!AD477 -> 364.72783 | L92: ='Resumen-DiarioHorario-Solar'!AD554 -> 204.66283 | M92: ='Resumen-DiarioHorario-Solar'!AD631 -> 289.61733 | N92: ='Resumen-DiarioHorario-Solar'!AD708 -> 102.04333 | O92: ='Resumen-DiarioHorario-Solar'!AD785 -> 239.20033 | P92: ='Resumen-DiarioHorario-Solar'!AD862 -> 180.02033 | Q92: ='Resumen-DiarioHorario-Solar'!AD939 -> 166.35167 | R92: ='Resumen-DiarioHorario-Solar'!AD1016 -> 1.4033333 | S92: ='Resumen-DiarioHorario-Solar'!AD1093 -> 11.989 | T92: ='Resumen-DiarioHorario-Solar'!AD1170 -> 32.512333 | U92: ='Resumen-DiarioHorario-Solar'!AD1247 -> 37.172167 | V92: ='Resumen-DiarioHorario-Solar'!AD1324 -> 260.58833 | W92: ='Resumen-DiarioHorario-Solar'!AD1401 -> 202.835 | X92: ='Resumen-DiarioHorario-Solar'!AD1478 -> 0.56883333 | Y92: ='Resumen-DiarioHorario-Solar'!AD1555 -> 0 | Z92: ='Resumen-DiarioHorario-Solar'!AD1632 -> 12.217333 | AA92: ='Resumen-DiarioHorario-Solar'!AD1709 -> 0.7535 | AB92: ='Resumen-DiarioHorario-Solar'!AD1786 -> 58.681167 | AC92: ='Resumen-DiarioHorario-Solar'!AD1863 -> 620.28117 | AD92: ='Resumen-DiarioHorario-Solar'!AD1940 -> 29.595833 | AE92: ='Resumen-DiarioHorario-Solar'!AD2017 -> 283.50083 | AF92: ='Resumen-DiarioHorario-Solar'!AD2094 -> 3.528 | AG92: ='Resumen-DiarioHorario-Solar'!AD2171 -> 0 | AH92: ='Resumen-DiarioHorario-Solar'!AD2248 -> 25.158167 | AI92: =+'Resumen-DiarioHorario-Solar'!AD2325 -> 0 | AK92: =SUM(E92:AI92) -> 3489.4192
B93: PFV-USYA | E93: ='Resumen-DiarioHorario-Solar'!AD16 -> 84.138167 | F93: ='Resumen-DiarioHorario-Solar'!AD93 -> 0.0185 | G93: ='Resumen-DiarioHorario-Solar'!AD170 -> 76.487833 | H93: ='Resumen-DiarioHorario-Solar'!AD247 -> 42.165667 | I93: ='Resumen-DiarioHorario-Solar'!AD324 -> 72.583833 | J93: ='Resumen-DiarioHorario-Solar'!AD401 -> 106.891 | K93: ='Resumen-DiarioHorario-Solar'!AD478 -> 180.185 | L93: ='Resumen-DiarioHorario-Solar'!AD555 -> 123.008 | M93: ='Resumen-DiarioHorario-Solar'!AD632 -> 154.75817 | N93: ='Resumen-DiarioHorario-Solar'!AD709 -> 88.102 | O93: ='Resumen-DiarioHorario-Solar'!AD786 -> 93.752333 | P93: ='Resumen-DiarioHorario-Solar'!AD863 -> 106.77033 | Q93: ='Resumen-DiarioHorario-Solar'!AD940 -> 97.4935 | R93: ='Resumen-DiarioHorario-Solar'!AD1017 -> 46.905833 | S93: ='Resumen-DiarioHorario-Solar'!AD1094 -> 20.122667 | T93: ='Resumen-DiarioHorario-Solar'!AD1171 -> 37.764 | U93: ='Resumen-DiarioHorario-Solar'!AD1248 -> 41.6935 | V93: ='Resumen-DiarioHorario-Solar'!AD1325 -> 61.634167 | W93: ='Resumen-DiarioHorario-Solar'!AD1402 -> 145.72667 | X93: ='Resumen-DiarioHorario-Solar'!AD1479 -> 1.8935 | Y93: ='Resumen-DiarioHorario-Solar'!AD1556 -> 0 | Z93: ='Resumen-DiarioHorario-Solar'!AD1633 -> 4.2825 | AA93: ='Resumen-DiarioHorario-Solar'!AD1710 -> 8.293 | AB93: ='Resumen-DiarioHorario-Solar'!AD1787 -> 109.408 | AC93: ='Resumen-DiarioHorario-Solar'!AD1864 -> 129.79533 | AD93: ='Resumen-DiarioHorario-Solar'!AD1941 -> 17.984 | AE93: ='Resumen-DiarioHorario-Solar'!AD2018 -> 62.822 | AF93: ='Resumen-DiarioHorario-Solar'!AD2095 -> 5.5668333 | AG93: ='Resumen-DiarioHorario-Solar'!AD2172 -> 3.1208333 | AH93: ='Resumen-DiarioHorario-Solar'!AD2249 -> 14.5145 | AI93: =+'Resumen-DiarioHorario-Solar'!AD2326 -> 0 | AK93: =SUM(E93:AI93) -> 1937.8817
B94: PFV-SANPEDRO-GPG | E94: ='Resumen-DiarioHorario-Solar'!AD17 -> 125.935 | F94: ='Resumen-DiarioHorario-Solar'!AD94 -> 50.260333 | G94: ='Resumen-DiarioHorario-Solar'!AD171 -> 138.15183 | H94: ='Resumen-DiarioHorario-Solar'!AD248 -> 51.470167 | I94: ='Resumen-DiarioHorario-Solar'!AD325 -> 31.712333 | J94: ='Resumen-DiarioHorario-Solar'!AD402 -> 175.58033 | K94: ='Resumen-DiarioHorario-Solar'!AD479 -> 389.66667 | L94: ='Resumen-DiarioHorario-Solar'!AD556 -> 344.1185 | M94: ='Resumen-DiarioHorario-Solar'!AD633 -> 328.13283 | N94: ='Resumen-DiarioHorario-Solar'!AD710 -> 117.53983 | O94: ='Resumen-DiarioHorario-Solar'!AD787 -> 256.66933 | P94: ='Resumen-DiarioHorario-Solar'!AD864 -> 223.67083 | Q94: ='Resumen-DiarioHorario-Solar'!AD941 -> 254.183 | R94: ='Resumen-DiarioHorario-Solar'!AD1018 -> 11.860167 | S94: ='Resumen-DiarioHorario-Solar'!AD1095 -> 63.0495 | T94: ='Resumen-DiarioHorario-Solar'!AD1172 -> 123.5565 | U94: ='Resumen-DiarioHorario-Solar'!AD1249 -> 81.179 | V94: ='Resumen-DiarioHorario-Solar'!AD1326 -> 372.286 | W94: ='Resumen-DiarioHorario-Solar'!AD1403 -> 291.47483 | X94: ='Resumen-DiarioHorario-Solar'!AD1480 -> 55.7665 | Y94: ='Resumen-DiarioHorario-Solar'!AD1557 -> 0 | Z94: ='Resumen-DiarioHorario-Solar'!AD1634 -> 15.7425 | AA94: ='Resumen-DiarioHorario-Solar'!AD1711 -> 65.299333 | AB94: ='Resumen-DiarioHorario-Solar'!AD1788 -> 141.42083 | AC94: ='Resumen-DiarioHorario-Solar'!AD1865 -> 417.145 | AD94: ='Resumen-DiarioHorario-Solar'!AD1942 -> 384.45283 | AE94: ='Resumen-DiarioHorario-Solar'!AD2019 -> 342.01117 | AF94: ='Resumen-DiarioHorario-Solar'!AD2096 -> 39.8895 | AG94: ='Resumen-DiarioHorario-Solar'!AD2173 -> 0 | AH94: ='Resumen-DiarioHorario-Solar'!AD2250 -> 11.634167 | AI94: =+'Resumen-DiarioHorario-Solar'!AD2327 -> 0 | AK94: =SUM(E94:AI94) -> 4903.8588
B95: PFV-JAMA-1 | E95: ='Resumen-DiarioHorario-Solar'!AD18 -> 118.384 | F95: ='Resumen-DiarioHorario-Solar'!AD95 -> 105.743 | G95: ='Resumen-DiarioHorario-Solar'!AD172 -> 163.412 | H95: ='Resumen-DiarioHorario-Solar'!AD249 -> 65.863667 | I95: ='Resumen-DiarioHorario-Solar'!AD326 -> 105.84433 | J95: ='Resumen-DiarioHorario-Solar'!AD403 -> 141.74017 | K95: ='Resumen-DiarioHorario-Solar'!AD480 -> 173.33633 | L95: ='Resumen-DiarioHorario-Solar'!AD557 -> 145.29383 | M95: ='Resumen-DiarioHorario-Solar'!AD634 -> 176.49033 | N95: ='Resumen-DiarioHorario-Solar'!AD711 -> 155.09433 | O95: ='Resumen-DiarioHorario-Solar'!AD788 -> 134.72 | P95: ='Resumen-DiarioHorario-Solar'!AD865 -> 106.41233 | Q95: ='Resumen-DiarioHorario-Solar'!AD942 -> 106.5125 | R95: ='Resumen-DiarioHorario-Solar'!AD1019 -> 28.805833 | S95: ='Resumen-DiarioHorario-Solar'!AD1096 -> 72.063 | T95: ='Resumen-DiarioHorario-Solar'!AD1173 -> 92.896833 | U95: ='Resumen-DiarioHorario-Solar'!AD1250 -> 46.972 | V95: ='Resumen-DiarioHorario-Solar'!AD1327 -> 119.974 | W95: ='Resumen-DiarioHorario-Solar'!AD1404 -> 201.68017 | X95: ='Resumen-DiarioHorario-Solar'!AD1481 -> 46.292833 | Y95: ='Resumen-DiarioHorario-Solar'!AD1558 -> 0 | Z95: ='Resumen-DiarioHorario-Solar'!AD1635 -> 10.983 | AA95: ='Resumen-DiarioHorario-Solar'!AD1712 -> 21.102333 | AB95: ='Resumen-DiarioHorario-Solar'!AD1789 -> 60.0035 | AC95: ='Resumen-DiarioHorario-Solar'!AD1866 -> 160.762 | AD95: ='Resumen-DiarioHorario-Solar'!AD1943 -> 142.594 | AE95: ='Resumen-DiarioHorario-Solar'!AD2020 -> 140.937 | AF95: ='Resumen-DiarioHorario-Solar'!AD2097 -> 33.566667 | AG95: ='Resumen-DiarioHorario-Solar'!AD2174 -> 0 | AH95: ='Resumen-DiarioHorario-Solar'!AD2251 -> 11.486667 | AI95: =+'Resumen-DiarioHorario-Solar'!AD2328 -> 0 | AK95: =SUM(E95:AI95) -> 2888.9667
B96: PFV-JAMA-2 | E96: ='Resumen-DiarioHorario-Solar'!AD19 -> 97.646333 | F96: ='Resumen-DiarioHorario-Solar'!AD96 -> 12.432 | G96: ='Resumen-DiarioHorario-Solar'!AD173 -> 127.1235 | H96: ='Resumen-DiarioHorario-Solar'!AD250 -> 56.735 | I96: ='Resumen-DiarioHorario-Solar'!AD327 -> 62.601167 | J96: ='Resumen-DiarioHorario-Solar'!AD404 -> 101.58967 | K96: ='Resumen-DiarioHorario-Solar'!AD481 -> 138.447 | L96: ='Resumen-DiarioHorario-Solar'!AD558 -> 128.72167 | M96: ='Resumen-DiarioHorario-Solar'!AD635 -> 142.65517 | N96: ='Resumen-DiarioHorario-Solar'!AD712 -> 123.29417 | O96: ='Resumen-DiarioHorario-Solar'!AD789 -> 120.489 | P96: ='Resumen-DiarioHorario-Solar'!AD866 -> 104.35717 | Q96: ='Resumen-DiarioHorario-Solar'!AD943 -> 102.35817 | R96: ='Resumen-DiarioHorario-Solar'!AD1020 -> 15.9255 | S96: ='Resumen-DiarioHorario-Solar'!AD1097 -> 40.1845 | T96: ='Resumen-DiarioHorario-Solar'!AD1174 -> 73.472333 | U96: ='Resumen-DiarioHorario-Solar'!AD1251 -> 41.237167 | V96: ='Resumen-DiarioHorario-Solar'!AD1328 -> 113.3425 | W96: ='Resumen-DiarioHorario-Solar'!AD1405 -> 139.86817 | X96: ='Resumen-DiarioHorario-Solar'!AD1482 -> 12.019 | Y96: ='Resumen-DiarioHorario-Solar'!AD1559 -> 0 | Z96: ='Resumen-DiarioHorario-Solar'!AD1636 -> 4.4135 | AA96: ='Resumen-DiarioHorario-Solar'!AD1713 -> 13.841333 | AB96: ='Resumen-DiarioHorario-Solar'!AD1790 -> 72.212167 | AC96: ='Resumen-DiarioHorario-Solar'!AD1867 -> 127.462 | AD96: ='Resumen-DiarioHorario-Solar'!AD1944 -> 84.845333 | AE96: ='Resumen-DiarioHorario-Solar'!AD2021 -> 106.51483 | AF96: ='Resumen-DiarioHorario-Solar'!AD2098 -> 27.322667 | AG96: ='Resumen-DiarioHorario-Solar'!AD2175 -> 0 | AH96: ='Resumen-DiarioHorario-Solar'!AD2252 -> 8.783 | AI96: =+'Resumen-DiarioHorario-Solar'!AD2329 -> 0 | AK96: =SUM(E96:AI96) -> 2199.894
B97: PFV-SOLDELDESIERTO | E97: ='Resumen-DiarioHorario-Solar'!AD20 -> 0 | F97: ='Resumen-DiarioHorario-Solar'!AD97 -> 0 | G97: ='Resumen-DiarioHorario-Solar'!AD174 -> 0 | H97: ='Resumen-DiarioHorario-Solar'!AD251 -> 0 | I97: ='Resumen-DiarioHorario-Solar'!AD328 -> 0 | J97: ='Resumen-DiarioHorario-Solar'!AD405 -> 1148.3052 | K97: ='Resumen-DiarioHorario-Solar'!AD482 -> 789.15817 | L97: ='Resumen-DiarioHorario-Solar'!AD559 -> 1384.588 | M97: ='Resumen-DiarioHorario-Solar'!AD636 -> 961.25833 | N97: ='Resumen-DiarioHorario-Solar'!AD713 -> 256.6875 | O97: ='Resumen-DiarioHorario-Solar'!AD790 -> 655.8585 | P97: ='Resumen-DiarioHorario-Solar'!AD867 -> 603.52167 | Q97: ='Resumen-DiarioHorario-Solar'!AD944 -> 682.815 | R97: ='Resumen-DiarioHorario-Solar'!AD1021 -> 22.860167 | S97: ='Resumen-DiarioHorario-Solar'!AD1098 -> 110.35133 | T97: ='Resumen-DiarioHorario-Solar'!AD1175 -> 269.82917 | U97: ='Resumen-DiarioHorario-Solar'!AD1252 -> 153.535 | V97: ='Resumen-DiarioHorario-Solar'!AD1329 -> 807.43333 | W97: ='Resumen-DiarioHorario-Solar'!AD1406 -> 669.57783 | X97: ='Resumen-DiarioHorario-Solar'!AD1483 -> 362.9005 | Y97: ='Resumen-DiarioHorario-Solar'!AD1560 -> 0 | Z97: ='Resumen-DiarioHorario-Solar'!AD1637 -> 18.316 | AA97: ='Resumen-DiarioHorario-Solar'!AD1714 -> 0.154 | AB97: ='Resumen-DiarioHorario-Solar'!AD1791 -> 240.03917 | AC97: ='Resumen-DiarioHorario-Solar'!AD1868 -> 936.41717 | AD97: ='Resumen-DiarioHorario-Solar'!AD1945 -> 801.2115 | AE97: ='Resumen-DiarioHorario-Solar'!AD2022 -> 815.6715 | AF97: ='Resumen-DiarioHorario-Solar'!AD2099 -> 123.60717 | AG97: ='Resumen-DiarioHorario-Solar'!AD2176 -> 0 | AH97: ='Resumen-DiarioHorario-Solar'!AD2253 -> 32.319833 | AI97: =+'Resumen-DiarioHorario-Solar'!AD2330 -> 0 | AK97: =SUM(E97:AI97) -> 11846.416
B98: PFV-MARIAELENA | E98: ='Resumen-DiarioHorario-Solar'!AD21 -> 92.2155 | F98: ='Resumen-DiarioHorario-Solar'!AD98 -> 28.277667 | G98: ='Resumen-DiarioHorario-Solar'!AD175 -> 107.8245 | H98: ='Resumen-DiarioHorario-Solar'!AD252 -> 126.61233 | I98: ='Resumen-DiarioHorario-Solar'!AD329 -> 32.666667 | J98: ='Resumen-DiarioHorario-Solar'!AD406 -> 140.011 | K98: ='Resumen-DiarioHorario-Solar'!AD483 -> 193.21717 | L98: ='Resumen-DiarioHorario-Solar'!AD560 -> 249.52717 | M98: ='Resumen-DiarioHorario-Solar'!AD637 -> 210.24817 | N98: ='Resumen-DiarioHorario-Solar'!AD714 -> 187.9575 | O98: ='Resumen-DiarioHorario-Solar'!AD791 -> 170.45367 | P98: ='Resumen-DiarioHorario-Solar'!AD868 -> 147.38267 | Q98: ='Resumen-DiarioHorario-Solar'!AD945 -> 148.2975 | R98: ='Resumen-DiarioHorario-Solar'!AD1022 -> 32.044 | S98: ='Resumen-DiarioHorario-Solar'!AD1099 -> 32.8815 | T98: ='Resumen-DiarioHorario-Solar'!AD1176 -> 105.891 | U98: ='Resumen-DiarioHorario-Solar'!AD1253 -> 83.408833 | V98: ='Resumen-DiarioHorario-Solar'!AD1330 -> 200.33217 | W98: ='Resumen-DiarioHorario-Solar'!AD1407 -> 186.9565 | X98: ='Resumen-DiarioHorario-Solar'!AD1484 -> 40.375833 | Y98: ='Resumen-DiarioHorario-Solar'!AD1561 -> 0 | Z98: ='Resumen-DiarioHorario-Solar'!AD1638 -> 7.4558333 | AA98: ='Resumen-DiarioHorario-Solar'!AD1715 -> 0 | AB98: ='Resumen-DiarioHorario-Solar'!AD1792 -> 1.5195 | AC98: ='Resumen-DiarioHorario-Solar'!AD1869 -> 4.8966667 | AD98: ='Resumen-DiarioHorario-Solar'!AD1946 -> 257.30417 | AE98: ='Resumen-DiarioHorario-Solar'!AD2023 -> 192.9605 | AF98: ='Resumen-DiarioHorario-Solar'!AD2100 -> 52.119833 | AG98: ='Resumen-DiarioHorario-Solar'!AD2177 -> 0 | AH98: ='Resumen-DiarioHorario-Solar'!AD2254 -> 0 | AI98: =+'Resumen-DiarioHorario-Solar'!AD2331 -> 0 | AK98: =SUM(E98:AI98) -> 3032.8378
B99: PFV-LACRUZSOLAR | E99: ='Resumen-DiarioHorario-Solar'!AD22 -> 43.6455 | F99: ='Resumen-DiarioHorario-Solar'!AD99 -> 40.003333 | G99: ='Resumen-DiarioHorario-Solar'!AD176 -> 67.9675 | H99: ='Resumen-DiarioHorario-Solar'!AD253 -> 0 | I99: ='Resumen-DiarioHorario-Solar'!AD330 -> 21.854167 | J99: ='Resumen-DiarioHorario-Solar'!AD407 -> 43.067167 | K99: ='Resumen-DiarioHorario-Solar'!AD484 -> 218.30933 | L99: ='Resumen-DiarioHorario-Solar'!AD561 -> 193.5055 | M99: ='Resumen-DiarioHorario-Solar'!AD638 -> 161.486 | N99: ='Resumen-DiarioHorario-Solar'!AD715 -> 51.287167 | O99: ='Resumen-DiarioHorario-Solar'!AD792 -> 133.4815 | P99: ='Resumen-DiarioHorario-Solar'!AD869 -> 115.94483 | Q99: ='Resumen-DiarioHorario-Solar'!AD946 -> 129.1195 | R99: ='Resumen-DiarioHorario-Solar'!AD1023 -> 3.5865 | S99: ='Resumen-DiarioHorario-Solar'!AD1100 -> 15.330333 | T99: ='Resumen-DiarioHorario-Solar'!AD1177 -> 37.893833 | U99: ='Resumen-DiarioHorario-Solar'!AD1254 -> 29.267167 | V99: ='Resumen-DiarioHorario-Solar'!AD1331 -> 177.49967 | W99: ='Resumen-DiarioHorario-Solar'!AD1408 -> 149.08317 | X99: ='Resumen-DiarioHorario-Solar'!AD1485 -> 69.386 | Y99: ='Resumen-DiarioHorario-Solar'!AD1562 -> 0 | Z99: ='Resumen-DiarioHorario-Solar'!AD1639 -> 4.0541667 | AA99: ='Resumen-DiarioHorario-Solar'!AD1716 -> 0.83183333 | AB99: ='Resumen-DiarioHorario-Solar'!AD1793 -> 55.409667 | AC99: ='Resumen-DiarioHorario-Solar'!AD1870 -> 219.451 | AD99: ='Resumen-DiarioHorario-Solar'!AD1947 -> 223.83133 | AE99: ='Resumen-DiarioHorario-Solar'!AD2024 -> 192.668 | AF99: ='Resumen-DiarioHorario-Solar'!AD2101 -> 15.338 | AG99: ='Resumen-DiarioHorario-Solar'!AD2178 -> 0 | AH99: ='Resumen-DiarioHorario-Solar'!AD2255 -> 3.0681667 | AI99: =+'Resumen-DiarioHorario-Solar'!AD2332 -> 0 | AK99: =SUM(E99:AI99) -> 2416.3703
B100: PFV-FINISTERRAE | E100: ='Resumen-DiarioHorario-Solar'!AD23 -> 196.38317 | F100: ='Resumen-DiarioHorario-Solar'!AD100 -> 72.487167 | G100: ='Resumen-DiarioHorario-Solar'!AD177 -> 289.02017 | H100: ='Resumen-DiarioHorario-Solar'!AD254 -> 111.50683 | I100: ='Resumen-DiarioHorario-Solar'!AD331 -> 45.250333 | J100: ='Resumen-DiarioHorario-Solar'!AD408 -> 151.64033 | K100: ='Resumen-DiarioHorario-Solar'!AD485 -> 806.08067 | L100: ='Resumen-DiarioHorario-Solar'!AD562 -> 638.17183 | M100: ='Resumen-DiarioHorario-Solar'!AD639 -> 586.67183 | N100: ='Resumen-DiarioHorario-Solar'!AD716 -> 154.93733 | O100: ='Resumen-DiarioHorario-Solar'!AD793 -> 458.21983 | P100: ='Resumen-DiarioHorario-Solar'!AD870 -> 353.40183 | Q100: ='Resumen-DiarioHorario-Solar'!AD947 -> 435.6055 | R100: ='Resumen-DiarioHorario-Solar'!AD1024 -> 1.0851667 | S100: ='Resumen-DiarioHorario-Solar'!AD1101 -> 55.016167 | T100: ='Resumen-DiarioHorario-Solar'!AD1178 -> 118.73467 | U100: ='Resumen-DiarioHorario-Solar'!AD1255 -> 90.788 | V100: ='Resumen-DiarioHorario-Solar'!AD1332 -> 727.28767 | W100: ='Resumen-DiarioHorario-Solar'!AD1409 -> 568.17733 | X100: ='Resumen-DiarioHorario-Solar'!AD1486 -> 233.81683 | Y100: ='Resumen-DiarioHorario-Solar'!AD1563 -> 0 | Z100: ='Resumen-DiarioHorario-Solar'!AD1640 -> 0.887 | AA100: ='Resumen-DiarioHorario-Solar'!AD1717 -> 5.4476667 | AB100: ='Resumen-DiarioHorario-Solar'!AD1794 -> 186.63283 | AC100: ='Resumen-DiarioHorario-Solar'!AD1871 -> 798.886 | AD100: ='Resumen-DiarioHorario-Solar'!AD1948 -> 798.66583 | AE100: ='Resumen-DiarioHorario-Solar'!AD2025 -> 713.878 | AF100: ='Resumen-DiarioHorario-Solar'!AD2102 -> 40.119167 | AG100: ='Resumen-DiarioHorario-Solar'!AD2179 -> 0 | AH100: ='Resumen-DiarioHorario-Solar'!AD2256 -> 13.336833 | AI100: =+'Resumen-DiarioHorario-Solar'!AD2333 -> 0 | AK100: =SUM(E100:AI100) -> 8652.136
B101: PFV-AZABACHE | E101: ='Resumen-DiarioHorario-Solar'!AD24 -> 16.047167 | F101: ='Resumen-DiarioHorario-Solar'!AD101 -> 0 | G101: ='Resumen-DiarioHorario-Solar'!AD178 -> 1.3975 | H101: ='Resumen-DiarioHorario-Solar'!AD255 -> 5.757 | I101: ='Resumen-DiarioHorario-Solar'!AD332 -> 14.6405 | J101: ='Resumen-DiarioHorario-Solar'!AD409 -> 78.335 | K101: ='Resumen-DiarioHorario-Solar'!AD486 -> 185.61433 | L101: ='Resumen-DiarioHorario-Solar'!AD563 -> 154.92133 | M101: ='Resumen-DiarioHorario-Solar'!AD640 -> 144.97433 | N101: ='Resumen-DiarioHorario-Solar'!AD717 -> 31.701 | O101: ='Resumen-DiarioHorario-Solar'!AD794 -> 105.5915 | P101: ='Resumen-DiarioHorario-Solar'!AD871 -> 97.043667 | Q101: ='Resumen-DiarioHorario-Solar'!AD948 -> 115.5795 | R101: ='Resumen-DiarioHorario-Solar'!AD1025 -> 22.440167 | S101: ='Resumen-DiarioHorario-Solar'!AD1102 -> 9.8523333 | T101: ='Resumen-DiarioHorario-Solar'!AD1179 -> 29.224 | U101: ='Resumen-DiarioHorario-Solar'!AD1256 -> 18.241667 | V101: ='Resumen-DiarioHorario-Solar'!AD1333 -> 160.446 | W101: ='Resumen-DiarioHorario-Solar'!AD1410 -> 112.371 | X101: ='Resumen-DiarioHorario-Solar'!AD1487 -> 1.0318333 | Y101: ='Resumen-DiarioHorario-Solar'!AD1564 -> 0 | Z101: ='Resumen-DiarioHorario-Solar'!AD1641 -> 23.8565 | AA101: ='Resumen-DiarioHorario-Solar'!AD1718 -> 29.596 | AB101: ='Resumen-DiarioHorario-Solar'!AD1795 -> 85.270833 | AC101: ='Resumen-DiarioHorario-Solar'!AD1872 -> 204.18783 | AD101: ='Resumen-DiarioHorario-Solar'!AD1949 -> 114.11917 | AE101: ='Resumen-DiarioHorario-Solar'!AD2026 -> 156.28283 | AF101: ='Resumen-DiarioHorario-Solar'!AD2103 -> 11.4485 | AG101: ='Resumen-DiarioHorario-Solar'!AD2180 -> 12.0255 | AH101: ='Resumen-DiarioHorario-Solar'!AD2257 -> 0 | AI101: =+'Resumen-DiarioHorario-Solar'!AD2334 -> 0 | AK101: =SUM(E101:AI101) -> 1941.997
B102: PFV-TAMAYA | E102: ='Resumen-DiarioHorario-Solar'!AD25 -> 290.45633 | F102: ='Resumen-DiarioHorario-Solar'!AD102 -> 56.6265 | G102: ='Resumen-DiarioHorario-Solar'!AD179 -> 547.82167 | H102: ='Resumen-DiarioHorario-Solar'!AD256 -> 81.452167 | I102: ='Resumen-DiarioHorario-Solar'!AD333 -> 1.0368333 | J102: ='Resumen-DiarioHorario-Solar'!AD410 -> 326.98983 | K102: ='Resumen-DiarioHorario-Solar'!AD487 -> 466.91733 | L102: ='Resumen-DiarioHorario-Solar'!AD564 -> 497.60633 | M102: ='Resumen-DiarioHorario-Solar'!AD641 -> 407.87033 | N102: ='Resumen-DiarioHorario-Solar'!AD718 -> 497.73633 | O102: ='Resumen-DiarioHorario-Solar'!AD795 -> 483.54417 | P102: ='Resumen-DiarioHorario-Solar'!AD872 -> 485.46067 | Q102: ='Resumen-DiarioHorario-Solar'!AD949 -> 515.083 | R102: ='Resumen-DiarioHorario-Solar'!AD1026 -> 121.752 | S102: ='Resumen-DiarioHorario-Solar'!AD1103 -> 184.028 | T102: ='Resumen-DiarioHorario-Solar'!AD1180 -> 435.857 | U102: ='Resumen-DiarioHorario-Solar'!AD1257 -> 356.66733 | V102: ='Resumen-DiarioHorario-Solar'!AD1334 -> 650.15133 | W102: ='Resumen-DiarioHorario-Solar'!AD1411 -> 530.87417 | X102: ='Resumen-DiarioHorario-Solar'!AD1488 -> 68.413667 | Y102: ='Resumen-DiarioHorario-Solar'!AD1565 -> 0 | Z102: ='Resumen-DiarioHorario-Solar'!AD1642 -> 4.1278333 | AA102: ='Resumen-DiarioHorario-Solar'!AD1719 -> 99.140333 | AB102: ='Resumen-DiarioHorario-Solar'!AD1796 -> 345.39317 | AC102: ='Resumen-DiarioHorario-Solar'!AD1873 -> 588.538 | AD102: ='Resumen-DiarioHorario-Solar'!AD1950 -> 549.64033 | AE102: ='Resumen-DiarioHorario-Solar'!AD2027 -> 456.78383 | AF102: ='Resumen-DiarioHorario-Solar'!AD2104 -> 147.27967 | AG102: ='Resumen-DiarioHorario-Solar'!AD2181 -> 0 | AH102: ='Resumen-DiarioHorario-Solar'!AD2258 -> 37.700333 | AI102: =+'Resumen-DiarioHorario-Solar'!AD2335 -> 0 | AK102: =SUM(E102:AI102) -> 9234.9485
B103: PFV-CERRODOMINADOR | E103: ='Resumen-DiarioHorario-Solar'!AD26 -> 0.064333333 | F103: ='Resumen-DiarioHorario-Solar'!AD103 -> 0.1075 | G103: ='Resumen-DiarioHorario-Solar'!AD180 -> 30.413 | H103: ='Resumen-DiarioHorario-Solar'!AD257 -> 1.5995 | I103: ='Resumen-DiarioHorario-Solar'!AD334 -> 4.6275 | J103: ='Resumen-DiarioHorario-Solar'!AD411 -> 88.0675 | K103: ='Resumen-DiarioHorario-Solar'!AD488 -> 214.05067 | L103: ='Resumen-DiarioHorario-Solar'!AD565 -> 172.52383 | M103: ='Resumen-DiarioHorario-Solar'!AD642 -> 118.1295 | N103: ='Resumen-DiarioHorario-Solar'!AD719 -> 32.4215 | O103: ='Resumen-DiarioHorario-Solar'!AD796 -> 14.975833 | P103: ='Resumen-DiarioHorario-Solar'!AD873 -> 116.94967 | Q103: ='Resumen-DiarioHorario-Solar'!AD950 -> 55.829333 | R103: ='Resumen-DiarioHorario-Solar'!AD1027 -> 0 | S103: ='Resumen-DiarioHorario-Solar'!AD1104 -> 1.8608333 | T103: ='Resumen-DiarioHorario-Solar'!AD1181 -> 66.670833 | U103: ='Resumen-DiarioHorario-Solar'!AD1258 -> 0.018 | V103: ='Resumen-DiarioHorario-Solar'!AD1335 -> 6.3205 | W103: ='Resumen-DiarioHorario-Solar'!AD1412 -> 201.22633 | X103: ='Resumen-DiarioHorario-Solar'!AD1489 -> 235.46833 | Y103: ='Resumen-DiarioHorario-Solar'!AD1566 -> 0 | Z103: ='Resumen-DiarioHorario-Solar'!AD1643 -> 0.12216667 | AA103: ='Resumen-DiarioHorario-Solar'!AD1720 -> 0 | AB103: ='Resumen-DiarioHorario-Solar'!AD1797 -> 17.732 | AC103: ='Resumen-DiarioHorario-Solar'!AD1874 -> 92.708 | AD103: ='Resumen-DiarioHorario-Solar'!AD1951 -> 279.4435 | AE103: ='Resumen-DiarioHorario-Solar'!AD2028 -> 68.681333 | AF103: ='Resumen-DiarioHorario-Solar'!AD2105 -> 0 | AG103: ='Resumen-DiarioHorario-Solar'!AD2182 -> 0 | AH103: ='Resumen-DiarioHorario-Solar'!AD2259 -> 0 | AI103: =+'Resumen-DiarioHorario-Solar'!AD2336 -> 0 | AK103: =SUM(E103:AI103) -> 1820.0115
... B117: PFV-CHANARES | E117: ='Resumen-DiarioHorario-Solar'!AD40 -> 103.3995 | F117: ='Resumen-DiarioHorario-Solar'!AD117 -> 37.5685 | G117: ='Resumen-DiarioHorario-Solar'!AD194 -> 93.422667 | H117: ='Resumen-DiarioHorario-Solar'!AD271 -> 38.916667 | I117: ='Resumen-DiarioHorario-Solar'!AD348 -> 38.159833 | J117: ='Resumen-DiarioHorario-Solar'!AD425 -> 45.060167 | K117: ='Resumen-DiarioHorario-Solar'!AD502 -> 169.4175 | L117: ='Resumen-DiarioHorario-Solar'!AD579 -> 146.13683 | M117: ='Resumen-DiarioHorario-Solar'!AD656 -> 149.77117 | N117: ='Resumen-DiarioHorario-Solar'!AD733 -> 82.194333 | O117: ='Resumen-DiarioHorario-Solar'!AD810 -> 163.6935 | P117: ='Resumen-DiarioHorario-Solar'!AD887 -> 112.15483 | Q117: ='Resumen-DiarioHorario-Solar'!AD964 -> 127.35967 | R117: ='Resumen-DiarioHorario-Solar'!AD1041 -> 25.730167 | S117: ='Resumen-DiarioHorario-Solar'!AD1118 -> 45.731833 | T117: ='Resumen-DiarioHorario-Solar'!AD1195 -> 57.805167 | U117: ='Resumen-DiarioHorario-Solar'!AD1272 -> 45.650667 | V117: ='Resumen-DiarioHorario-Solar'!AD1349 -> 182.58617 | W117: ='Resumen-DiarioHorario-Solar'!AD1426 -> 134.54917 | X117: ='Resumen-DiarioHorario-Solar'!AD1503 -> 82.678333 | Y117: ='Resumen-DiarioHorario-Solar'!AD1580 -> 0 | Z117: ='Resumen-DiarioHorario-Solar'!AD1657 -> 7.4336667 | AA117: ='Resumen-DiarioHorario-Solar'!AD1734 -> 5.0911667 | AB117: ='Resumen-DiarioHorario-Solar'!AD1811 -> 101.1685 | AC117: ='Resumen-DiarioHorario-Solar'!AD1888 -> 206.79967 | AD117: ='Resumen-DiarioHorario-Solar'!AD1965 -> 201.629 | AE117: ='Resumen-DiarioHorario-Solar'!AD2042 -> 180.675 | AF117: ='Resumen-DiarioHorario-Solar'!AD2119 -> 42.0065 | AG117: ='Resumen-DiarioHorario-Solar'!AD2196 -> 0 | AH117: ='Resumen-DiarioHorario-Solar'!AD2273 -> 13.547 | AI117: =+'Resumen-DiarioHorario-Solar'!AD2350 -> 0 | AK117: =SUM(E117:AI117) -> 2640.3372
B118: PFV-SALVADOR | D118: † | E118: ='Resumen-DiarioHorario-Solar'!AD41 -> 0 | F118: ='Resumen-DiarioHorario-Solar'!AD118 -> 0 | G118: ='Resumen-DiarioHorario-Solar'!AD195 -> 0 | H118: ='Resumen-DiarioHorario-Solar'!AD272 -> 0 | I118: ='Resumen-DiarioHorario-Solar'!AD349 -> 0 | J118: ='Resumen-DiarioHorario-Solar'!AD426 -> 0 | K118: ='Resumen-DiarioHorario-Solar'!AD503 -> 0 | L118: ='Resumen-DiarioHorario-Solar'!AD580 -> 0 | M118: ='Resumen-DiarioHorario-Solar'!AD657 -> 0 | N118: ='Resumen-DiarioHorario-Solar'!AD734 -> 0 | O118: ='Resumen-DiarioHorario-Solar'!AD811 -> 0 | P118: ='Resumen-DiarioHorario-Solar'!AD888 -> 0 | Q118: ='Resumen-DiarioHorario-Solar'!AD965 -> 0 | R118: ='Resumen-DiarioHorario-Solar'!AD1042 -> 0 | S118: ='Resumen-DiarioHorario-Solar'!AD1119 -> 0 | T118: ='Resumen-DiarioHorario-Solar'!AD1196 -> 0 | U118: ='Resumen-DiarioHorario-Solar'!AD1273 -> 0 | V118: ='Resumen-DiarioHorario-Solar'!AD1350 -> 0 | W118: ='Resumen-DiarioHorario-Solar'!AD1427 -> 0 | X118: ='Resumen-DiarioHorario-Solar'!AD1504 -> 0 | Y118: ='Resumen-DiarioHorario-Solar'!AD1581 -> 0 | Z118: ='Resumen-DiarioHorario-Solar'!AD1658 -> 0 | AA118: ='Resumen-DiarioHorario-Solar'!AD1735 -> 0 | AB118: ='Resumen-DiarioHorario-Solar'!AD1812 -> 0 | AC118: ='Resumen-DiarioHorario-Solar'!AD1889 -> 0 | AD118: ='Resumen-DiarioHorario-Solar'!AD1966 -> 0 | AE118: ='Resumen-DiarioHorario-Solar'!AD2043 -> 0 | AF118: ='Resumen-DiarioHorario-Solar'!AD2120 -> 0 | AG118: ='Resumen-DiarioHorario-Solar'!AD2197 -> 0 | AH118: ='Resumen-DiarioHorario-Solar'!AD2274 -> 0 | AI118: =+'Resumen-DiarioHorario-Solar'!AD2351 -> 0 | AK118: =SUM(E118:AI118) -> 0
B119: PFV-DIEGODEALMAGRO | E119: ='Resumen-DiarioHorario-Solar'!AD42 -> 13.559167 | F119: ='Resumen-DiarioHorario-Solar'!AD119 -> 4.0506667 | G119: ='Resumen-DiarioHorario-Solar'!AD196 -> 5.9248333 | H119: ='Resumen-DiarioHorario-Solar'!AD273 -> 1.7411667 | I119: ='Resumen-DiarioHorario-Solar'!AD350 -> 0.67683333 | J119: ='Resumen-DiarioHorario-Solar'!AD427 -> 3.5916667 | K119: ='Resumen-DiarioHorario-Solar'!AD504 -> 32.616333 | L119: ='Resumen-DiarioHorario-Solar'!AD581 -> 23.976333 | M119: ='Resumen-DiarioHorario-Solar'!AD658 -> 21.245667 | N119: ='Resumen-DiarioHorario-Solar'!AD735 -> 21.870333 | O119: ='Resumen-DiarioHorario-Solar'!AD812 -> 14.658 | P119: ='Resumen-DiarioHorario-Solar'!AD889 -> 17.495333 | Q119: ='Resumen-DiarioHorario-Solar'!AD966 -> 3.6621667 | R119: ='Resumen-DiarioHorario-Solar'!AD1043 -> 5.2135 | S119: ='Resumen-DiarioHorario-Solar'!AD1120 -> 1.1558333 | T119: ='Resumen-DiarioHorario-Solar'!AD1197 -> 1.7135 | U119: ='Resumen-DiarioHorario-Solar'!AD1274 -> 1.595 | V119: ='Resumen-DiarioHorario-Solar'!AD1351 -> 22.876167 | W119: ='Resumen-DiarioHorario-Solar'!AD1428 -> 26.1075 | X119: ='Resumen-DiarioHorario-Solar'!AD1505 -> 15.8795 | Y119: ='Resumen-DiarioHorario-Solar'!AD1582 -> 0 | Z119: ='Resumen-DiarioHorario-Solar'!AD1659 -> 0.24833333 | AA119: ='Resumen-DiarioHorario-Solar'!AD1736 -> 0.16716667 | AB119: ='Resumen-DiarioHorario-Solar'!AD1813 -> 3.993 | AC119: ='Resumen-DiarioHorario-Solar'!AD1890 -> 46.39 | AD119: ='Resumen-DiarioHorario-Solar'!AD1967 -> 48.1805 | AE119: ='Resumen-DiarioHorario-Solar'!AD2044 -> 28.976167 | AF119: ='Resumen-DiarioHorario-Solar'!AD2121 -> 1.7196667 | AG119: ='Resumen-DiarioHorario-Solar'!AD2198 -> 0 | AH119: ='Resumen-DiarioHorario-Solar'!AD2275 -> 0.37166667 | AI119: =+'Resumen-DiarioHorario-Solar'!AD2352 -> 0 | AK119: =SUM(E119:AI119) -> 369.656
B120: PFV-CAMPOSDELSOL | E120: ='Resumen-DiarioHorario-Solar'!AD43 -> 142.227 | F120: ='Resumen-DiarioHorario-Solar'!AD120 -> 10.2575 | G120: ='Resumen-DiarioHorario-Solar'!AD197 -> 161.43917 | H120: ='Resumen-DiarioHorario-Solar'!AD274 -> 0.32866667 | I120: ='Resumen-DiarioHorario-Solar'!AD351 -> 115.49483 | J120: ='Resumen-DiarioHorario-Solar'!AD428 -> 486.20483 | K120: ='Resumen-DiarioHorario-Solar'!AD505 -> 1413.4042 | L120: ='Resumen-DiarioHorario-Solar'!AD582 -> 1151.4977 | M120: ='Resumen-DiarioHorario-Solar'!AD659 -> 170.58733 | N120: ='Resumen-DiarioHorario-Solar'!AD736 -> 1.4363333 | O120: ='Resumen-DiarioHorario-Solar'!AD813 -> 121.89233 | P120: ='Resumen-DiarioHorario-Solar'!AD890 -> 771.82117 | Q120: ='Resumen-DiarioHorario-Solar'!AD967 -> 829.07683 | R120: ='Resumen-DiarioHorario-Solar'!AD1044 -> 0 | S120: ='Resumen-DiarioHorario-Solar'!AD1121 -> 41.819833 | T120: ='Resumen-DiarioHorario-Solar'!AD1198 -> 752.709 | U120: ='Resumen-DiarioHorario-Solar'!AD1275 -> 0 | V120: ='Resumen-DiarioHorario-Solar'!AD1352 -> 981.30517 | W120: ='Resumen-DiarioHorario-Solar'!AD1429 -> 7.6763333 | X120: ='Resumen-DiarioHorario-Solar'!AD1506 -> 0.78766667 | Y120: ='Resumen-DiarioHorario-Solar'!AD1583 -> 0 | Z120: ='Resumen-DiarioHorario-Solar'!AD1660 -> 0 | AA120: ='Resumen-DiarioHorario-Solar'!AD1737 -> 3.1848333 | AB120: ='Resumen-DiarioHorario-Solar'!AD1814 -> 271.25317 | AC120: ='Resumen-DiarioHorario-Solar'!AD1891 -> 1253.362 | AD120: ='Resumen-DiarioHorario-Solar'!AD1968 -> 1283.576 | AE120: ='Resumen-DiarioHorario-Solar'!AD2045 -> 1114.5408 | AF120: ='Resumen-DiarioHorario-Solar'!AD2122 -> 10.1275 | AG120: ='Resumen-DiarioHorario-Solar'!AD2199 -> 0 | AH120: ='Resumen-DiarioHorario-Solar'!AD2276 -> 3.4275 | AI120: =+'Resumen-DiarioHorario-Solar'!AD2353 -> 0 | AK120: =SUM(E120:AI120) -> 11099.438
B121: PFV-CARRERAPINTO | E121: ='Resumen-DiarioHorario-Solar'!AD44 -> 125.751 | F121: ='Resumen-DiarioHorario-Solar'!AD121 -> 17.373333 | G121: ='Resumen-DiarioHorario-Solar'!AD198 -> 40.044 | H121: ='Resumen-DiarioHorario-Solar'!AD275 -> 6.7123333 | I121: ='Resumen-DiarioHorario-Solar'!AD352 -> 0.1935 | J121: ='Resumen-DiarioHorario-Solar'!AD429 -> 22.8875 | K121: ='Resumen-DiarioHorario-Solar'!AD506 -> 159.774 | L121: ='Resumen-DiarioHorario-Solar'!AD583 -> 142.68133 | M121: ='Resumen-DiarioHorario-Solar'!AD660 -> 138.02467 | N121: ='Resumen-DiarioHorario-Solar'!AD737 -> 132.26567 | O121: ='Resumen-DiarioHorario-Solar'!AD814 -> 95.0475 | P121: ='Resumen-DiarioHorario-Solar'!AD891 -> 19.033833 | Q121: ='Resumen-DiarioHorario-Solar'!AD968 -> 10.085333 | R121: ='Resumen-DiarioHorario-Solar'!AD1045 -> 0.33916667 | S121: ='Resumen-DiarioHorario-Solar'!AD1122 -> 5.8998333 | T121: ='Resumen-DiarioHorario-Solar'!AD1199 -> 6.6853333 | U121: ='Resumen-DiarioHorario-Solar'!AD1276 -> 20.331667 | V121: ='Resumen-DiarioHorario-Solar'!AD1353 -> 133.818 | W121: ='Resumen-DiarioHorario-Solar'!AD1430 -> 391.22133 | X121: ='Resumen-DiarioHorario-Solar'!AD1507 -> 97.106167 | Y121: ='Resumen-DiarioHorario-Solar'!AD1584 -> 0 | Z121: ='Resumen-DiarioHorario-Solar'!AD1661 -> 8.506 | AA121: ='Resumen-DiarioHorario-Solar'!AD1738 -> 6.5498333 | AB121: ='Resumen-DiarioHorario-Solar'!AD1815 -> 52.750167 | AC121: ='Resumen-DiarioHorario-Solar'!AD1892 -> 253.2875 | AD121: ='Resumen-DiarioHorario-Solar'!AD1969 -> 193.3725 | AE121: ='Resumen-DiarioHorario-Solar'!AD2046 -> 109.35183 | AF121: ='Resumen-DiarioHorario-Solar'!AD2123 -> 22.963 | AG121: ='Resumen-DiarioHorario-Solar'!AD2200 -> 0 | AH121: ='Resumen-DiarioHorario-Solar'!AD2277 -> 5.3715 | AI121: =+'Resumen-DiarioHorario-Solar'!AD2354 -> 0 | AK121: =SUM(E121:AI121) -> 2217.4278
B122: PFV-LUZDELNORTE | E122: ='Resumen-DiarioHorario-Solar'!AD45 -> 451.91433 | F122: ='Resumen-DiarioHorario-Solar'!AD122 -> 452.1955 | G122: ='Resumen-DiarioHorario-Solar'!AD199 -> 588.83217 | H122: ='Resumen-DiarioHorario-Solar'!AD276 -> 150.91083 | I122: ='Resumen-DiarioHorario-Solar'!AD353 -> 88.5465 | J122: ='Resumen-DiarioHorario-Solar'!AD430 -> 255.3835 | K122: ='Resumen-DiarioHorario-Solar'!AD507 -> 546.09633 | L122: ='Resumen-DiarioHorario-Solar'!AD584 -> 469.90567 | M122: ='Resumen-DiarioHorario-Solar'!AD661 -> 406.9135 | N122: ='Resumen-DiarioHorario-Solar'!AD738 -> 271.38867 | O122: ='Resumen-DiarioHorario-Solar'!AD815 -> 308.59083 | P122: ='Resumen-DiarioHorario-Solar'!AD892 -> 636.08967 | Q122: ='Resumen-DiarioHorario-Solar'!AD969 -> 1098.9653 | R122: ='Resumen-DiarioHorario-Solar'!AD1046 -> 206.5855 | S122: ='Resumen-DiarioHorario-Solar'!AD1123 -> 411.64067 | T122: ='Resumen-DiarioHorario-Solar'!AD1200 -> 723.55967 | U122: ='Resumen-DiarioHorario-Solar'!AD1277 -> 475.206 | V122: ='Resumen-DiarioHorario-Solar'!AD1354 -> 1049.4433 | W122: ='Resumen-DiarioHorario-Solar'!AD1431 -> 825.996 | X122: ='Resumen-DiarioHorario-Solar'!AD1508 -> 501.80633 | Y122: ='Resumen-DiarioHorario-Solar'!AD1585 -> 0 | Z122: ='Resumen-DiarioHorario-Solar'!AD1662 -> 63.0565 | AA122: ='Resumen-DiarioHorario-Solar'!AD1739 -> 19.469167 | AB122: ='Resumen-DiarioHorario-Solar'!AD1816 -> 107.07717 | AC122: ='Resumen-DiarioHorario-Solar'!AD1893 -> 614.084 | AD122: ='Resumen-DiarioHorario-Solar'!AD1970 -> 623.46 | AE122: ='Resumen-DiarioHorario-Solar'!AD2047 -> 716.82683 | AF122: ='Resumen-DiarioHorario-Solar'!AD2124 -> 46.8975 | AG122: ='Resumen-DiarioHorario-Solar'!AD2201 -> 0 | AH122: ='Resumen-DiarioHorario-Solar'!AD2278 -> 14.92 | AI122: =+'Resumen-DiarioHorario-Solar'!AD2355 -> 0 | AK122: =SUM(E122:AI122) -> 12125.761
B123: PFV-LLANODELLAMPOS | E123: ='Resumen-DiarioHorario-Solar'!AD46 -> 0 | F123: ='Resumen-DiarioHorario-Solar'!AD123 -> 0 | G123: ='Resumen-DiarioHorario-Solar'!AD200 -> 5.9866667 | H123: ='Resumen-DiarioHorario-Solar'!AD277 -> 0 | I123: ='Resumen-DiarioHorario-Solar'!AD354 -> 0.45916667 | J123: ='Resumen-DiarioHorario-Solar'!AD431 -> 58.9825 | K123: ='Resumen-DiarioHorario-Solar'!AD508 -> 51.127333 | L123: ='Resumen-DiarioHorario-Solar'!AD585 -> 46.078333 | M123: ='Resumen-DiarioHorario-Solar'!AD662 -> 180.83083 | N123: ='Resumen-DiarioHorario-Solar'!AD739 -> 115.23867 | O123: ='Resumen-DiarioHorario-Solar'!AD816 -> 483.03667 | P123: ='Resumen-DiarioHorario-Solar'!AD893 -> 489.69833 | Q123: ='Resumen-DiarioHorario-Solar'!AD970 -> 500.93333 | R123: ='Resumen-DiarioHorario-Solar'!AD1047 -> 86.18 | S123: ='Resumen-DiarioHorario-Solar'!AD1124 -> 186.895 | T123: ='Resumen-DiarioHorario-Solar'!AD1201 -> 317.18333 | U123: ='Resumen-DiarioHorario-Solar'!AD1278 -> 0 | V123: ='Resumen-DiarioHorario-Solar'!AD1355 -> 64.996833 | W123: ='Resumen-DiarioHorario-Solar'!AD1432 -> 78.574333 | X123: ='Resumen-DiarioHorario-Solar'!AD1509 -> 56.549 | Y123: ='Resumen-DiarioHorario-Solar'!AD1586 -> 0 | Z123: ='Resumen-DiarioHorario-Solar'!AD1663 -> 3.7561667 | AA123: ='Resumen-DiarioHorario-Solar'!AD1740 -> 0 | AB123: ='Resumen-DiarioHorario-Solar'!AD1817 -> 4.9051667 | AC123: ='Resumen-DiarioHorario-Solar'!AD1894 -> 148.04617 | AD123: ='Resumen-DiarioHorario-Solar'!AD1971 -> 173.35733 | AE123: ='Resumen-DiarioHorario-Solar'!AD2048 -> 148.45633 | AF123: ='Resumen-DiarioHorario-Solar'!AD2125 -> 0.81016667 | AG123: ='Resumen-DiarioHorario-Solar'!AD2202 -> 0 | AH123: ='Resumen-DiarioHorario-Solar'!AD2279 -> 0 | AI123: =+'Resumen-DiarioHorario-Solar'!AD2356 -> 0 | AK123: =SUM(E123:AI123) -> 3202.0817
B124: PFV-SANANDRES | E124: ='Resumen-DiarioHorario-Solar'!AD47 -> 0 | F124: ='Resumen-DiarioHorario-Solar'!AD124 -> 0 | G124: ='Resumen-DiarioHorario-Solar'!AD201 -> 0 | H124: ='Resumen-DiarioHorario-Solar'!AD278 -> 0 | I124: ='Resumen-DiarioHorario-Solar'!AD355 -> 0 | J124: ='Resumen-DiarioHorario-Solar'!AD432 -> 0 | K124: ='Resumen-DiarioHorario-Solar'!AD509 -> 0 | L124: ='Resumen-DiarioHorario-Solar'!AD586 -> 0 | M124: ='Resumen-DiarioHorario-Solar'!AD663 -> 0 | N124: ='Resumen-DiarioHorario-Solar'!AD740 -> 0 | O124: ='Resumen-DiarioHorario-Solar'!AD817 -> 0 | P124: ='Resumen-DiarioHorario-Solar'!AD894 -> 0 | Q124: ='Resumen-DiarioHorario-Solar'!AD971 -> 0 | R124: ='Resumen-DiarioHorario-Solar'!AD1048 -> 0 | S124: ='Resumen-DiarioHorario-Solar'!AD1125 -> 0 | T124: ='Resumen-DiarioHorario-Solar'!AD1202 -> 0 | U124: ='Resumen-DiarioHorario-Solar'!AD1279 -> 0 | V124: ='Resumen-DiarioHorario-Solar'!AD1356 -> 0 | W124: ='Resumen-DiarioHorario-Solar'!AD1433 -> 0 | X124: ='Resumen-DiarioHorario-Solar'!AD1510 -> 0 | Y124: ='Resumen-DiarioHorario-Solar'!AD1587 -> 0 | Z124: ='Resumen-DiarioHorario-Solar'!AD1664 -> 0 | AA124: ='Resumen-DiarioHorario-Solar'!AD1741 -> 0 | AB124: ='Resumen-DiarioHorario-Solar'!AD1818 -> 0 | AC124: ='Resumen-DiarioHorario-Solar'!AD1895 -> 0 | AD124: ='Resumen-DiarioHorario-Solar'!AD1972 -> 0 | AE124: ='Resumen-DiarioHorario-Solar'!AD2049 -> 0 | AF124: ='Resumen-DiarioHorario-Solar'!AD2126 -> 0 | AG124: ='Resumen-DiarioHorario-Solar'!AD2203 -> 0 | AH124: ='Resumen-DiarioHorario-Solar'!AD2280 -> 0 | AI124: =+'Resumen-DiarioHorario-Solar'!AD2357 -> 0 | AK124: =SUM(E124:AI124) -> 0
B125: PFV-RIOESCONDIDO | E125: ='Resumen-DiarioHorario-Solar'!AD48 -> 107.515 | F125: ='Resumen-DiarioHorario-Solar'!AD125 -> 115.9935 | G125: ='Resumen-DiarioHorario-Solar'!AD202 -> 178.188 | H125: ='Resumen-DiarioHorario-Solar'!AD279 -> 81.630333 | I125: ='Resumen-DiarioHorario-Solar'!AD356 -> 49.217 | J125: ='Resumen-DiarioHorario-Solar'!AD433 -> 270.7285 | K125: ='Resumen-DiarioHorario-Solar'!AD510 -> 441.9805 | L125: ='Resumen-DiarioHorario-Solar'!AD587 -> 247.65117 | M125: ='Resumen-DiarioHorario-Solar'!AD664 -> 189.0025 | N125: ='Resumen-DiarioHorario-Solar'!AD741 -> 124.4465 | O125: ='Resumen-DiarioHorario-Solar'!AD818 -> 227.71167 | P125: ='Resumen-DiarioHorario-Solar'!AD895 -> 97.580167 | Q125: ='Resumen-DiarioHorario-Solar'!AD972 -> 147.80483 | R125: ='Resumen-DiarioHorario-Solar'!AD1049 -> 1.6715 | S125: ='Resumen-DiarioHorario-Solar'!AD1126 -> 27.631333 | T125: ='Resumen-DiarioHorario-Solar'!AD1203 -> 19.499 | U125: ='Resumen-DiarioHorario-Solar'!AD1280 -> 16.514833 | V125: ='Resumen-DiarioHorario-Solar'!AD1357 -> 255.224 | W125: ='Resumen-DiarioHorario-Solar'!AD1434 -> 101.3395 | X125: ='Resumen-DiarioHorario-Solar'!AD1511 -> 88.407333 | Y125: ='Resumen-DiarioHorario-Solar'!AD1588 -> 0 | Z125: ='Resumen-DiarioHorario-Solar'!AD1665 -> 11.197 | AA125: ='Resumen-DiarioHorario-Solar'!AD1742 -> 0 | AB125: ='Resumen-DiarioHorario-Solar'!AD1819 -> 25.655333 | AC125: ='Resumen-DiarioHorario-Solar'!AD1896 -> 365.2535 | AD125: ='Resumen-DiarioHorario-Solar'!AD1973 -> 401.4155 | AE125: ='Resumen-DiarioHorario-Solar'!AD2050 -> 325.505 | AF125: ='Resumen-DiarioHorario-Solar'!AD2127 -> 7.593 | AG125: ='Resumen-DiarioHorario-Solar'!AD2204 -> 0 | AH125: ='Resumen-DiarioHorario-Solar'!AD2281 -> 0 | AI125: =+'Resumen-DiarioHorario-Solar'!AD2358 -> 0 | AK125: =SUM(E125:AI125) -> 3926.3565
B126: PFV-LOSLOROS | E126: ='Resumen-DiarioHorario-Solar'!AD49 -> 97.9117 | F126: ='Resumen-DiarioHorario-Solar'!AD126 -> 177.98553 | G126: ='Resumen-DiarioHorario-Solar'!AD203 -> 126.69937 | H126: ='Resumen-DiarioHorario-Solar'!AD280 -> 68.61039 | I126: ='Resumen-DiarioHorario-Solar'!AD357 -> 49.732167 | J126: ='Resumen-DiarioHorario-Solar'!AD434 -> 127.29487 | K126: ='Resumen-DiarioHorario-Solar'!AD511 -> 169.8452 | L126: ='Resumen-DiarioHorario-Solar'!AD588 -> 122.89687 | M126: ='Resumen-DiarioHorario-Solar'!AD665 -> 222.94667 | N126: ='Resumen-DiarioHorario-Solar'!AD742 -> 0 | O126: ='Resumen-DiarioHorario-Solar'!AD819 -> 242.32333 | P126: ='Resumen-DiarioHorario-Solar'!AD896 -> 203.73803 | Q126: ='Resumen-DiarioHorario-Solar'!AD973 -> 188.82387 | R126: ='Resumen-DiarioHorario-Solar'!AD1050 -> 0.069666667 | S126: ='Resumen-DiarioHorario-Solar'!AD1127 -> 18.204 | T126: ='Resumen-DiarioHorario-Solar'!AD1204 -> 32.272167 | U126: ='Resumen-DiarioHorario-Solar'!AD1281 -> 45.9365 | V126: ='Resumen-DiarioHorario-Solar'!AD1358 -> 119.91117 | W126: ='Resumen-DiarioHorario-Solar'!AD1435 -> 93.719167 | X126: ='Resumen-DiarioHorario-Solar'!AD1512 -> 65.798 | Y126: ='Resumen-DiarioHorario-Solar'!AD1589 -> 0 | Z126: ='Resumen-DiarioHorario-Solar'!AD1666 -> 1.0375 | AA126: ='Resumen-DiarioHorario-Solar'!AD1743 -> 0.75283333 | AB126: ='Resumen-DiarioHorario-Solar'!AD1820 -> 56.270833 | AC126: ='Resumen-DiarioHorario-Solar'!AD1897 -> 134.589 | AD126: ='Resumen-DiarioHorario-Solar'!AD1974 -> 218.77617 | AE126: ='Resumen-DiarioHorario-Solar'!AD2051 -> 157.88567 | AF126: ='Resumen-DiarioHorario-Solar'!AD2128 -> 5.0305 | AG126: ='Resumen-DiarioHorario-Solar'!AD2205 -> 0 | AH126: ='Resumen-DiarioHorario-Solar'!AD2282 -> 2.106 | AI126: =+'Resumen-DiarioHorario-Solar'!AD2359 -> 0 | AK126: =SUM(E126:AI126) -> 2751.1672
B127: PFV-ELROMERO | E127: ='Resumen-DiarioHorario-Solar'!AD50 -> 306.25717 | F127: ='Resumen-DiarioHorario-Solar'!AD127 -> 136.495 | G127: ='Resumen-DiarioHorario-Solar'!AD204 -> 234.5215 | H127: ='Resumen-DiarioHorario-Solar'!AD281 -> 143.53733 | I127: ='Resumen-DiarioHorario-Solar'!AD358 -> 34.6835 | J127: ='Resumen-DiarioHorario-Solar'!AD435 -> 193.05117 | K127: ='Resumen-DiarioHorario-Solar'!AD512 -> 74.865 | L127: ='Resumen-DiarioHorario-Solar'!AD589 -> 10.306667 | M127: ='Resumen-DiarioHorario-Solar'!AD666 -> 35.309667 | N127: ='Resumen-DiarioHorario-Solar'!AD743 -> 216.616 | O127: ='Resumen-DiarioHorario-Solar'!AD820 -> 0 | P127: ='Resumen-DiarioHorario-Solar'!AD897 -> 263.73683 | Q127: ='Resumen-DiarioHorario-Solar'!AD974 -> 70.707833 | R127: ='Resumen-DiarioHorario-Solar'!AD1051 -> 17.4225 | S127: ='Resumen-DiarioHorario-Solar'!AD1128 -> 122.76 | T127: ='Resumen-DiarioHorario-Solar'!AD1205 -> 45.194167 | U127: ='Resumen-DiarioHorario-Solar'!AD1282 -> 68.5475 | V127: ='Resumen-DiarioHorario-Solar'!AD1359 -> 348.10683 | W127: ='Resumen-DiarioHorario-Solar'!AD1436 -> 289.6215 | X127: ='Resumen-DiarioHorario-Solar'!AD1513 -> 182.46617 | Y127: ='Resumen-DiarioHorario-Solar'!AD1590 -> 0 | Z127: ='Resumen-DiarioHorario-Solar'!AD1667 -> 7.0741667 | AA127: ='Resumen-DiarioHorario-Solar'!AD1744 -> 6.211 | AB127: ='Resumen-DiarioHorario-Solar'!AD1821 -> 157.405 | AC127: ='Resumen-DiarioHorario-Solar'!AD1898 -> 112.69517 | AD127: ='Resumen-DiarioHorario-Solar'!AD1975 -> 456.49667 | AE127: ='Resumen-DiarioHorario-Solar'!AD2052 -> 383.641 | AF127: ='Resumen-DiarioHorario-Solar'!AD2129 -> 45.909333 | AG127: ='Resumen-DiarioHorario-Solar'!AD2206 -> 0 | AH127: ='Resumen-DiarioHorario-Solar'!AD2283 -> 17.149333 | AI127: =+'Resumen-DiarioHorario-Solar'!AD2360 -> 0 | AK127: =SUM(E127:AI127) -> 3980.788
B128: PFV-ELPELICANO | E128: ='Resumen-DiarioHorario-Solar'!AD51 -> 104.758 | F128: ='Resumen-DiarioHorario-Solar'!AD128 -> 120.42367 | G128: ='Resumen-DiarioHorario-Solar'!AD205 -> 135.46667 | H128: ='Resumen-DiarioHorario-Solar'!AD282 -> 41.061167 | I128: ='Resumen-DiarioHorario-Solar'!AD359 -> 35.4415 | J128: ='Resumen-DiarioHorario-Solar'!AD436 -> 124.75767 | K128: ='Resumen-DiarioHorario-Solar'!AD513 -> 104.21167 | L128: ='Resumen-DiarioHorario-Solar'!AD590 -> 49.691 | M128: ='Resumen-DiarioHorario-Solar'!AD667 -> 13.373833 | N128: ='Resumen-DiarioHorario-Solar'!AD744 -> 47.195833 | O128: ='Resumen-DiarioHorario-Solar'!AD821 -> 0 | P128: ='Resumen-DiarioHorario-Solar'!AD898 -> 104.78067 | Q128: ='Resumen-DiarioHorario-Solar'!AD975 -> 38.222667 | R128: ='Resumen-DiarioHorario-Solar'!AD1052 -> 5.5213333 | S128: ='Resumen-DiarioHorario-Solar'!AD1129 -> 32.058 | T128: ='Resumen-DiarioHorario-Solar'!AD1206 -> 56.577667 | U128: ='Resumen-DiarioHorario-Solar'!AD1283 -> 46.023667 | V128: ='Resumen-DiarioHorario-Solar'!AD1360 -> 254.4465 | W128: ='Resumen-DiarioHorario-Solar'!AD1437 -> 211.48533 | X128: ='Resumen-DiarioHorario-Solar'!AD1514 -> 165.016 | Y128: ='Resumen-DiarioHorario-Solar'!AD1591 -> 0 | Z128: ='Resumen-DiarioHorario-Solar'!AD1668 -> 10.3115 | AA128: ='Resumen-DiarioHorario-Solar'!AD1745 -> 2.0088333 | AB128: ='Resumen-DiarioHorario-Solar'!AD1822 -> 61.4235 | AC128: ='Resumen-DiarioHorario-Solar'!AD1899 -> 321.435 | AD128: ='Resumen-DiarioHorario-Solar'!AD1976 -> 341.76233 | AE128: ='Resumen-DiarioHorario-Solar'!AD2053 -> 283.93533 | AF128: ='Resumen-DiarioHorario-Solar'!AD2130 -> 20.138333 | AG128: ='Resumen-DiarioHorario-Solar'!AD2207 -> 0 | AH128: ='Resumen-DiarioHorario-Solar'!AD2284 -> 4.339 | AI128: =+'Resumen-DiarioHorario-Solar'!AD2361 -> 0 | AK128: =SUM(E128:AI128) -> 2735.8667
B129: PFV-LAHUELLA | E129: ='Resumen-DiarioHorario-Solar'!AD52 -> 28.349333 | F129: ='Resumen-DiarioHorario-Solar'!AD129 -> 117.15983 | G129: ='Resumen-DiarioHorario-Solar'!AD206 -> 79.507833 | H129: ='Resumen-DiarioHorario-Solar'!AD283 -> 9.7033333 | I129: ='Resumen-DiarioHorario-Solar'!AD360 -> 5.2473333 | J129: ='Resumen-DiarioHorario-Solar'!AD437 -> 35.398333 | K129: ='Resumen-DiarioHorario-Solar'!AD514 -> 13.212333 | L129: ='Resumen-DiarioHorario-Solar'!AD591 -> 0 | M129: ='Resumen-DiarioHorario-Solar'!AD668 -> 4.9198333 | N129: ='Resumen-DiarioHorario-Solar'!AD745 -> 54.629333 | O129: ='Resumen-DiarioHorario-Solar'!AD822 -> 0 | P129: ='Resumen-DiarioHorario-Solar'!AD899 -> 73.2665 | Q129: ='Resumen-DiarioHorario-Solar'!AD976 -> 4.805 | R129: ='Resumen-DiarioHorario-Solar'!AD1053 -> 0.98483333 | S129: ='Resumen-DiarioHorario-Solar'!AD1130 -> 47.105 | T129: ='Resumen-DiarioHorario-Solar'!AD1207 -> 22.649667 | U129: ='Resumen-DiarioHorario-Solar'!AD1284 -> 0.69466667 | V129: ='Resumen-DiarioHorario-Solar'!AD1361 -> 172.01167 | W129: ='Resumen-DiarioHorario-Solar'!AD1438 -> 76.839 | X129: ='Resumen-DiarioHorario-Solar'!AD1515 -> 35.516333 | Y129: ='Resumen-DiarioHorario-Solar'!AD1592 -> 0 | Z129: ='Resumen-DiarioHorario-Solar'!AD1669 -> 3.2015 | AA129: ='Resumen-DiarioHorario-Solar'!AD1746 -> 0 | AB129: ='Resumen-DiarioHorario-Solar'!AD1823 -> 15.944 | AC129: ='Resumen-DiarioHorario-Solar'!AD1900 -> 157.4755 | AD129: ='Resumen-DiarioHorario-Solar'!AD1977 -> 115.2045 | AE129: ='Resumen-DiarioHorario-Solar'!AD2054 -> 87.7755 | AF129: ='Resumen-DiarioHorario-Solar'!AD2131 -> 1.121 | AG129: ='Resumen-DiarioHorario-Solar'!AD2208 -> 0 | AH129: ='Resumen-DiarioHorario-Solar'!AD2285 -> 0.090833333 | AI129: =+'Resumen-DiarioHorario-Solar'!AD2362 -> 0 | AK129: =SUM(E129:AI129) -> 1162.813
B130: PFV-DONACARMEN | E130: ='Resumen-DiarioHorario-Solar'!AD53 -> 24.142667 | F130: ='Resumen-DiarioHorario-Solar'!AD130 -> 17.203333 | G130: ='Resumen-DiarioHorario-Solar'!AD207 -> 78.143667 | H130: ='Resumen-DiarioHorario-Solar'!AD284 -> 21.401167 | I130: ='Resumen-DiarioHorario-Solar'!AD361 -> 3.85 | J130: ='Resumen-DiarioHorario-Solar'!AD438 -> 152.92417 | K130: ='Resumen-DiarioHorario-Solar'!AD515 -> 7.0773333 | L130: ='Resumen-DiarioHorario-Solar'!AD592 -> 0 | M130: ='Resumen-DiarioHorario-Solar'!AD669 -> 0 | N130: ='Resumen-DiarioHorario-Solar'!AD746 -> 44.1995 | O130: ='Resumen-DiarioHorario-Solar'!AD823 -> 0 | P130: ='Resumen-DiarioHorario-Solar'!AD900 -> 12.3105 | Q130: ='Resumen-DiarioHorario-Solar'!AD977 -> 0.1965 | R130: ='Resumen-DiarioHorario-Solar'!AD1054 -> 0 | S130: ='Resumen-DiarioHorario-Solar'!AD1131 -> 1.0926667 | T130: ='Resumen-DiarioHorario-Solar'!AD1208 -> 0 | U130: ='Resumen-DiarioHorario-Solar'!AD1285 -> 0.0046666667 | V130: ='Resumen-DiarioHorario-Solar'!AD1362 -> 9.5648333 | W130: ='Resumen-DiarioHorario-Solar'!AD1439 -> 0 | X130: ='Resumen-DiarioHorario-Solar'!AD1516 -> 0 | Y130: ='Resumen-DiarioHorario-Solar'!AD1593 -> 0 | Z130: ='Resumen-DiarioHorario-Solar'!AD1670 -> 3.5273333 | AA130: ='Resumen-DiarioHorario-Solar'!AD1747 -> 0 | AB130: ='Resumen-DiarioHorario-Solar'!AD1824 -> 19.138 | AC130: ='Resumen-DiarioHorario-Solar'!AD1901 -> 0 | AD130: ='Resumen-DiarioHorario-Solar'!AD1978 -> 0 | AE130: ='Resumen-DiarioHorario-Solar'!AD2055 -> 0 | AF130: ='Resumen-DiarioHorario-Solar'!AD2132 -> 0 | AG130: ='Resumen-DiarioHorario-Solar'!AD2209 -> 0 | AH130: ='Resumen-DiarioHorario-Solar'!AD2286 -> 0 | AI130: =+'Resumen-DiarioHorario-Solar'!AD2363 -> 0 | AK130: =SUM(E130:AI130) -> 394.77633
... B138: PFV-VALLEDELSOL | E138: ='Resumen-DiarioHorario-Solar'!AD61 -> 129.557 | F138: ='Resumen-DiarioHorario-Solar'!AD138 -> 46.6715 | G138: ='Resumen-DiarioHorario-Solar'!AD215 -> 186.57133 | H138: ='Resumen-DiarioHorario-Solar'!AD292 -> 27.711333 | I138: ='Resumen-DiarioHorario-Solar'!AD369 -> 19.689167 | J138: ='Resumen-DiarioHorario-Solar'!AD446 -> 89.316 | K138: ='Resumen-DiarioHorario-Solar'!AD523 -> 44.3755 | L138: ='Resumen-DiarioHorario-Solar'!AD600 -> 0 | M138: ='Resumen-DiarioHorario-Solar'!AD677 -> 389.37017 | N138: ='Resumen-DiarioHorario-Solar'!AD754 -> 97.191333 | O138: ='Resumen-DiarioHorario-Solar'!AD831 -> 313.69033 | P138: ='Resumen-DiarioHorario-Solar'!AD908 -> 239.57633 | Q138: ='Resumen-DiarioHorario-Solar'!AD985 -> 282.29517 | R138: ='Resumen-DiarioHorario-Solar'!AD1062 -> 0 | S138: ='Resumen-DiarioHorario-Solar'!AD1139 -> 32.361 | T138: ='Resumen-DiarioHorario-Solar'!AD1216 -> 50.2975 | U138: ='Resumen-DiarioHorario-Solar'!AD1293 -> 35.651667 | V138: ='Resumen-DiarioHorario-Solar'!AD1370 -> 440.161 | W138: ='Resumen-DiarioHorario-Solar'!AD1447 -> 244.51233 | X138: ='Resumen-DiarioHorario-Solar'!AD1524 -> 128.28583 | Y138: ='Resumen-DiarioHorario-Solar'!AD1601 -> 0 | Z138: ='Resumen-DiarioHorario-Solar'!AD1678 -> 0.73683333 | AA138: ='Resumen-DiarioHorario-Solar'!AD1755 -> 0 | AB138: ='Resumen-DiarioHorario-Solar'!AD1832 -> 96.925667 | AC138: ='Resumen-DiarioHorario-Solar'!AD1909 -> 464.0065 | AD138: ='Resumen-DiarioHorario-Solar'!AD1986 -> 471.63367 | AE138: ='Resumen-DiarioHorario-Solar'!AD2063 -> 398.46667 | AF138: ='Resumen-DiarioHorario-Solar'!AD2140 -> 10.408 | AG138: ='Resumen-DiarioHorario-Solar'!AD2217 -> 0 | AH138: ='Resumen-DiarioHorario-Solar'!AD2294 -> 4.452 | AI138: =+'Resumen-DiarioHorario-Solar'!AD2371 -> 0 | AK138: =SUM(E138:AI138) -> 4243.9138
B139: PFV-COYA | D139: † | E139: ='Resumen-DiarioHorario-Solar'!AD62 -> 0 | F139: ='Resumen-DiarioHorario-Solar'!AD139 -> 0 | G139: ='Resumen-DiarioHorario-Solar'!AD216 -> 0 | H139: ='Resumen-DiarioHorario-Solar'!AD293 -> 0 | I139: ='Resumen-DiarioHorario-Solar'!AD370 -> 0 | J139: ='Resumen-DiarioHorario-Solar'!AD447 -> 0 | K139: ='Resumen-DiarioHorario-Solar'!AD524 -> 0 | L139: ='Resumen-DiarioHorario-Solar'!AD601 -> 0 | M139: ='Resumen-DiarioHorario-Solar'!AD678 -> 0 | N139: ='Resumen-DiarioHorario-Solar'!AD755 -> 0 | O139: ='Resumen-DiarioHorario-Solar'!AD832 -> 0 | P139: ='Resumen-DiarioHorario-Solar'!AD909 -> 0 | Q139: ='Resumen-DiarioHorario-Solar'!AD986 -> 0 | R139: ='Resumen-DiarioHorario-Solar'!AD1063 -> 0 | S139: ='Resumen-DiarioHorario-Solar'!AD1140 -> 0 | T139: ='Resumen-DiarioHorario-Solar'!AD1217 -> 0 | U139: ='Resumen-DiarioHorario-Solar'!AD1294 -> 0 | V139: ='Resumen-DiarioHorario-Solar'!AD1371 -> 0 | W139: ='Resumen-DiarioHorario-Solar'!AD1448 -> 0 | X139: ='Resumen-DiarioHorario-Solar'!AD1525 -> 0 | Y139: ='Resumen-DiarioHorario-Solar'!AD1602 -> 0 | Z139: ='Resumen-DiarioHorario-Solar'!AD1679 -> 0 | AA139: ='Resumen-DiarioHorario-Solar'!AD1756 -> 0 | AB139: ='Resumen-DiarioHorario-Solar'!AD1833 -> 0 | AC139: ='Resumen-DiarioHorario-Solar'!AD1910 -> 0 | AD139: ='Resumen-DiarioHorario-Solar'!AD1987 -> 0 | AE139: ='Resumen-DiarioHorario-Solar'!AD2064 -> 0 | AF139: ='Resumen-DiarioHorario-Solar'!AD2141 -> 0 | AG139: ='Resumen-DiarioHorario-Solar'!AD2218 -> 0 | AH139: ='Resumen-DiarioHorario-Solar'!AD2295 -> 0 | AI139: =+'Resumen-DiarioHorario-Solar'!AD2372 -> 0 | AK139: =SUM(E139:AI139) -> 0
B140: PFV-GUANCHOI | E140: ='Resumen-DiarioHorario-Solar'!AD63 -> 314.70733 | F140: ='Resumen-DiarioHorario-Solar'!AD140 -> 146.63583 | G140: ='Resumen-DiarioHorario-Solar'!AD217 -> 238.21183 | H140: ='Resumen-DiarioHorario-Solar'!AD294 -> 219.9045 | I140: ='Resumen-DiarioHorario-Solar'!AD371 -> 34.5085 | J140: ='Resumen-DiarioHorario-Solar'!AD448 -> 401.3505 | K140: ='Resumen-DiarioHorario-Solar'!AD525 -> 474.69433 | L140: ='Resumen-DiarioHorario-Solar'!AD602 -> 454.59133 | M140: ='Resumen-DiarioHorario-Solar'!AD679 -> 458.53867 | N140: ='Resumen-DiarioHorario-Solar'!AD756 -> 56.788167 | O140: ='Resumen-DiarioHorario-Solar'!AD833 -> 148.82133 | P140: ='Resumen-DiarioHorario-Solar'!AD910 -> 227.36083 | Q140: ='Resumen-DiarioHorario-Solar'!AD987 -> 261.52583 | R140: ='Resumen-DiarioHorario-Solar'!AD1064 -> 63.071 | S140: ='Resumen-DiarioHorario-Solar'!AD1141 -> 40.352 | T140: ='Resumen-DiarioHorario-Solar'!AD1218 -> 100.39567 | U140: ='Resumen-DiarioHorario-Solar'!AD1295 -> 72.564333 | V140: ='Resumen-DiarioHorario-Solar'!AD1372 -> 213.47417 | W140: ='Resumen-DiarioHorario-Solar'!AD1449 -> 186.26733 | X140: ='Resumen-DiarioHorario-Solar'!AD1526 -> 94.117333 | Y140: ='Resumen-DiarioHorario-Solar'!AD1603 -> 0 | Z140: ='Resumen-DiarioHorario-Solar'!AD1680 -> 5.4988333 | AA140: ='Resumen-DiarioHorario-Solar'!AD1757 -> 9.7008333 | AB140: ='Resumen-DiarioHorario-Solar'!AD1834 -> 90.5905 | AC140: ='Resumen-DiarioHorario-Solar'!AD1911 -> 198.24433 | AD140: ='Resumen-DiarioHorario-Solar'!AD1988 -> 206.90917 | AE140: ='Resumen-DiarioHorario-Solar'!AD2065 -> 181.38267 | AF140: ='Resumen-DiarioHorario-Solar'!AD2142 -> 30.082333 | AG140: ='Resumen-DiarioHorario-Solar'!AD2219 -> 0 | AH140: ='Resumen-DiarioHorario-Solar'!AD2296 -> 7.6575 | AI140: =+'Resumen-DiarioHorario-Solar'!AD2373 -> 0 | AK140: =SUM(E140:AI140) -> 4937.947
B141: PFV-ANDES2B | D141: † | E141: ='Resumen-DiarioHorario-Solar'!AD64 -> 0 | F141: ='Resumen-DiarioHorario-Solar'!AD141 -> 0 | G141: ='Resumen-DiarioHorario-Solar'!AD218 -> 0 | H141: ='Resumen-DiarioHorario-Solar'!AD295 -> 42.115 | I141: ='Resumen-DiarioHorario-Solar'!AD372 -> 12.178167 | J141: ='Resumen-DiarioHorario-Solar'!AD449 -> 606.70183 | K141: ='Resumen-DiarioHorario-Solar'!AD526 -> 569.15033 | L141: ='Resumen-DiarioHorario-Solar'!AD603 -> 511.38433 | M141: ='Resumen-DiarioHorario-Solar'!AD680 -> 559.1155 | N141: ='Resumen-DiarioHorario-Solar'!AD757 -> 541.17483 | O141: ='Resumen-DiarioHorario-Solar'!AD834 -> 0 | P141: ='Resumen-DiarioHorario-Solar'!AD911 -> 0 | Q141: ='Resumen-DiarioHorario-Solar'!AD988 -> 0 | R141: ='Resumen-DiarioHorario-Solar'!AD1065 -> 0 | S141: ='Resumen-DiarioHorario-Solar'!AD1142 -> 0 | T141: ='Resumen-DiarioHorario-Solar'!AD1219 -> 0 | U141: ='Resumen-DiarioHorario-Solar'!AD1296 -> 0 | V141: ='Resumen-DiarioHorario-Solar'!AD1373 -> 0 | W141: ='Resumen-DiarioHorario-Solar'!AD1450 -> 0 | X141: ='Resumen-DiarioHorario-Solar'!AD1527 -> 0 | Y141: ='Resumen-DiarioHorario-Solar'!AD1604 -> 0 | Z141: ='Resumen-DiarioHorario-Solar'!AD1681 -> 0 | AA141: ='Resumen-DiarioHorario-Solar'!AD1758 -> 0 | AB141: ='Resumen-DiarioHorario-Solar'!AD1835 -> 0 | AC141: ='Resumen-DiarioHorario-Solar'!AD1912 -> 0 | AD141: ='Resumen-DiarioHorario-Solar'!AD1989 -> 0 | AE141: ='Resumen-DiarioHorario-Solar'!AD2066 -> 0 | AF141: ='Resumen-DiarioHorario-Solar'!AD2143 -> 0 | AG141: ='Resumen-DiarioHorario-Solar'!AD2220 -> 0 | AH141: ='Resumen-DiarioHorario-Solar'!AD2297 -> 0 | AI141: =+'Resumen-DiarioHorario-Solar'!AD2374 -> 0 | AK141: =SUM(E141:AI141) -> 2841.82
B142: PFV-MESETADELOSANDES | E142: ='Resumen-DiarioHorario-Solar'!AD65 -> 11.155833 | F142: ='Resumen-DiarioHorario-Solar'!AD142 -> 0.35216667 | G142: ='Resumen-DiarioHorario-Solar'!AD219 -> 19.026667 | H142: ='Resumen-DiarioHorario-Solar'!AD296 -> 3.6078333 | I142: ='Resumen-DiarioHorario-Solar'!AD373 -> 0.325 | J142: ='Resumen-DiarioHorario-Solar'!AD450 -> 93.663 | K142: ='Resumen-DiarioHorario-Solar'!AD527 -> 11.093167 | L142: ='Resumen-DiarioHorario-Solar'!AD604 -> 0 | M142: ='Resumen-DiarioHorario-Solar'!AD681 -> 641.63983 | N142: ='Resumen-DiarioHorario-Solar'!AD758 -> 273.8385 | O142: ='Resumen-DiarioHorario-Solar'!AD835 -> 0 | P142: ='Resumen-DiarioHorario-Solar'!AD912 -> 354.41917 | Q142: ='Resumen-DiarioHorario-Solar'!AD989 -> 114.44833 | R142: ='Resumen-DiarioHorario-Solar'!AD1066 -> 31.218667 | S142: ='Resumen-DiarioHorario-Solar'!AD1143 -> 7.346 | T142: ='Resumen-DiarioHorario-Solar'!AD1220 -> 0 | U142: ='Resumen-DiarioHorario-Solar'!AD1297 -> 259.1095 | V142: ='Resumen-DiarioHorario-Solar'!AD1374 -> 8.7785 | W142: ='Resumen-DiarioHorario-Solar'!AD1451 -> 8.013 | X142: ='Resumen-DiarioHorario-Solar'!AD1528 -> 0 | Y142: ='Resumen-DiarioHorario-Solar'!AD1605 -> 0 | Z142: ='Resumen-DiarioHorario-Solar'!AD1682 -> 5.438 | AA142: ='Resumen-DiarioHorario-Solar'!AD1759 -> 0 | AB142: ='Resumen-DiarioHorario-Solar'!AD1836 -> 29.371667 | AC142: ='Resumen-DiarioHorario-Solar'!AD1913 -> 0 | AD142: ='Resumen-DiarioHorario-Solar'!AD1990 -> 0 | AE142: ='Resumen-DiarioHorario-Solar'!AD2067 -> 1.9528333 | AF142: ='Resumen-DiarioHorario-Solar'!AD2144 -> 4.168 | AG142: ='Resumen-DiarioHorario-Solar'!AD2221 -> 0 | AH142: ='Resumen-DiarioHorario-Solar'!AD2298 -> 0 | AI142: =+'Resumen-DiarioHorario-Solar'!AD2375 -> 0 | AK142: =SUM(E142:AI142) -> 1878.9657
B143: PFV-MANZANO | E143: ='Resumen-DiarioHorario-Solar'!AD66 -> 45.453333 | F143: ='Resumen-DiarioHorario-Solar'!AD143 -> 18.136667 | G143: ='Resumen-DiarioHorario-Solar'!AD220 -> 106.30333 | H143: ='Resumen-DiarioHorario-Solar'!AD297 -> 0 | I143: ='Resumen-DiarioHorario-Solar'!AD374 -> 0 | J143: ='Resumen-DiarioHorario-Solar'!AD451 -> 0 | K143: ='Resumen-DiarioHorario-Solar'!AD528 -> 0 | L143: ='Resumen-DiarioHorario-Solar'!AD605 -> 0 | M143: ='Resumen-DiarioHorario-Solar'!AD682 -> 0 | N143: ='Resumen-DiarioHorario-Solar'!AD759 -> 0 | O143: ='Resumen-DiarioHorario-Solar'!AD836 -> 0 | P143: ='Resumen-DiarioHorario-Solar'!AD913 -> 0 | Q143: ='Resumen-DiarioHorario-Solar'!AD990 -> 0 | R143: ='Resumen-DiarioHorario-Solar'!AD1067 -> 0 | S143: ='Resumen-DiarioHorario-Solar'!AD1144 -> 0 | T143: ='Resumen-DiarioHorario-Solar'!AD1221 -> 0 | U143: ='Resumen-DiarioHorario-Solar'!AD1298 -> 0 | V143: ='Resumen-DiarioHorario-Solar'!AD1375 -> 3.527 | W143: ='Resumen-DiarioHorario-Solar'!AD1452 -> 40.207667 | X143: ='Resumen-DiarioHorario-Solar'!AD1529 -> 0 | Y143: ='Resumen-DiarioHorario-Solar'!AD1606 -> 0 | Z143: ='Resumen-DiarioHorario-Solar'!AD1683 -> 16.144833 | AA143: ='Resumen-DiarioHorario-Solar'!AD1760 -> 0 | AB143: ='Resumen-DiarioHorario-Solar'!AD1837 -> 0 | AC143: ='Resumen-DiarioHorario-Solar'!AD1914 -> 0 | AD143: ='Resumen-DiarioHorario-Solar'!AD1991 -> 0 | AE143: ='Resumen-DiarioHorario-Solar'!AD2068 -> 0 | AF143: ='Resumen-DiarioHorario-Solar'!AD2145 -> 0 | AG143: ='Resumen-DiarioHorario-Solar'!AD2222 -> 0 | AH143: ='Resumen-DiarioHorario-Solar'!AD2299 -> 0 | AI143: =+'Resumen-DiarioHorario-Solar'!AD2376 -> 0 | AK143: =SUM(E143:AI143) -> 229.77283
B144: PFV-ELENA | E144: ='Resumen-DiarioHorario-Solar'!AD67 -> 60.987167 | F144: ='Resumen-DiarioHorario-Solar'!AD144 -> 62.298833 | G144: ='Resumen-DiarioHorario-Solar'!AD221 -> 109.10567 | H144: ='Resumen-DiarioHorario-Solar'!AD298 -> 38.985667 | I144: ='Resumen-DiarioHorario-Solar'!AD375 -> 26.239667 | J144: ='Resumen-DiarioHorario-Solar'!AD452 -> 67.489667 | K144: ='Resumen-DiarioHorario-Solar'!AD529 -> 231.47867 | L144: ='Resumen-DiarioHorario-Solar'!AD606 -> 197.92183 | M144: ='Resumen-DiarioHorario-Solar'!AD683 -> 179.4905 | N144: ='Resumen-DiarioHorario-Solar'!AD760 -> 49.992667 | O144: ='Resumen-DiarioHorario-Solar'!AD837 -> 154.00567 | P144: ='Resumen-DiarioHorario-Solar'!AD914 -> 122.32417 | Q144: ='Resumen-DiarioHorario-Solar'!AD991 -> 149.14717 | R144: ='Resumen-DiarioHorario-Solar'!AD1068 -> 7.2131667 | S144: ='Resumen-DiarioHorario-Solar'!AD1145 -> 30.851833 | T144: ='Resumen-DiarioHorario-Solar'!AD1222 -> 55.847333 | U144: ='Resumen-DiarioHorario-Solar'!AD1299 -> 38.200167 | V144: ='Resumen-DiarioHorario-Solar'!AD1376 -> 194.6195 | W144: ='Resumen-DiarioHorario-Solar'!AD1453 -> 166.5455 | X144: ='Resumen-DiarioHorario-Solar'!AD1530 -> 83.686833 | Y144: ='Resumen-DiarioHorario-Solar'!AD1607 -> 0 | Z144: ='Resumen-DiarioHorario-Solar'!AD1684 -> 7.6091667 | AA144: ='Resumen-DiarioHorario-Solar'!AD1761 -> 9.8583333 | AB144: ='Resumen-DiarioHorario-Solar'!AD1838 -> 59.206833 | AC144: ='Resumen-DiarioHorario-Solar'!AD1915 -> 233.55633 | AD144: ='Resumen-DiarioHorario-Solar'!AD1992 -> 258.43767 | AE144: ='Resumen-DiarioHorario-Solar'!AD2069 -> 216.8495 | AF144: ='Resumen-DiarioHorario-Solar'!AD2146 -> 11.192833 | AG144: ='Resumen-DiarioHorario-Solar'!AD2223 -> 0 | AH144: ='Resumen-DiarioHorario-Solar'!AD2300 -> 3.4308333 | AI144: =+'Resumen-DiarioHorario-Solar'!AD2377 -> 0 | AK144: =SUM(E144:AI144) -> 2826.5732
B145: PFV-WILLKA | E145: ='Resumen-DiarioHorario-Solar'!AD68 -> 18.130833 | F145: ='Resumen-DiarioHorario-Solar'!AD145 -> 25.1025 | G145: ='Resumen-DiarioHorario-Solar'!AD222 -> 47.978333 | H145: ='Resumen-DiarioHorario-Solar'!AD299 -> 14.7975 | I145: ='Resumen-DiarioHorario-Solar'!AD376 -> 6.1056667 | J145: ='Resumen-DiarioHorario-Solar'!AD453 -> 125.81417 | K145: ='Resumen-DiarioHorario-Solar'!AD530 -> 209.85783 | L145: ='Resumen-DiarioHorario-Solar'!AD607 -> 150.55283 | M145: ='Resumen-DiarioHorario-Solar'!AD684 -> 377.80467 | N145: ='Resumen-DiarioHorario-Solar'!AD761 -> 449.57117 | O145: ='Resumen-DiarioHorario-Solar'!AD838 -> 58.262833 | P145: ='Resumen-DiarioHorario-Solar'!AD915 -> 585.79283 | Q145: ='Resumen-DiarioHorario-Solar'!AD992 -> 1.3705 | R145: ='Resumen-DiarioHorario-Solar'!AD1069 -> 0 | S145: ='Resumen-DiarioHorario-Solar'!AD1146 -> 3.6918333 | T145: ='Resumen-DiarioHorario-Solar'!AD1223 -> 10.087 | U145: ='Resumen-DiarioHorario-Solar'!AD1300 -> 217.84017 | V145: ='Resumen-DiarioHorario-Solar'!AD1377 -> 0.39433333 | W145: ='Resumen-DiarioHorario-Solar'!AD1454 -> 0.377 | X145: ='Resumen-DiarioHorario-Solar'!AD1531 -> 0.21333333 | Y145: ='Resumen-DiarioHorario-Solar'!AD1608 -> 0 | Z145: ='Resumen-DiarioHorario-Solar'!AD1685 -> 2.4578333 | AA145: ='Resumen-DiarioHorario-Solar'!AD1762 -> 37.798333 | AB145: ='Resumen-DiarioHorario-Solar'!AD1839 -> 386.85283 | AC145: ='Resumen-DiarioHorario-Solar'!AD1916 -> 0.36433333 | AD145: ='Resumen-DiarioHorario-Solar'!AD1993 -> 0.374 | AE145: ='Resumen-DiarioHorario-Solar'!AD2070 -> 7.432 | AF145: ='Resumen-DiarioHorario-Solar'!AD2147 -> 0.11966667 | AG145: ='Resumen-DiarioHorario-Solar'!AD2224 -> 0 | AH145: ='Resumen-DiarioHorario-Solar'!AD2301 -> 0 | AI145: =+'Resumen-DiarioHorario-Solar'!AD2378 -> 0 | AK145: =SUM(E145:AI145) -> 2739.1443
B146: PFV-LASSALINAS | E146: ='Resumen-DiarioHorario-Solar'!AD69 -> 377.46 | F146: ='Resumen-DiarioHorario-Solar'!AD146 -> 244.01 | G146: ='Resumen-DiarioHorario-Solar'!AD223 -> 362.59 | H146: ='Resumen-DiarioHorario-Solar'!AD300 -> 204.89 | I146: ='Resumen-DiarioHorario-Solar'!AD377 -> 157.01 | J146: ='Resumen-DiarioHorario-Solar'!AD454 -> 253.79 | K146: ='Resumen-DiarioHorario-Solar'!AD531 -> 896 | L146: ='Resumen-DiarioHorario-Solar'!AD608 -> 780.36283 | M146: ='Resumen-DiarioHorario-Solar'!AD685 -> 741.38283 | N146: ='Resumen-DiarioHorario-Solar'!AD762 -> 319.95 | O146: ='Resumen-DiarioHorario-Solar'!AD839 -> 666.808 | P146: ='Resumen-DiarioHorario-Solar'!AD916 -> 576.98 | Q146: ='Resumen-DiarioHorario-Solar'!AD993 -> 653.0485 | R146: ='Resumen-DiarioHorario-Solar'!AD1070 -> 64.65 | S146: ='Resumen-DiarioHorario-Solar'!AD1147 -> 134.73 | T146: ='Resumen-DiarioHorario-Solar'!AD1224 -> 264.59 | U146: ='Resumen-DiarioHorario-Solar'!AD1301 -> 233.57 | V146: ='Resumen-DiarioHorario-Solar'!AD1378 -> 823.63367 | W146: ='Resumen-DiarioHorario-Solar'!AD1455 -> 712.75 | X146: ='Resumen-DiarioHorario-Solar'!AD1532 -> 618.47 | Y146: ='Resumen-DiarioHorario-Solar'!AD1609 -> 0 | Z146: ='Resumen-DiarioHorario-Solar'!AD1686 -> 62.917333 | AA146: ='Resumen-DiarioHorario-Solar'!AD1763 -> 137.98 | AB146: ='Resumen-DiarioHorario-Solar'!AD1840 -> 403.183 | AC146: ='Resumen-DiarioHorario-Solar'!AD1917 -> 961.77533 | AD146: ='Resumen-DiarioHorario-Solar'!AD1994 -> 1009.696 | AE146: ='Resumen-DiarioHorario-Solar'!AD2071 -> 903.38683 | AF146: ='Resumen-DiarioHorario-Solar'!AD2148 -> 161.67 | AG146: ='Resumen-DiarioHorario-Solar'!AD2225 -> 0 | AH146: ='Resumen-DiarioHorario-Solar'!AD2302 -> 62.58 | AI146: =+'Resumen-DiarioHorario-Solar'!AD2379 -> 0 | AK146: =SUM(E146:AI146) -> 12789.864
B147: PFV-LALACKAMA-2 | E147: ='Resumen-DiarioHorario-Solar'!AD70 -> 34.16 | F147: ='Resumen-DiarioHorario-Solar'!AD147 -> 20.673167 | G147: ='Resumen-DiarioHorario-Solar'!AD224 -> 30.406167 | H147: ='Resumen-DiarioHorario-Solar'!AD301 -> 16.0575 | I147: ='Resumen-DiarioHorario-Solar'!AD378 -> 10.233667 | J147: ='Resumen-DiarioHorario-Solar'!AD455 -> 17.791333 | K147: ='Resumen-DiarioHorario-Solar'!AD532 -> 2.7345 | L147: ='Resumen-DiarioHorario-Solar'!AD609 -> 0 | M147: ='Resumen-DiarioHorario-Solar'!AD686 -> 83.630667 | N147: ='Resumen-DiarioHorario-Solar'!AD763 -> 8.1125 | O147: ='Resumen-DiarioHorario-Solar'!AD840 -> 87.322667 | P147: ='Resumen-DiarioHorario-Solar'!AD917 -> 29.407 | Q147: ='Resumen-DiarioHorario-Solar'!AD994 -> 33.2185 | R147: ='Resumen-DiarioHorario-Solar'!AD1071 -> 9.6278333 | S147: ='Resumen-DiarioHorario-Solar'!AD1148 -> 14.411 | T147: ='Resumen-DiarioHorario-Solar'!AD1225 -> 15.695 | U147: ='Resumen-DiarioHorario-Solar'!AD1302 -> 0 | V147: ='Resumen-DiarioHorario-Solar'!AD1379 -> 13.746333 | W147: ='Resumen-DiarioHorario-Solar'!AD1456 -> 26.4775 | X147: ='Resumen-DiarioHorario-Solar'!AD1533 -> 8.6233333 | Y147: ='Resumen-DiarioHorario-Solar'!AD1610 -> 0 | Z147: ='Resumen-DiarioHorario-Solar'!AD1687 -> 3.5155 | AA147: ='Resumen-DiarioHorario-Solar'!AD1764 -> 0.75933333 | AB147: ='Resumen-DiarioHorario-Solar'!AD1841 -> 17.716833 | AC147: ='Resumen-DiarioHorario-Solar'!AD1918 -> 52.480667 | AD147: ='Resumen-DiarioHorario-Solar'!AD1995 -> 56.6105 | AE147: ='Resumen-DiarioHorario-Solar'!AD2072 -> 46.205333 | AF147: ='Resumen-DiarioHorario-Solar'!AD2149 -> 4.6563333 | AG147: ='Resumen-DiarioHorario-Solar'!AD2226 -> 0 | AH147: ='Resumen-DiarioHorario-Solar'!AD2303 -> 1.658 | AI147: =+'Resumen-DiarioHorario-Solar'!AD2380 -> 0 | AK147: =SUM(E147:AI147) -> 645.93117
B148: PFV-CEME1 | E148: ='Resumen-DiarioHorario-Solar'!AD71 -> 490.86467 | F148: ='Resumen-DiarioHorario-Solar'!AD148 -> 495.348 | G148: ='Resumen-DiarioHorario-Solar'!AD225 -> 1708.5673 | H148: ='Resumen-DiarioHorario-Solar'!AD302 -> 304.29483 | I148: ='Resumen-DiarioHorario-Solar'!AD379 -> 332.44067 | J148: ='Resumen-DiarioHorario-Solar'!AD456 -> 457.24933 | K148: ='Resumen-DiarioHorario-Solar'!AD533 -> 1115.9517 | L148: ='Resumen-DiarioHorario-Solar'!AD610 -> 958.60283 | M148: ='Resumen-DiarioHorario-Solar'!AD687 -> 800.848 | N148: ='Resumen-DiarioHorario-Solar'!AD764 -> 416.45067 | O148: ='Resumen-DiarioHorario-Solar'!AD841 -> 768.23583 | P148: ='Resumen-DiarioHorario-Solar'!AD918 -> 674.52817 | Q148: ='Resumen-DiarioHorario-Solar'!AD995 -> 817.71183 | R148: ='Resumen-DiarioHorario-Solar'!AD1072 -> 75.017667 | S148: ='Resumen-DiarioHorario-Solar'!AD1149 -> 141.74417 | T148: ='Resumen-DiarioHorario-Solar'!AD1226 -> 403.3205 | U148: ='Resumen-DiarioHorario-Solar'!AD1303 -> 250.381 | V148: ='Resumen-DiarioHorario-Solar'!AD1380 -> 1144.4303 | W148: ='Resumen-DiarioHorario-Solar'!AD1457 -> 1049.3927 | X148: ='Resumen-DiarioHorario-Solar'!AD1534 -> 699.03633 | Y148: ='Resumen-DiarioHorario-Solar'!AD1611 -> 0 | Z148: ='Resumen-DiarioHorario-Solar'!AD1688 -> 14.386 | AA148: ='Resumen-DiarioHorario-Solar'!AD1765 -> 40.439333 | AB148: ='Resumen-DiarioHorario-Solar'!AD1842 -> 506.47267 | AC148: ='Resumen-DiarioHorario-Solar'!AD1919 -> 1396.5262 | AD148: ='Resumen-DiarioHorario-Solar'!AD1996 -> 1159.2498 | AE148: ='Resumen-DiarioHorario-Solar'!AD2073 -> 2046.452 | AF148: ='Resumen-DiarioHorario-Solar'!AD2150 -> 473.82517 | AG148: ='Resumen-DiarioHorario-Solar'!AD2227 -> 0 | AH148: ='Resumen-DiarioHorario-Solar'!AD2304 -> 184.97067 | AI148: =+'Resumen-DiarioHorario-Solar'!AD2381 -> 0 | AK148: =SUM(E148:AI148) -> 18926.738
B149: PFV TAMANGO | E149: ='Resumen-DiarioHorario-Solar'!AD72 -> 0 | F149: ='Resumen-DiarioHorario-Solar'!AD149 -> 2.7993333 | G149: ='Resumen-DiarioHorario-Solar'!AD226 -> 0 | H149: ='Resumen-DiarioHorario-Solar'!AD303 -> 0 | I149: ='Resumen-DiarioHorario-Solar'!AD380 -> 0 | J149: ='Resumen-DiarioHorario-Solar'!AD457 -> 0 | K149: ='Resumen-DiarioHorario-Solar'!AD534 -> 0 | L149: ='Resumen-DiarioHorario-Solar'!AD611 -> 0 | M149: ='Resumen-DiarioHorario-Solar'!AD688 -> 0 | N149: ='Resumen-DiarioHorario-Solar'!AD765 -> 72.379 | O149: ='Resumen-DiarioHorario-Solar'!AD842 -> 0 | P149: ='Resumen-DiarioHorario-Solar'!AD919 -> 88.3035 | Q149: ='Resumen-DiarioHorario-Solar'!AD996 -> 7.7558333 | R149: ='Resumen-DiarioHorario-Solar'!AD1073 -> 16.1485 | S149: ='Resumen-DiarioHorario-Solar'!AD1150 -> 0.91983333 | T149: ='Resumen-DiarioHorario-Solar'!AD1227 -> 0 | U149: ='Resumen-DiarioHorario-Solar'!AD1304 -> 80.406 | V149: ='Resumen-DiarioHorario-Solar'!AD1381 -> 26.173667 | W149: ='Resumen-DiarioHorario-Solar'!AD1458 -> 0.771 | X149: ='Resumen-DiarioHorario-Solar'!AD1535 -> 0 | Y149: ='Resumen-DiarioHorario-Solar'!AD1612 -> 0 | Z149: ='Resumen-DiarioHorario-Solar'!AD1689 -> 2.484 | AA149: ='Resumen-DiarioHorario-Solar'!AD1766 -> 0 | AB149: ='Resumen-DiarioHorario-Solar'!AD1843 -> 16.278 | AC149: ='Resumen-DiarioHorario-Solar'!AD1920 -> 0 | AD149: ='Resumen-DiarioHorario-Solar'!AD1997 -> 0 | AE149: ='Resumen-DiarioHorario-Solar'!AD2074 -> 0.47816667 | AF149: ='Resumen-DiarioHorario-Solar'!AD2151 -> 19.484833 | AG149: ='Resumen-DiarioHorario-Solar'!AD2228 -> 0 | AH149: ='Resumen-DiarioHorario-Solar'!AD2305 -> 0 | AI149: =+'Resumen-DiarioHorario-Solar'!AD2382 -> 0 | AK149: =SUM(E149:AI149) -> 334.38167
B150: PFV-DONAANTONIA | E150: ='Resumen-DiarioHorario-Solar'!AD73 -> 0 | F150: ='Resumen-DiarioHorario-Solar'!AD150 -> 13.623 | G150: ='Resumen-DiarioHorario-Solar'!AD227 -> 0 | H150: ='Resumen-DiarioHorario-Solar'!AD304 -> 0 | I150: ='Resumen-DiarioHorario-Solar'!AD381 -> 2.3478333 | J150: ='Resumen-DiarioHorario-Solar'!AD458 -> 9.652 | K150: ='Resumen-DiarioHorario-Solar'!AD535 -> 2.7688333 | L150: ='Resumen-DiarioHorario-Solar'!AD612 -> 0 | M150: ='Resumen-DiarioHorario-Solar'!AD689 -> 118.13 | N150: ='Resumen-DiarioHorario-Solar'!AD766 -> 8.3038333 | O150: ='Resumen-DiarioHorario-Solar'!AD843 -> 0.21633333 | P150: ='Resumen-DiarioHorario-Solar'!AD920 -> 0.053833333 | Q150: ='Resumen-DiarioHorario-Solar'!AD997 -> 138.03083 | R150: ='Resumen-DiarioHorario-Solar'!AD1074 -> 0 | S150: ='Resumen-DiarioHorario-Solar'!AD1151 -> 52.466 | T150: ='Resumen-DiarioHorario-Solar'!AD1228 -> 69.974167 | U150: ='Resumen-DiarioHorario-Solar'!AD1305 -> 2.8323333 | V150: ='Resumen-DiarioHorario-Solar'!AD1382 -> 5.737 | W150: ='Resumen-DiarioHorario-Solar'!AD1459 -> 9.1733333 | X150: ='Resumen-DiarioHorario-Solar'!AD1536 -> 7.7046667 | Y150: ='Resumen-DiarioHorario-Solar'!AD1613 -> 0 | Z150: ='Resumen-DiarioHorario-Solar'!AD1690 -> 0 | AA150: ='Resumen-DiarioHorario-Solar'!AD1767 -> 0.42483333 | AB150: ='Resumen-DiarioHorario-Solar'!AD1844 -> 157.00367 | AC150: ='Resumen-DiarioHorario-Solar'!AD1921 -> 28.981 | AD150: ='Resumen-DiarioHorario-Solar'!AD1998 -> 22.187667 | AE150: ='Resumen-DiarioHorario-Solar'!AD2075 -> 80.134167 | AF150: ='Resumen-DiarioHorario-Solar'!AD2152 -> 12.147167 | AG150: ='Resumen-DiarioHorario-Solar'!AD2229 -> 0 | AH150: ='Resumen-DiarioHorario-Solar'!AD2306 -> 11.762 | AI150: =+'Resumen-DiarioHorario-Solar'!AD2383 -> 0 | AK150: =SUM(E150:AI150) -> 753.6545
B151: PFV-DONHUMBERTO | D151: † | E151: ='Resumen-DiarioHorario-Solar'!AD74 -> 0 | F151: ='Resumen-DiarioHorario-Solar'!AD151 -> 0 | G151: ='Resumen-DiarioHorario-Solar'!AD228 -> 0 | H151: ='Resumen-DiarioHorario-Solar'!AD305 -> 0 | I151: ='Resumen-DiarioHorario-Solar'!AD382 -> 0 | J151: ='Resumen-DiarioHorario-Solar'!AD459 -> 0 | K151: ='Resumen-DiarioHorario-Solar'!AD536 -> 0 | L151: ='Resumen-DiarioHorario-Solar'!AD613 -> 0 | M151: ='Resumen-DiarioHorario-Solar'!AD690 -> 0 | N151: ='Resumen-DiarioHorario-Solar'!AD767 -> 0 | O151: ='Resumen-DiarioHorario-Solar'!AD844 -> 0 | P151: ='Resumen-DiarioHorario-Solar'!AD921 -> 0 | Q151: ='Resumen-DiarioHorario-Solar'!AD998 -> 0 | R151: ='Resumen-DiarioHorario-Solar'!AD1075 -> 0 | S151: ='Resumen-DiarioHorario-Solar'!AD1152 -> 0 | T151: ='Resumen-DiarioHorario-Solar'!AD1229 -> 0 | U151: ='Resumen-DiarioHorario-Solar'!AD1306 -> 0 | V151: ='Resumen-DiarioHorario-Solar'!AD1383 -> 0 | W151: ='Resumen-DiarioHorario-Solar'!AD1460 -> 0 | X151: ='Resumen-DiarioHorario-Solar'!AD1537 -> 0 | Y151: ='Resumen-DiarioHorario-Solar'!AD1614 -> 0 | Z151: ='Resumen-DiarioHorario-Solar'!AD1691 -> 0 | AA151: ='Resumen-DiarioHorario-Solar'!AD1768 -> 0 | AB151: ='Resumen-DiarioHorario-Solar'!AD1845 -> 0 | AC151: ='Resumen-DiarioHorario-Solar'!AD1922 -> 0 | AD151: ='Resumen-DiarioHorario-Solar'!AD1999 -> 0 | AE151: ='Resumen-DiarioHorario-Solar'!AD2076 -> 0 | AF151: ='Resumen-DiarioHorario-Solar'!AD2153 -> 0 | AG151: ='Resumen-DiarioHorario-Solar'!AD2230 -> 0 | AH151: ='Resumen-DiarioHorario-Solar'!AD2307 -> 0 | AI151: =+'Resumen-DiarioHorario-Solar'!AD2384 -> 0 | AK151: =SUM(E151:AI151) -> 0
B152: PFV-GRANTENO | E152: ='Resumen-DiarioHorario-Solar'!AD75 -> 0 | F152: ='Resumen-DiarioHorario-Solar'!AD152 -> 0 | G152: ='Resumen-DiarioHorario-Solar'!AD229 -> 0 | H152: ='Resumen-DiarioHorario-Solar'!AD306 -> 0 | I152: ='Resumen-DiarioHorario-Solar'!AD383 -> 0 | J152: ='Resumen-DiarioHorario-Solar'!AD460 -> 0 | K152: ='Resumen-DiarioHorario-Solar'!AD537 -> 0 | L152: ='Resumen-DiarioHorario-Solar'!AD614 -> 0 | M152: ='Resumen-DiarioHorario-Solar'!AD691 -> 0 | N152: ='Resumen-DiarioHorario-Solar'!AD768 -> 0 | O152: ='Resumen-DiarioHorario-Solar'!AD845 -> 0 | P152: ='Resumen-DiarioHorario-Solar'!AD922 -> 0 | Q152: ='Resumen-DiarioHorario-Solar'!AD999 -> 0 | R152: ='Resumen-DiarioHorario-Solar'!AD1076 -> 0 | S152: ='Resumen-DiarioHorario-Solar'!AD1153 -> 0 | T152: ='Resumen-DiarioHorario-Solar'!AD1230 -> 0 | U152: ='Resumen-DiarioHorario-Solar'!AD1307 -> 0 | V152: ='Resumen-DiarioHorario-Solar'!AD1384 -> 0 | W152: ='Resumen-DiarioHorario-Solar'!AD1461 -> 0 | X152: ='Resumen-DiarioHorario-Solar'!AD1538 -> 0 | Y152: ='Resumen-DiarioHorario-Solar'!AD1615 -> 0 | Z152: ='Resumen-DiarioHorario-Solar'!AD1692 -> 0 | AA152: ='Resumen-DiarioHorario-Solar'!AD1769 -> 0 | AB152: ='Resumen-DiarioHorario-Solar'!AD1846 -> 0 | AC152: ='Resumen-DiarioHorario-Solar'!AD1923 -> 0 | AD152: ='Resumen-DiarioHorario-Solar'!AD2000 -> 0 | AE152: ='Resumen-DiarioHorario-Solar'!AD2077 -> 0 | AF152: ='Resumen-DiarioHorario-Solar'!AD2154 -> 0 | AG152: ='Resumen-DiarioHorario-Solar'!AD2231 -> 0 | AH152: ='Resumen-DiarioHorario-Solar'!AD2308 -> 0 | AI152: =+'Resumen-DiarioHorario-Solar'!AD2385 -> 0 | AK152: =SUM(E152:AI152) -> 0
B153: PFV-ANDESIV | D153: † | E153: ='Resumen-DiarioHorario-Solar'!AD76 -> 0 | F153: ='Resumen-DiarioHorario-Solar'!AD153 -> 0 | G153: ='Resumen-DiarioHorario-Solar'!AD230 -> 0 | H153: ='Resumen-DiarioHorario-Solar'!AD307 -> 0 | I153: ='Resumen-DiarioHorario-Solar'!AD384 -> 0 | J153: ='Resumen-DiarioHorario-Solar'!AD461 -> 0 | K153: ='Resumen-DiarioHorario-Solar'!AD538 -> 0 | L153: ='Resumen-DiarioHorario-Solar'!AD615 -> 0 | M153: ='Resumen-DiarioHorario-Solar'!AD692 -> 531.934 | N153: ='Resumen-DiarioHorario-Solar'!AD769 -> 403.52433 | O153: ='Resumen-DiarioHorario-Solar'!AD846 -> 424.07883 | P153: ='Resumen-DiarioHorario-Solar'!AD923 -> 404.07433 | Q153: ='Resumen-DiarioHorario-Solar'!AD1000 -> 477.3705 | R153: ='Resumen-DiarioHorario-Solar'!AD1077 -> 267.1055 | S153: ='Resumen-DiarioHorario-Solar'!AD1154 -> 103.40933 | T153: ='Resumen-DiarioHorario-Solar'!AD1231 -> 221.37283 | U153: ='Resumen-DiarioHorario-Solar'!AD1308 -> 201.43733 | V153: ='Resumen-DiarioHorario-Solar'!AD1385 -> 526.4435 | W153: ='Resumen-DiarioHorario-Solar'!AD1462 -> 466.89167 | X153: ='Resumen-DiarioHorario-Solar'!AD1539 -> 211.057 | Y153: ='Resumen-DiarioHorario-Solar'!AD1616 -> 0 | Z153: ='Resumen-DiarioHorario-Solar'!AD1693 -> 0 | AA153: ='Resumen-DiarioHorario-Solar'!AD1770 -> 95.749167 | AB153: ='Resumen-DiarioHorario-Solar'!AD1847 -> 291.47233 | AC153: ='Resumen-DiarioHorario-Solar'!AD1924 -> 565.85317 | AD153: ='Resumen-DiarioHorario-Solar'!AD2001 -> 564.479 | AE153: ='Resumen-DiarioHorario-Solar'!AD2078 -> 571.98667 | AF153: ='Resumen-DiarioHorario-Solar'!AD2155 -> 91.3545 | AG153: ='Resumen-DiarioHorario-Solar'!AD2232 -> 0 | AH153: ='Resumen-DiarioHorario-Solar'!AD2309 -> 49.0355 | AI153: =+'Resumen-DiarioHorario-Solar'!AD2386 -> 0 | AK153: =SUM(E153:AI153) -> 6468.6295
B154: PFV-TAMARICO | E154: ='Resumen-DiarioHorario-Solar'!AD77 -> 0 | F154: ='Resumen-DiarioHorario-Solar'!AD154 -> 0 | G154: ='Resumen-DiarioHorario-Solar'!AD231 -> 0 | H154: ='Resumen-DiarioHorario-Solar'!AD308 -> 0 | I154: ='Resumen-DiarioHorario-Solar'!AD385 -> 0 | J154: ='Resumen-DiarioHorario-Solar'!AD462 -> 0 | K154: ='Resumen-DiarioHorario-Solar'!AD539 -> 0 | L154: ='Resumen-DiarioHorario-Solar'!AD616 -> 0 | M154: ='Resumen-DiarioHorario-Solar'!AD693 -> 502.10433 | N154: ='Resumen-DiarioHorario-Solar'!AD770 -> 74.286833 | O154: ='Resumen-DiarioHorario-Solar'!AD847 -> 8.974 | P154: ='Resumen-DiarioHorario-Solar'!AD924 -> 27.399 | Q154: ='Resumen-DiarioHorario-Solar'!AD1001 -> 23.361833 | R154: ='Resumen-DiarioHorario-Solar'!AD1078 -> 0 | S154: ='Resumen-DiarioHorario-Solar'!AD1155 -> 2.0555 | T154: ='Resumen-DiarioHorario-Solar'!AD1232 -> 145.59717 | U154: ='Resumen-DiarioHorario-Solar'!AD1309 -> 5.2041667 | V154: ='Resumen-DiarioHorario-Solar'!AD1386 -> 353.964 | W154: ='Resumen-DiarioHorario-Solar'!AD1463 -> 272.01767 | X154: ='Resumen-DiarioHorario-Solar'!AD1540 -> 3.7721667 | Y154: ='Resumen-DiarioHorario-Solar'!AD1617 -> 0 | Z154: ='Resumen-DiarioHorario-Solar'!AD1694 -> 0 | AA154: ='Resumen-DiarioHorario-Solar'!AD1771 -> 0 | AB154: ='Resumen-DiarioHorario-Solar'!AD1848 -> 31.036667 | AC154: ='Resumen-DiarioHorario-Solar'!AD1925 -> 321.73717 | AD154: ='Resumen-DiarioHorario-Solar'!AD2002 -> 415.41067 | AE154: ='Resumen-DiarioHorario-Solar'!AD2079 -> 74.874333 | AF154: ='Resumen-DiarioHorario-Solar'!AD2156 -> 0.070666667 | AG154: ='Resumen-DiarioHorario-Solar'!AD2233 -> 0 | AH154: ='Resumen-DiarioHorario-Solar'!AD2310 -> 0 | AI154: =+'Resumen-DiarioHorario-Solar'!AD2387 -> 0 | AK154: =SUM(E154:AI154) -> 2261.8662
B155: PFV-TAIRA | E155: ='Resumen-DiarioHorario-Solar'!AD78 -> 0 | F155: ='Resumen-DiarioHorario-Solar'!AD155 -> 0 | G155: ='Resumen-DiarioHorario-Solar'!AD232 -> 0 | H155: ='Resumen-DiarioHorario-Solar'!AD309 -> 0 | I155: ='Resumen-DiarioHorario-Solar'!AD386 -> 0 | J155: ='Resumen-DiarioHorario-Solar'!AD463 -> 0 | K155: ='Resumen-DiarioHorario-Solar'!AD540 -> 0 | L155: ='Resumen-DiarioHorario-Solar'!AD617 -> 0 | M155: ='Resumen-DiarioHorario-Solar'!AD694 -> 0 | N155: ='Resumen-DiarioHorario-Solar'!AD771 -> 0 | O155: ='Resumen-DiarioHorario-Solar'!AD848 -> 0 | P155: ='Resumen-DiarioHorario-Solar'!AD925 -> 0 | Q155: ='Resumen-DiarioHorario-Solar'!AD1002 -> 0 | R155: ='Resumen-DiarioHorario-Solar'!AD1079 -> 0 | S155: ='Resumen-DiarioHorario-Solar'!AD1156 -> 0 | T155: ='Resumen-DiarioHorario-Solar'!AD1233 -> 0 | U155: ='Resumen-DiarioHorario-Solar'!AD1310 -> 0 | V155: ='Resumen-DiarioHorario-Solar'!AD1387 -> 0 | W155: ='Resumen-DiarioHorario-Solar'!AD1464 -> 0 | X155: ='Resumen-DiarioHorario-Solar'!AD1541 -> 0 | Y155: ='Resumen-DiarioHorario-Solar'!AD1618 -> 0 | Z155: ='Resumen-DiarioHorario-Solar'!AD1695 -> 0 | AA155: ='Resumen-DiarioHorario-Solar'!AD1772 -> 0 | AB155: ='Resumen-DiarioHorario-Solar'!AD1849 -> 0 | AC155: ='Resumen-DiarioHorario-Solar'!AD1926 -> 0 | AD155: ='Resumen-DiarioHorario-Solar'!AD2003 -> 0 | AE155: ='Resumen-DiarioHorario-Solar'!AD2080 -> 0 | AF155: ='Resumen-DiarioHorario-Solar'!AD2157 -> 0 | AG155: ='Resumen-DiarioHorario-Solar'!AD2234 -> 0 | AH155: ='Resumen-DiarioHorario-Solar'!AD2311 -> 0 | AI155: =+'Resumen-DiarioHorario-Solar'!AD2388 -> 0 | AK155: =SUM(E155:AI155) -> 0
B158: DESGLOSE DIARIO DE CURTAILMENTS DE HIDROELÉCTRICAS DE PASADA
B160: Central / Día | E160: =E83 -> 45748 | F160: =F83 -> 45749 | G160: =G83 -> 45750 | H160: =H83 -> 45751 | I160: =I83 -> 45752 | J160: =J83 -> 45753 | K160: =K83 -> 45754 | L160: =L83 -> 45755 | ... AI160: =AI83 -> - | AJ160: Total
B161: Total | E161: =SUM(E162:E297) -> 176.44314 | F161: =SUM(F162:F297) -> 21.526876 | G161: =SUM(G162:G297) -> 386.05453 | H161: =SUM(H162:H297) -> 23.27661 | I161: =SUM(I162:I297) -> 6.3779564 | J161: =SUM(J162:J297) -> 284.40243 | K161: =SUM(K162:K297) -> 4.9312423 | L161: =SUM(L162:L297) -> 0 | ... AI161: =SUM(AI162:AI297) -> 0 | AK161: =SUM(AK162:AK297) -> 2017.7691
B162: ABANICO-1 | E162: =+'Resumen-DiarioHorario-HP'!AD8 -> 0 | F162: =+'Resumen-DiarioHorario-HP'!AD150 -> 0 | G162: =+'Resumen-DiarioHorario-HP'!AD292 -> 20.27775 | H162: =+'Resumen-DiarioHorario-HP'!AD434 -> 0.075097325 | I162: =+'Resumen-DiarioHorario-HP'!AD576 -> 0 | J162: =+'Resumen-DiarioHorario-HP'!AD718 -> 3.5627251 | K162: =+'Resumen-DiarioHorario-HP'!AD860 -> 0.13584188 | L162: =+'Resumen-DiarioHorario-HP'!AD1002 -> 0 | M162: =+'Resumen-DiarioHorario-HP'!AD1144 -> 0 | N162: =+'Resumen-DiarioHorario-HP'!AD1286 -> 3.564013 | O162: =+'Resumen-DiarioHorario-HP'!AD1428 -> 0 | P162: =+'Resumen-DiarioHorario-HP'!AD1570 -> 20.653713 | Q162: =+'Resumen-DiarioHorario-HP'!AD1712 -> 0.37128488 | R162: =+'Resumen-DiarioHorario-HP'!AD1854 -> 0.38564359 | S162: =+'Resumen-DiarioHorario-HP'!AD1996 -> 2.0880755 | T162: =+'Resumen-DiarioHorario-HP'!AD2138 -> 0 | U162: =+'Resumen-DiarioHorario-HP'!AD2280 -> 12.016377 | V162: =+'Resumen-DiarioHorario-HP'!AD2422 -> 29.72194 | W162: =+'Resumen-DiarioHorario-HP'!AD2564 -> 0 | X162: =+'Resumen-DiarioHorario-HP'!AD2706 -> 0 | Y162: =+'Resumen-DiarioHorario-HP'!AD2848 -> 0 | Z162: =+'Resumen-DiarioHorario-HP'!AD2990 -> 0 | AA162: =+'Resumen-DiarioHorario-HP'!AD3132 -> 0 | AB162: =+'Resumen-DiarioHorario-HP'!AD3274 -> 2.4294288 | AC162: =+'Resumen-DiarioHorario-HP'!AD3416 -> 0 | AD162: =+'Resumen-DiarioHorario-HP'!AD3558 -> 0 | AE162: =+'Resumen-DiarioHorario-HP'!AD3700 -> 0.31426316 | AF162: =+'Resumen-DiarioHorario-HP'!AD3842 -> 0 | AG162: =+'Resumen-DiarioHorario-HP'!AD3984 -> 0 | AH162: =+'Resumen-DiarioHorario-HP'!AD4126 -> 0 | AI162: =+'Resumen-DiarioHorario-HP'!AD4268 -> 0 | AK162: =SUM(E162:AI162) -> 95.596153
B163: ABANICO-3 | E163: =+'Resumen-DiarioHorario-HP'!AD9 -> 0 | F163: =+'Resumen-DiarioHorario-HP'!AD151 -> 0 | G163: =+'Resumen-DiarioHorario-HP'!AD293 -> 20.27775 | H163: =+'Resumen-DiarioHorario-HP'!AD435 -> 0.075097325 | I163: =+'Resumen-DiarioHorario-HP'!AD577 -> 0 | J163: =+'Resumen-DiarioHorario-HP'!AD719 -> 3.5627251 | K163: =+'Resumen-DiarioHorario-HP'!AD861 -> 0.13584188 | L163: =+'Resumen-DiarioHorario-HP'!AD1003 -> 0 | M163: =+'Resumen-DiarioHorario-HP'!AD1145 -> 0 | N163: =+'Resumen-DiarioHorario-HP'!AD1287 -> 3.564013 | O163: =+'Resumen-DiarioHorario-HP'!AD1429 -> 0 | P163: =+'Resumen-DiarioHorario-HP'!AD1571 -> 20.653713 | Q163: =+'Resumen-DiarioHorario-HP'!AD1713 -> 0.37128488 | R163: =+'Resumen-DiarioHorario-HP'!AD1855 -> 0.38564359 | S163: =+'Resumen-DiarioHorario-HP'!AD1997 -> 2.0880755 | T163: =+'Resumen-DiarioHorario-HP'!AD2139 -> 0 | U163: =+'Resumen-DiarioHorario-HP'!AD2281 -> 12.016377 | V163: =+'Resumen-DiarioHorario-HP'!AD2423 -> 29.72194 | W163: =+'Resumen-DiarioHorario-HP'!AD2565 -> 0 | X163: =+'Resumen-DiarioHorario-HP'!AD2707 -> 0 | Y163: =+'Resumen-DiarioHorario-HP'!AD2849 -> 0 | Z163: =+'Resumen-DiarioHorario-HP'!AD2991 -> 0 | AA163: =+'Resumen-DiarioHorario-HP'!AD3133 -> 0 | AB163: =+'Resumen-DiarioHorario-HP'!AD3275 -> 2.4294288 | AC163: =+'Resumen-DiarioHorario-HP'!AD3417 -> 0 | AD163: =+'Resumen-DiarioHorario-HP'!AD3559 -> 0 | AE163: =+'Resumen-DiarioHorario-HP'!AD3701 -> 0.31426316 | AF163: =+'Resumen-DiarioHorario-HP'!AD3843 -> 0 | AG163: =+'Resumen-DiarioHorario-HP'!AD3985 -> 0 | AH163: =+'Resumen-DiarioHorario-HP'!AD4127 -> 0 | AI163: =+'Resumen-DiarioHorario-HP'!AD4269 -> 0 | AK163: =SUM(E163:AI163) -> 95.596153
B164: ABANICO-5 | E164: =+'Resumen-DiarioHorario-HP'!AD10 -> 0 | F164: =+'Resumen-DiarioHorario-HP'!AD152 -> 0 | G164: =+'Resumen-DiarioHorario-HP'!AD294 -> 20.27775 | H164: =+'Resumen-DiarioHorario-HP'!AD436 -> 0.075097325 | I164: =+'Resumen-DiarioHorario-HP'!AD578 -> 0 | J164: =+'Resumen-DiarioHorario-HP'!AD720 -> 3.5627251 | K164: =+'Resumen-DiarioHorario-HP'!AD862 -> 0.13584188 | L164: =+'Resumen-DiarioHorario-HP'!AD1004 -> 0 | M164: =+'Resumen-DiarioHorario-HP'!AD1146 -> 0 | N164: =+'Resumen-DiarioHorario-HP'!AD1288 -> 3.564013 | O164: =+'Resumen-DiarioHorario-HP'!AD1430 -> 0 | P164: =+'Resumen-DiarioHorario-HP'!AD1572 -> 20.653713 | Q164: =+'Resumen-DiarioHorario-HP'!AD1714 -> 0.37128488 | R164: =+'Resumen-DiarioHorario-HP'!AD1856 -> 0.38564359 | S164: =+'Resumen-DiarioHorario-HP'!AD1998 -> 2.0880755 | T164: =+'Resumen-DiarioHorario-HP'!AD2140 -> 0 | U164: =+'Resumen-DiarioHorario-HP'!AD2282 -> 12.016377 | V164: =+'Resumen-DiarioHorario-HP'!AD2424 -> 29.72194 | W164: =+'Resumen-DiarioHorario-HP'!AD2566 -> 0 | X164: =+'Resumen-DiarioHorario-HP'!AD2708 -> 0 | Y164: =+'Resumen-DiarioHorario-HP'!AD2850 -> 0 | Z164: =+'Resumen-DiarioHorario-HP'!AD2992 -> 0 | AA164: =+'Resumen-DiarioHorario-HP'!AD3134 -> 0 | AB164: =+'Resumen-DiarioHorario-HP'!AD3276 -> 2.4294288 | AC164: =+'Resumen-DiarioHorario-HP'!AD3418 -> 0 | AD164: =+'Resumen-DiarioHorario-HP'!AD3560 -> 0 | AE164: =+'Resumen-DiarioHorario-HP'!AD3702 -> 0.31426316 | AF164: =+'Resumen-DiarioHorario-HP'!AD3844 -> 0 | AG164: =+'Resumen-DiarioHorario-HP'!AD3986 -> 0 | AH164: =+'Resumen-DiarioHorario-HP'!AD4128 -> 0 | AI164: =+'Resumen-DiarioHorario-HP'!AD4270 -> 0 | AK164: =SUM(E164:AI164) -> 95.596153
B165: ABANICO-6 | E165: =+'Resumen-DiarioHorario-HP'!AD11 -> 0 | F165: =+'Resumen-DiarioHorario-HP'!AD153 -> 0 | G165: =+'Resumen-DiarioHorario-HP'!AD295 -> 20.27775 | H165: =+'Resumen-DiarioHorario-HP'!AD437 -> 0.075097325 | I165: =+'Resumen-DiarioHorario-HP'!AD579 -> 0 | J165: =+'Resumen-DiarioHorario-HP'!AD721 -> 3.5627251 | K165: =+'Resumen-DiarioHorario-HP'!AD863 -> 0.13584188 | L165: =+'Resumen-DiarioHorario-HP'!AD1005 -> 0 | M165: =+'Resumen-DiarioHorario-HP'!AD1147 -> 0 | N165: =+'Resumen-DiarioHorario-HP'!AD1289 -> 3.564013 | O165: =+'Resumen-DiarioHorario-HP'!AD1431 -> 0 | P165: =+'Resumen-DiarioHorario-HP'!AD1573 -> 20.653713 | Q165: =+'Resumen-DiarioHorario-HP'!AD1715 -> 0.37128488 | R165: =+'Resumen-DiarioHorario-HP'!AD1857 -> 0.38564359 | S165: =+'Resumen-DiarioHorario-HP'!AD1999 -> 2.0880755 | T165: =+'Resumen-DiarioHorario-HP'!AD2141 -> 0 | U165: =+'Resumen-DiarioHorario-HP'!AD2283 -> 12.016377 | V165: =+'Resumen-DiarioHorario-HP'!AD2425 -> 29.72194 | W165: =+'Resumen-DiarioHorario-HP'!AD2567 -> 0 | X165: =+'Resumen-DiarioHorario-HP'!AD2709 -> 0 | Y165: =+'Resumen-DiarioHorario-HP'!AD2851 -> 0 | Z165: =+'Resumen-DiarioHorario-HP'!AD2993 -> 0 | AA165: =+'Resumen-DiarioHorario-HP'!AD3135 -> 0 | AB165: =+'Resumen-DiarioHorario-HP'!AD3277 -> 2.4294288 | AC165: =+'Resumen-DiarioHorario-HP'!AD3419 -> 0 | AD165: =+'Resumen-DiarioHorario-HP'!AD3561 -> 0 | AE165: =+'Resumen-DiarioHorario-HP'!AD3703 -> 0.31426316 | AF165: =+'Resumen-DiarioHorario-HP'!AD3845 -> 0 | AG165: =+'Resumen-DiarioHorario-HP'!AD3987 -> 0 | AH165: =+'Resumen-DiarioHorario-HP'!AD4129 -> 0 | AI165: =+'Resumen-DiarioHorario-HP'!AD4271 -> 0 | AK165: =SUM(E165:AI165) -> 95.596153
B166: AILLÍN | E166: =+'Resumen-DiarioHorario-HP'!AD12 -> 0 | F166: =+'Resumen-DiarioHorario-HP'!AD154 -> 0 | G166: =+'Resumen-DiarioHorario-HP'!AD296 -> 0 | H166: =+'Resumen-DiarioHorario-HP'!AD438 -> 0 | I166: =+'Resumen-DiarioHorario-HP'!AD580 -> 0 | J166: =+'Resumen-DiarioHorario-HP'!AD722 -> 0 | K166: =+'Resumen-DiarioHorario-HP'!AD864 -> 0 | L166: =+'Resumen-DiarioHorario-HP'!AD1006 -> 0 | M166: =+'Resumen-DiarioHorario-HP'!AD1148 -> 0 | N166: =+'Resumen-DiarioHorario-HP'!AD1290 -> 0 | O166: =+'Resumen-DiarioHorario-HP'!AD1432 -> 0 | P166: =+'Resumen-DiarioHorario-HP'!AD1574 -> 0 | Q166: =+'Resumen-DiarioHorario-HP'!AD1716 -> 0 | R166: =+'Resumen-DiarioHorario-HP'!AD1858 -> 0 | S166: =+'Resumen-DiarioHorario-HP'!AD2000 -> 0 | T166: =+'Resumen-DiarioHorario-HP'!AD2142 -> 0 | U166: =+'Resumen-DiarioHorario-HP'!AD2284 -> 0 | V166: =+'Resumen-DiarioHorario-HP'!AD2426 -> 0 | W166: =+'Resumen-DiarioHorario-HP'!AD2568 -> 0 | X166: =+'Resumen-DiarioHorario-HP'!AD2710 -> 0 | Y166: =+'Resumen-DiarioHorario-HP'!AD2852 -> 0 | Z166: =+'Resumen-DiarioHorario-HP'!AD2994 -> 0 | AA166: =+'Resumen-DiarioHorario-HP'!AD3136 -> 0 | AB166: =+'Resumen-DiarioHorario-HP'!AD3278 -> 0 | AC166: =+'Resumen-DiarioHorario-HP'!AD3420 -> 0 | AD166: =+'Resumen-DiarioHorario-HP'!AD3562 -> 0 | AE166: =+'Resumen-DiarioHorario-HP'!AD3704 -> 0 | AF166: =+'Resumen-DiarioHorario-HP'!AD3846 -> 0 | AG166: =+'Resumen-DiarioHorario-HP'!AD3988 -> 0 | AH166: =+'Resumen-DiarioHorario-HP'!AD4130 -> 0 | AI166: =+'Resumen-DiarioHorario-HP'!AD4272 -> 0 | AK166: =SUM(E166:AI166) -> 0
B167: ALFALFAL II-1 | E167: =+'Resumen-DiarioHorario-HP'!AD13 -> 0 | F167: =+'Resumen-DiarioHorario-HP'!AD155 -> 0 | G167: =+'Resumen-DiarioHorario-HP'!AD297 -> 0 | H167: =+'Resumen-DiarioHorario-HP'!AD439 -> 0 | I167: =+'Resumen-DiarioHorario-HP'!AD581 -> 0 | J167: =+'Resumen-DiarioHorario-HP'!AD723 -> 0 | K167: =+'Resumen-DiarioHorario-HP'!AD865 -> 0 | L167: =+'Resumen-DiarioHorario-HP'!AD1007 -> 0 | M167: =+'Resumen-DiarioHorario-HP'!AD1149 -> 0 | N167: =+'Resumen-DiarioHorario-HP'!AD1291 -> 0 | O167: =+'Resumen-DiarioHorario-HP'!AD1433 -> 0 | P167: =+'Resumen-DiarioHorario-HP'!AD1575 -> 0 | Q167: =+'Resumen-DiarioHorario-HP'!AD1717 -> 0 | R167: =+'Resumen-DiarioHorario-HP'!AD1859 -> 0 | S167: =+'Resumen-DiarioHorario-HP'!AD2001 -> 0 | T167: =+'Resumen-DiarioHorario-HP'!AD2143 -> 0 | U167: =+'Resumen-DiarioHorario-HP'!AD2285 -> 0 | V167: =+'Resumen-DiarioHorario-HP'!AD2427 -> 0 | W167: =+'Resumen-DiarioHorario-HP'!AD2569 -> 0 | X167: =+'Resumen-DiarioHorario-HP'!AD2711 -> 0 | Y167: =+'Resumen-DiarioHorario-HP'!AD2853 -> 0 | Z167: =+'Resumen-DiarioHorario-HP'!AD2995 -> 0 | AA167: =+'Resumen-DiarioHorario-HP'!AD3137 -> 0 | AB167: =+'Resumen-DiarioHorario-HP'!AD3279 -> 0 | AC167: =+'Resumen-DiarioHorario-HP'!AD3421 -> 0 | AD167: =+'Resumen-DiarioHorario-HP'!AD3563 -> 0 | AE167: =+'Resumen-DiarioHorario-HP'!AD3705 -> 0 | AF167: =+'Resumen-DiarioHorario-HP'!AD3847 -> 0 | AG167: =+'Resumen-DiarioHorario-HP'!AD3989 -> 0 | AH167: =+'Resumen-DiarioHorario-HP'!AD4131 -> 0 | AI167: =+'Resumen-DiarioHorario-HP'!AD4273 -> 0 | AK167: =SUM(E167:AI167) -> 0
...

Sheet Resumen-DiarioHorario-Eólico
B2: CURTAILMENTS EÓLICAS POR CENTRALES EN FORMA DIARIA/HORARIA
B5: ='Resumen-Mensual'!$E$26 -> 45748
B7: Central/Hora | E7: 1 | F7: 2 | G7: 3 | H7: 4 | I7: 5 | J7: 6 | K7: 7 | L7: 8 | M7: 9 | N7: 10 | O7: 11 | P7: 12 | Q7: 13 | R7: 14 | S7: 15 | T7: 16 | U7: 17 | V7: 18 | W7: 19 | X7: 20 | Y7: 21 | Z7: 22 | AA7: 23 | AB7: 24 | AC7: Total
B8: PE-TCHAMMA | E8: 0 | F8: 0.011333333 | G8: 0 | H8: 0 | I8: 0 | J8: 0 | K8: 0 | L8: 0 | M8: 0 | N8: 0 | O8: 0 | P8: 0 | Q8: 5.625 | R8: 25.682667 | S8: 27.25 | T8: 23.115333 | U8: 34.0245 | V8: 28.511667 | W8: 10.4885 | X8: 0 | Y8: 0 | Z8: 0 | AA8: 0 | AB8: 0 | AD8: =SUM(E8:AB8) -> 154.709
B9: PE-SIERRAGORDA | E9: 2.97 | F9: 2.0578333 | G9: 1.1956667 | H9: 0 | I9: 2.2366667 | J9: 0 | K9: 0 | L9: 0 | M9: 0 | N9: 4.9283333 | O9: 6.6706667 | P9: 1.9495 | Q9: 7.7148333 | R9: 23.605833 | S9: 29.467 | T9: 37.167833 | U9: 41.3205 | V9: 32.1945 | W9: 6.1006667 | X9: 0 | Y9: 0 | Z9: 0 | AA9: 0 | AB9: 0 | AD9: =SUM(E9:AB9) -> 199.57983
B10: PE-VALLEDELOSVIENTOS | E10: 0.87583333 | F10: 0.3485 | G10: 0.57816667 | H10: 0.93466667 | I10: 1.6385 | J10: 0 | K10: 0 | L10: 0 | M10: 0 | N10: 2.8616667 | O10: 1.8023333 | P10: 0.948 | Q10: 8.0425 | R10: 35.4065 | S10: 45.072 | T10: 44.724 | U10: 28.690833 | V10: 27.134333 | W10: 8.6211667 | X10: 0 | Y10: 0 | Z10: 0 | AA10: 0 | AB10: 0 | AD10: =SUM(E10:AB10) -> 207.679
B11: PE-CERROTIGRE | E11: 1.1666667 | F11: 0.28 | G11: 0.62 | H11: 1.07 | I11: 2.256 | J11: 0 | K11: 0 | L11: 0 | M11: 0 | N11: 0.088 | O11: 0.08 | P11: 0.2345 | Q11: 5.7695 | R11: 43.265833 | S11: 110.08467 | T11: 125.29133 | U11: 100.7955 | V11: 141.9795 | W11: 20.586333 | X11: 0 | Y11: 0 | Z11: 0 | AA11: 0 | AB11: 0 | AD11: =SUM(E11:AB11) -> 553.56783
B12: PE-CALAMA | E12: 0.63083333 | F12: 0.089 | G12: 0.083 | H12: 0 | I12: 0.17783333 | J12: 0 | K12: 0 | L12: 0 | M12: 0 | N12: 4.156 | O12: 2.7336667 | P12: 0.164 | Q12: 1.1811667 | R12: 13.495333 | S12: 72.908167 | T12: 74.708833 | U12: 41.064333 | V12: 32.416167 | W12: 9.1651667 | X12: 0 | Y12: 0 | Z12: 0 | AA12: 0 | AB12: 0 | AD12: =SUM(E12:AB12) -> 252.9735
B13: PE-TALTAL | E13: 4.0653333 | F13: 2.098 | G13: 0 | H13: 5.1243333 | I13: 8.7353333 | J13: 0 | K13: 0 | L13: 0 | M13: 0 | N13: 3.389 | O13: 0 | P13: 0 | Q13: 3.5746667 | R13: 8.629 | S13: 7.0588333 | T13: 4.6556667 | U13: 6.9218333 | V13: 9.1035 | W13: 1.9281667 | X13: 0 | Y13: 0 | Z13: 0 | AA13: 0 | AB13: 0 | AD13: =SUM(E13:AB13) -> 65.283667
B14: PE-SARCO | E14: 36.591 | F14: 22.296333 | G14: 13.425667 | H14: 10.153833 | I14: 4.2191667 | J14: 0 | K14: 0 | L14: 0 | M14: 0 | N14: 2.3603333 | O14: 3.4436667 | P14: 1.0266667 | Q14: 0 | R14: 0 | S14: 0 | T14: 0 | U14: 7.7645 | V14: 19.232167 | W14: 16.156833 | X14: 0 | Y14: 0 | Z14: 0 | AA14: 0 | AB14: 0 | AD14: =SUM(E14:AB14) -> 136.67017
B15: PE-CABOLEONES-1 | E15: 17.163 | F15: 11.527667 | G15: 7.8073333 | H15: 4.9366667 | I15: 4.1145 | J15: 0 | K15: 0 | L15: 0 | M15: 0 | N15: 3.232 | O15: 4.852 | P15: 1.8721667 | Q15: 0 | R15: 0 | S15: 0 | T15: 0.0048333333 | U15: 12.171833 | V15: 19.832167 | W15: 5.1905 | X15: 0 | Y15: 0 | Z15: 0 | AA15: 0 | AB15: 0 | AD15: =SUM(E15:AB15) -> 92.704667
B16: PE-CABOLEONES-2 | E16: 21.09 | F16: 12.45 | G16: 6.8735 | H16: 4.0605 | I16: 4.328 | J16: 0 | K16: 0 | L16: 0 | M16: 0 | N16: 6.2493333 | O16: 9.9131667 | P16: 3.864 | Q16: 1.3086667 | R16: 0.72333333 | S16: 0 | T16: 0.004 | U16: 9.6186667 | V16: 15.651667 | W16: 3.557 | X16: 0 | Y16: 0 | Z16: 0 | AA16: 0 | AB16: 0 | AD16: =SUM(E16:AB16) -> 99.691833
B17: PE-CABOLEONES-3 | E17: 39.066333 | F17: 26.938 | G17: 17.846667 | H17: 11.290833 | I17: 7.5343333 | J17: 0 | K17: 0 | L17: 0 | M17: 0 | N17: 1.035 | O17: 1.811 | P17: 0.93683333 | Q17: 1.7995 | R17: 1.0655 | S17: 0.378 | T17: 8.6825 | U17: 21.608167 | V17: 29.779167 | W17: 8.9945 | X17: 0 | Y17: 0 | Z17: 0 | AA17: 0 | AB17: 0 | AD17: =SUM(E17:AB17) -> 178.76633
B18: PE-SANJUAN | E18: 3.01 | F18: 0.19033333 | G18: 0.62 | H18: 0.6 | I18: 0.468 | J18: 0 | K18: 0 | L18: 0 | M18: 0 | N18: 1.3228333 | O18: 2.2573333 | P18: 0.70216667 | Q18: 1.6133333 | R18: 0.95266667 | S18: 0.0078333333 | T18: 11.3245 | U18: 16.33 | V18: 18.841667 | W18: 5.8153333 | X18: 0 | Y18: 0 | Z18: 0 | AA18: 0 | AB18: 0 | AD18: =SUM(E18:AB18) -> 64.056
B19: PE-PUNTACOLORADA | E19: 0 | F19: 0 | G19: 0 | H19: 0 | I19: 0 | J19: 0 | K19: 0 | L19: 0 | M19: 0 | N19: 0 | O19: 0 | P19: 0 | Q19: 0 | R19: 0 | S19: 0 | T19: 0 | U19: 0 | V19: 0 | W19: 0 | X19: 0 | Y19: 0 | Z19: 0 | AA19: 0 | AB19: 0 | AD19: =SUM(E19:AB19) -> 0
... B57: PE-MANANTIALES | E57: 0 | F57: 0 | G57: 0 | H57: 0 | I57: 0 | J57: 0 | K57: 0 | L57: 0 | M57: 0 | N57: 0 | O57: 0 | P57: 0 | Q57: 0.67742 | R57: 0.35866167 | S57: 0.11988 | T57: 0.81149333 | U57: 1.6886717 | V57: 4.5447433 | W57: 2.4640367 | X57: 0 | Y57: 0 | Z57: 0 | AA57: 0 | AB57: 0 | AD57: =SUM(E57:AB57) -> 10.664907
B58: PE-KALLPA | AD58: =SUM(E58:AB58) -> 0
B59: Total | E59: =SUM(E8:E58) -> 255.59133 | F59: =SUM(F8:F58) -> 216.20467 | G59: =SUM(G8:G58) -> 221.0455 | H59: =SUM(H8:H58) -> 224.2755 | I59: =SUM(I8:I58) -> 269.41983 | J59: =SUM(J8:J58) -> 132.00267 | K59: =SUM(K8:K58) -> 178.799 | L59: =SUM(L8:L58) -> 0 | ... AB59: =SUM(AB8:AB58) -> 0 | AC59: =SUM(AC8:AE58) -> 4559.9606
B62: ='Resumen-Mensual'!$F$26 -> 45749
B64: Central/Hora | E64: 1 | F64: 2 | G64: 3 | H64: 4 | I64: 5 | J64: 6 | K64: 7 | L64: 8 | M64: 9 | N64: 10 | O64: 11 | P64: 12 | Q64: 13 | R64: 14 | S64: 15 | T64: 16 | U64: 17 | V64: 18 | W64: 19 | X64: 20 | Y64: 21 | Z64: 22 | AA64: 23 | AB64: 24 | AC64: Total
B65: PE-TCHAMMA | E65: 0 | F65: 0 | G65: 0 | H65: 0 | I65: 0 | J65: 0 | K65: 0 | L65: 0 | M65: 0 | N65: 3.9528333 | O65: 4.3875 | P65: 3.8268333 | Q65: 3.9571667 | R65: 10.566833 | S65: 13.674833 | T65: 13.293167 | U65: 5.2806667 | V65: 2.8681667 | W65: 3.703 | X65: 0 | Y65: 0 | Z65: 0 | AA65: 0 | AB65: 0 | AD65: =SUM(E65:AB65) -> 65.511
B66: PE-SIERRAGORDA | E66: 0 | F66: 0 | G66: 0 | H66: 0 | I66: 0 | J66: 0 | K66: 0 | L66: 0 | M66: 0 | N66: 8.8973333 | O66: 10.209167 | P66: 5.0363333 | Q66: 8.3431667 | R66: 13.8335 | S66: 23.913333 | T66: 29.5735 | U66: 34.1505 | V66: 37.542833 | W66: 10.667167 | X66: 0 | Y66: 0 | Z66: 0 | AA66: 0 | AB66: 0 | AD66: =SUM(E66:AB66) -> 182.16683
B67: PE-VALLEDELOSVIENTOS | E67: 0 | F67: 0 | G67: 0 | H67: 0 | I67: 0 | J67: 0 | K67: 0 | L67: 0 | M67: 0 | N67: 4.1691667 | O67: 2.9345 | P67: 2.0366667 | Q67: 5.9268333 | R67: 17.936667 | S67: 36.601333 | T67: 32.683333 | U67: 21.538333 | V67: 23.965 | W67: 14.771667 | X67: 0 | Y67: 0 | Z67: 0 | AA67: 0 | AB67: 0 | AD67: =SUM(E67:AB67) -> 162.5635
B68: PE-CERROTIGRE | E68: 0 | F68: 0 | G68: 0 | H68: 0 | I68: 0 | J68: 0 | K68: 0 | L68: 0 | M68: 0 | N68: 0.36233333 | O68: 0.0041666667 | P68: 0.22233333 | Q68: 8.65 | R68: 42.643333 | S68: 100.59033 | T68: 122.58817 | U68: 121.18417 | V68: 139.39233 | W68: 6.4628333 | X68: 0 | Y68: 0 | Z68: 0 | AA68: 0 | AB68: 0 | AD68: =SUM(E68:AB68) -> 542.1
B69: PE-CALAMA | E69: 0 | F69: 0 | G69: 0 | H69: 0 | I69: 0 | J69: 0 | K69: 0 | L69: 0 | M69: 0 | N69: 16.0815 | O69: 9.4026667 | P69: 2.2786667 | Q69: 1.1588333 | R69: 4.075 | S69: 28.817167 | T69: 49.483333 | U69: 37.946833 | V69: 73.336667 | W69: 22.7485 | X69: 0 | Y69: 0 | Z69: 0 | AA69: 0 | AB69: 0 | AD69: =SUM(E69:AB69) -> 245.32917
B70: PE-TALTAL | E70: 0 | F70: 0 | G70: 0 | H70: 0 | I70: 0 | J70: 0 | K70: 0 | L70: 0 | M70: 0 | N70: 6.3353333 | O70: 4.2025 | P70: 0.56 | Q70: 0.68 | R70: 4.8 | S70: 14.7435 | T70: 13.096833 | U70: 7.037 | V70: 0 | W70: 0 | X70: 0 | Y70: 0 | Z70: 0 | AA70: 0 | AB70: 0 | AD70: =SUM(E70:AB70) -> 51.455167
B71: PE-SARCO | E71: 0 | F71: 0 | G71: 0 | H71: 0 | I71: 0 | J71: 0 | K71: 0 | L71: 0 | M71: 0 | N71: 0.13033333 | O71: 4.0701667 | P71: 3.1588333 | Q71: 3.0213333 | R71: 2.5328333 | S71: 7.2385 | T71: 26.038667 | U71: 46.014167 | V71: 69.787667 | W71: 30.721167 | X71: 0 | Y71: 0 | Z71: 0 | AA71: 0 | AB71: 0 | AD71: =SUM(E71:AB71) -> 192.71367
B72: PE-CABOLEONES-1 | E72: 0 | F72: 0 | G72: 0 | H72: 0 | I72: 0 | J72: 0 | K72: 0 | L72: 0 | M72: 0 | N72: 1.2393333 | O72: 1.371 | P72: 1.421 | Q72: 3.1388333 | R72: 7.2386667 | S72: 11.911333 | T72: 21.817167 | U72: 29.717 | V72: 36.568833 | W72: 6.9763333 | X72: 0 | Y72: 0 | Z72: 0 | AA72: 0 | AB72: 0 | AD72: =SUM(E72:AB72) -> 121.3995
B73: PE-CABOLEONES-2 | E73: 0 | F73: 0 | G73: 0 | H73: 0 | I73: 0 | J73: 0 | K73: 0 | L73: 0 | M73: 0 | N73: 3.225 | O73: 4.883 | P73: 4.6855 | Q73: 5.2925 | R73: 5.3656667 | S73: 6.9808333 | T73: 12.115167 | U73: 21.8415 | V73: 34.584167 | W73: 3.1658333 | X73: 0 | Y73: 0 | Z73: 0 | AA73: 0 | AB73: 0 | AD73: =SUM(E73:AB73) -> 102.13917
B74: PE-CABOLEONES-3 | E74: 0 | F74: 0 | G74: 0 | H74: 0 | I74: 0 | J74: 0 | K74: 0 | L74: 0 | M74: 0 | N74: 2.3276667 | O74: 3.514 | P74: 4.4951667 | Q74: 7.3298333 | R74: 11.034333 | S74: 18.001 | T74: 38.825 | U74: 49.079167 | V74: 44.759833 | W74: 8.0105 | X74: 0 | Y74: 0 | Z74: 0 | AA74: 0 | AB74: 0 | AD74: =SUM(E74:AB74) -> 187.3765
B75: PE-SANJUAN | E75: 0 | F75: 0 | G75: 0 | H75: 0 | I75: 0 | J75: 0 | K75: 0 | L75: 0 | M75: 0 | N75: 0.00016666667 | O75: 0 | P75: 0.41866667 | Q75: 1.5406667 | R75: 10.976167 | S75: 17.729 | T75: 31.671667 | U75: 60.863833 | V75: 75.356833 | W75: 11.022167 | X75: 0 | Y75: 0 | Z75: 0 | AA75: 0 | AB75: 0 | AD75: =SUM(E75:AB75) -> 209.57917
B76: PE-PUNTACOLORADA | E76: 0 | F76: 0 | G76: 0 | H76: 0 | I76: 0 | J76: 0 | K76: 0 | L76: 0 | M76: 0 | N76: 0 | O76: 0 | P76: 0 | Q76: 0 | R76: 0 | S76: 0 | T76: 0 | U76: 0 | V76: 0 | W76: 0 | X76: 0 | Y76: 0 | Z76: 0 | AA76: 0 | AB76: 0 | AD76: =SUM(E76:AB76) -> 0
... B114: PE-MANANTIALES | E114: 0 | F114: 0 | G114: 0 | H114: 0 | I114: 0 | J114: 0 | K114: 0 | L114: 0 | M114: 0 | N114: 0 | O114: 0 | P114: 0 | Q114: 0 | R114: 0 | S114: 0 | T114: 0.90847667 | U114: 12.983552 | V114: 0 | W114: 2.1787417 | X114: 0 | Y114: 0 | Z114: 0 | AA114: 0 | AB114: 0 | AD114: =SUM(E114:AB114) -> 16.07077
B115: PE-KALLPA | AD115: =SUM(E115:AB115) -> 0
B116: Total | E116: =SUM(E65:E115) -> 0 | F116: =SUM(F65:F115) -> 0 | G116: =SUM(G65:G115) -> 0 | H116: =SUM(H65:H115) -> 0 | I116: =SUM(I65:I115) -> 0 | J116: =SUM(J65:J115) -> 0 | K116: =SUM(K65:K115) -> 0 | L116: =SUM(L65:L115) -> 0 | ... AB116: =SUM(AB65:AB115) -> 0 | AC116: =SUM(AC65:AE115) -> 3733.3025
B119: ='Resumen-Mensual'!$G$26 -> 45750
B121: Central/Hora | E121: 1 | F121: 2 | G121: 3 | H121: 4 | I121: 5 | J121: 6 | K121: 7 | L121: 8 | M121: 9 | N121: 10 | O121: 11 | P121: 12 | Q121: 13 | R121: 14 | S121: 15 | T121: 16 | U121: 17 | V121: 18 | W121: 19 | X121: 20 | Y121: 21 | Z121: 22 | AA121: 23 | AB121: 24 | AC121: Total
B122: PE-TCHAMMA | E122: 0 | F122: 0 | G122: 0 | H122: 0 | I122: 0 | J122: 0 | K122: 0 | L122: 0 | M122: 0 | N122: 0 | O122: 0 | P122: 0 | Q122: 0 | R122: 0 | S122: 0 | T122: 0 | U122: 0 | V122: 0 | W122: 29.539 | X122: 0 | Y122: 0 | Z122: 0 | AA122: 0 | AB122: 0 | AD122: =SUM(E122:AB122) -> 29.539
B123: PE-SIERRAGORDA | E123: 0 | F123: 0 | G123: 0 | H123: 0 | I123: 0 | J123: 0 | K123: 0 | L123: 0 | M123: 0.2825 | N123: 5.1208333 | O123: 9.5105 | P123: 1.5178333 | Q123: 2.056 | R123: 12.088667 | S123: 15.146167 | T123: 11.621667 | U123: 7.8051667 | V123: 19.1 | W123: 26.075333 | X123: 0 | Y123: 0 | Z123: 0 | AA123: 0 | AB123: 0 | AD123: =SUM(E123:AB123) -> 110.32467
B124: PE-VALLEDELOSVIENTOS | E124: 0 | F124: 0 | G124: 0 | H124: 0 | I124: 0 | J124: 0 | K124: 0 | L124: 0 | M124: 0.79783333 | N124: 2.8678333 | O124: 2.4193333 | P124: 1.6115 | Q124: 0.706 | R124: 0.29733333 | S124: 0 | T124: 16.948333 | U124: 24.224 | V124: 24.196 | W124: 10.059667 | X124: 0 | Y124: 0 | Z124: 0 | AA124: 0 | AB124: 0 | AD124: =SUM(E124:AB124) -> 84.127833
B125: PE-CERROTIGRE | E125: 0 | F125: 0 | G125: 0 | H125: 0 | I125: 0 | J125: 0 | K125: 0 | L125: 0 | M125: 0.044 | N125: 0.12 | O125: 0.08 | P125: 0.52 | Q125: 8.155 | R125: 42.593833 | S125: 85.288667 | T125: 86.594167 | U125: 120.48967 | V125: 129.72267 | W125: 103.055 | X125: 0 | Y125: 0 | Z125: 0 | AA125: 0 | AB125: 0 | AD125: =SUM(E125:AB125) -> 576.663
B126: PE-CALAMA | E126: 0 | F126: 0 | G126: 0 | H126: 0 | I126: 0 | J126: 0 | K126: 0 | L126: 0 | M126: 1.9548333 | N126: 12.514 | O126: 6.3945 | P126: 1.7935 | Q126: 0.28266667 | R126: 0 | S126: 9.14 | T126: 35.381667 | U126: 44.608833 | V126: 44.386 | W126: 41.528667 | X126: 0 | Y126: 0 | Z126: 0 | AA126: 0 | AB126: 0 | AD126: =SUM(E126:AB126) -> 197.98467
B127: PE-TALTAL | E127: 0 | F127: 0 | G127: 0 | H127: 0 | I127: 0 | J127: 0 | K127: 0 | L127: 0 | M127: 0.60133333 | N127: 4.64 | O127: 3.82 | P127: 1.06 | Q127: 0.831 | R127: 3.6546667 | S127: 12.294667 | T127: 18.783167 | U127: 4.3978333 | V127: 0 | W127: 0.14666667 | X127: 0 | Y127: 0 | Z127: 0 | AA127: 0 | AB127: 0 | AD127: =SUM(E127:AB127) -> 50.229333
B128: PE-SARCO | E128: 0 | F128: 0 | G128: 0 | H128: 0 | I128: 0 | J128: 0 | K128: 0 | L128: 0 | M128: 0.3615 | N128: 4.1965 | O128: 7.9208333 | P128: 6.5855 | Q128: 5.3438333 | R128: 4.7165 | S128: 2.8855 | T128: 0.19166667 | U128: 0.669 | V128: 0.93966667 | W128: 1.3128333 | X128: 0 | Y128: 0 | Z128: 0 | AA128: 0 | AB128: 0 | AD128: =SUM(E128:AB128) -> 35.123333
B129: PE-CABOLEONES-1 | E129: 0 | F129: 0 | G129: 0 | H129: 0 | I129: 0 | J129: 0 | K129: 0 | L129: 0 | M129: 0.50883333 | N129: 2.9416667 | O129: 4.9586667 | P129: 8.5443333 | Q129: 10.419667 | R129: 8.6663333 | S129: 6.1286667 | T129: 2.403 | U129: 0 | V129: 0 | W129: 0 | X129: 0 | Y129: 0 | Z129: 0 | AA129: 0 | AB129: 0 | AD129: =SUM(E129:AB129) -> 44.571167
B130: PE-CABOLEONES-2 | E130: 0 | F130: 0 | G130: 0 | H130: 0 | I130: 0 | J130: 0 | K130: 0 | L130: 0 | M130: 0.38016667 | N130: 3.872 | O130: 3.3508333 | P130: 7.1955 | Q130: 12.336167 | R130: 6.8466667 | S130: 4.7711667 | T130: 4.1238333 | U130: 0.9545 | V130: 0.0455 | W130: 1.0186667 | X130: 0 | Y130: 0 | Z130: 0 | AA130: 0 | AB130: 0 | AD130: =SUM(E130:AB130) -> 44.895
B131: PE-CABOLEONES-3 | E131: 0 | F131: 0 | G131: 0 | H131: 0 | I131: 0 | J131: 0 | K131: 0 | L131: 0 | M131: 0.67566667 | N131: 3.904 | O131: 4.9103333 | P131: 5.9621667 | Q131: 5.5176667 | R131: 4.9873333 | S131: 3.5993333 | T131: 2.1893333 | U131: 0 | V131: 0 | W131: 0 | X131: 0 | Y131: 0 | Z131: 0 | AA131: 0 | AB131: 0 | AD131: =SUM(E131:AB131) -> 31.745833
B132: PE-SANJUAN | E132: 0 | F132: 0 | G132: 0 | H132: 0 | I132: 0 | J132: 0 | K132: 0 | L132: 0 | M132: 0 | N132: 0 | O132: 0.0135 | P132: 0.17333333 | Q132: 0.617 | R132: 2.83 | S132: 1.8781667 | T132: 0 | U132: 0 | V132: 0 | W132: 0 | X132: 0 | Y132: 0 | Z132: 0 | AA132: 0 | AB132: 0 | AD132: =SUM(E132:AB132) -> 5.512
B133: PE-PUNTACOLORADA | E133: 0 | F133: 0 | G133: 0 | H133: 0 | I133: 0 | J133: 0 | K133: 0 | L133: 0 | M133: 0 | N133: 0 | O133: 0 | P133: 0 | Q133: 0 | R133: 0 | S133: 0 | T133: 0 | U133: 0 | V133: 0 | W133: 0 | X133: 0 | Y133: 0 | Z133: 0 | AA133: 0 | AB133: 0 | AD133: =SUM(E133:AB133) -> 0
... B171: PE-MANANTIALES | E171: 0 | F171: 0 | G171: 0 | H171: 0 | I171: 0 | J171: 0 | K171: 0 | L171: 0 | M171: 0 | N171: 0 | O171: 0 | P171: 0 | Q171: 0 | R171: 3.5e-05 | S171: 0 | T171: 0 | U171: 0 | V171: 0 | W171: 0 | X171: 0 | Y171: 0 | Z171: 0 | AA171: 0 | AB171: 0 | AD171: =SUM(E171:AB171) -> 3.5e-05
B172: PE-KALLPA | AD172: =SUM(E172:AB172) -> 0
B173: Total | E173: =SUM(E122:E172) -> 0 | F173: =SUM(F122:F172) -> 0 | G173: =SUM(G122:G172) -> 0 | H173: =SUM(H122:H172) -> 0 | I173: =SUM(I122:I172) -> 0 | J173: =SUM(J122:J172) -> 0 | K173: =SUM(K122:K172) -> 0 | L173: =SUM(L122:L172) -> 0 | ... AB173: =SUM(AB122:AB172) -> 0.021 | AC173: =SUM(AC122:AE172) -> 3422.1843
B176: ='Resumen-Mensual'!$H$26 -> 45751
B178: Central/Hora | E178: 1 | F178: 2 | G178: 3 | H178: 4 | I178: 5 | J178: 6 | K178: 7 | L178: 8 | M178: 9 | N178: 10 | O178: 11 | P178: 12 | Q178: 13 | R178: 14 | S178: 15 | T178: 16 | U178: 17 | V178: 18 | W178: 19 | X178: 20 | Y178: 21 | Z178: 22 | AA178: 23 | AB178: 24 | AC178: Total
B179: PE-TCHAMMA | E179: 0 | F179: 0 | G179: 0 | H179: 0 | I179: 0 | J179: 0 | K179: 0 | L179: 0 | M179: 0 | N179: 0 | O179: 0 | P179: 0 | Q179: 0 | R179: 0 | S179: 0 | T179: 0 | U179: 0 | V179: 0 | W179: 5.1506667 | X179: 0 | Y179: 0 | Z179: 0 | AA179: 0 | AB179: 0 | AD179: =SUM(E179:AB179) -> 5.1506667
B180: PE-SIERRAGORDA | E180: 0 | F180: 0 | G180: 0 | H180: 0 | I180: 0 | J180: 0 | K180: 0 | L180: 0 | M180: 0 | N180: 1.0028333 | O180: 2.766 | P180: 0 | Q180: 0 | R180: 0 | S180: 7.6406667 | T180: 14.565667 | U180: 20.285333 | V180: 31.991333 | W180: 10.217667 | X180: 0 | Y180: 0 | Z180: 0 | AA180: 0 | AB180: 0 | AD180: =SUM(E180:AB180) -> 88.4695
B181: PE-VALLEDELOSVIENTOS | E181: 0 | F181: 0 | G181: 0 | H181: 0 | I181: 0 | J181: 0 | K181: 0 | L181: 0 | M181: 0 | N181: 1.6378333 | O181: 0.57533333 | P181: 0 | Q181: 0 | R181: 6.7865 | S181: 13.29 | T181: 35.623 | U181: 31.813 | V181: 30.856167 | W181: 10.515 | X181: 0 | Y181: 0 | Z181: 0 | AA181: 0 | AB181: 0 | AD181: =SUM(E181:AB181) -> 131.09683
B182: PE-CERROTIGRE | E182: 0 | F182: 0 | G182: 0 | H182: 0 | I182: 0 | J182: 0 | K182: 0 | L182: 0 | M182: 0 | N182: 0.017 | O182: 0.032 | P182: 0 | Q182: 0 | R182: 0.0013333333 | S182: 78.927333 | T182: 82.975667 | U182: 69.519667 | V182: 64.390833 | W182: 29.652833 | X182: 0 | Y182: 0 | Z182: 0 | AA182: 0 | AB182: 0 | AD182: =SUM(E182:AB182) -> 325.51667
B183: PE-CALAMA | E183: 0 | F183: 0 | G183: 0 | H183: 0 | I183: 0 | J183: 0 | K183: 0 | L183: 0 | M183: 0 | N183: 1.8468333 | O183: 0 | P183: 0 | Q183: 0 | R183: 0 | S183: 56.3865 | T183: 74.1245 | U183: 36.664167 | V183: 77.245167 | W183: 15.377167 | X183: 0 | Y183: 0 | Z183: 0 | AA183: 0 | AB183: 0 | AD183: =SUM(E183:AB183) -> 261.64433
B184: PE-TALTAL | E184: 0 | F184: 0 | G184: 0 | H184: 0 | I184: 0 | J184: 0 | K184: 0 | L184: 0 | M184: 0 | N184: 1.935 | O184: 2.3246667 | P184: 0 | Q184: 0 | R184: 0.141 | S184: 7.4808333 | T184: 0.40566667 | U184: 8.5335 | V184: 14.275 | W184: 2.6601667 | X184: 0 | Y184: 0 | Z184: 0 | AA184: 0 | AB184: 0 | AD184: =SUM(E184:AB184) -> 37.755833
B185: PE-SARCO | E185: 0 | F185: 0 | G185: 0 | H185: 0 | I185: 0 | J185: 0 | K185: 0 | L185: 0 | M185: 0 | N185: 0.0155 | O185: 0.89333333 | P185: 0 | Q185: 0 | R185: 0 | S185: 0 | T185: 0.2725 | U185: 0.136 | V185: 2.7356667 | W185: 0 | X185: 0 | Y185: 0 | Z185: 0 | AA185: 0 | AB185: 0 | AD185: =SUM(E185:AB185) -> 4.053
B186: PE-CABOLEONES-1 | E186: 0 | F186: 0 | G186: 0 | H186: 0 | I186: 0 | J186: 0 | K186: 0 | L186: 0 | M186: 0 | N186: 0.92216667 | O186: 1.7288333 | P186: 0 | Q186: 0 | R186: 0 | S186: 0 | T186: 0 | U186: 0 | V186: 0 | W186: 0 | X186: 0 | Y186: 0 | Z186: 0 | AA186: 0 | AB186: 0 | AD186: =SUM(E186:AB186) -> 2.651
B187: PE-CABOLEONES-2 | E187: 0 | F187: 0 | G187: 0 | H187: 0 | I187: 0 | J187: 0 | K187: 0 | L187: 0 | M187: 0 | N187: 1.305 | O187: 2.53 | P187: 0 | Q187: 0 | R187: 0 | S187: 0 | T187: 0 | U187: 0 | V187: 0 | W187: 0 | X187: 0 | Y187: 0 | Z187: 0 | AA187: 0 | AB187: 0 | AD187: =SUM(E187:AB187) -> 3.835
B188: PE-CABOLEONES-3 | E188: 0 | F188: 0 | G188: 0 | H188: 0 | I188: 0 | J188: 0 | K188: 0 | L188: 0 | M188: 0 | N188: 1.1121667 | O188: 1.4355 | P188: 0 | Q188: 0 | R188: 0 | S188: 0 | T188: 0 | U188: 0 | V188: 0 | W188: 0 | X188: 0 | Y188: 0 | Z188: 0 | AA188: 0 | AB188: 0 | AD188: =SUM(E188:AB188) -> 2.5476667
B189: PE-SANJUAN | E189: 0 | F189: 0 | G189: 0 | H189: 0 | I189: 0 | J189: 0 | K189: 0 | L189: 0 | M189: 0 | N189: 0.033333333 | O189: 0.1045 | P189: 0 | Q189: 0 | R189: 0 | S189: 0 | T189: 0 | U189: 0 | V189: 0 | W189: 5.516 | X189: 0 | Y189: 0 | Z189: 0 | AA189: 0 | AB189: 0 | AD189: =SUM(E189:AB189) -> 5.6538333
B190: PE-PUNTACOLORADA | E190: 0 | F190: 0 | G190: 0 | H190: 0 | I190: 0 | J190: 0 | K190: 0 | L190: 0 | M190: 0 | N190: 0 | O190: 0 | P190: 0 | Q190: 0 | R190: 0 | S190: 0 | T190: 0 | U190: 0 | V190: 0 | W190: 0 | X190: 0 | Y190: 0 | Z190: 0 | AA190: 0 | AB190: 0 | AD190: =SUM(E190:AB190) -> 0
... B228: PE-MANANTIALES | E228: 0 | F228: 0 | G228: 0 | H228: 0 | I228: 0 | J228: 0 | K228: 0 | L228: 0 | M228: 0 | N228: 0 | O228: 0.00019 | P228: 0 | Q228: 0 | R228: 0 | S228: 0 | T228: 0 | U228: 0 | V228: 1.3027217 | W228: 0 | X228: 0 | Y228: 0 | Z228: 0 | AA228: 0 | AB228: 0 | AD228: =SUM(E228:AB228) -> 1.3029117
B229: PE-KALLPA | AD229: =SUM(E229:AB229) -> 0
B230: Total | E230: =SUM(E179:E229) -> 1.3713333 | F230: =SUM(F179:F229) -> 0.7645 | G230: =SUM(G179:G229) -> 0.97866667 | H230: =SUM(H179:H229) -> 2.7896667 | I230: =SUM(I179:I229) -> 0 | J230: =SUM(J179:J229) -> 0 | K230: =SUM(K179:K229) -> 0 | L230: =SUM(L179:L229) -> 0 | ... AB230: =SUM(AB179:AB229) -> 0 | AC230: =SUM(AC179:AE229) -> 1223.5436
B233: ='Resumen-Mensual'!$I$26 -> 45752
B235: Central/Hora | E235: 1 | F235: 2 | G235: 3 | H235: 4 | I235: 5 | J235: 6 | K235: 7 | L235: 8 | M235: 9 | N235: 10 | O235: 11 | P235: 12 | Q235: 13 | R235: 14 | S235: 15 | T235: 16 | U235: 17 | V235: 18 | W235: 19 | X235: 20 | Y235: 21 | Z235: 22 | AA235: 23 | AB235: 24 | AC235: Total
B236: PE-TCHAMMA | E236: 0 | F236: 0 | G236: 0 | H236: 0 | I236: 0 | J236: 0 | K236: 0 | L236: 0 | M236: 0 | N236: 0 | O236: 0 | P236: 0 | Q236: 0 | R236: 0 | S236: 0 | T236: 0 | U236: 0 | V236: 0 | W236: 10.182833 | X236: 0 | Y236: 0 | Z236: 0 | AA236: 0 | AB236: 0 | AD236: =SUM(E236:AB236) -> 10.182833
B237: PE-SIERRAGORDA | E237: 0 | F237: 0 | G237: 0 | H237: 0 | I237: 0 | J237: 0 | K237: 0 | L237: 0 | M237: 0 | N237: 0.019333333 | O237: 0 | P237: 0 | Q237: 0 | R237: 0 | S237: 2.5053333 | T237: 1.2571667 | U237: 20.231167 | V237: 35.995 | W237: 12.908667 | X237: 0 | Y237: 0 | Z237: 0 | AA237: 0 | AB237: 0 | AD237: =SUM(E237:AB237) -> 72.916667
B238: PE-VALLEDELOSVIENTOS | E238: 0 | F238: 0 | G238: 0 | H238: 0 | I238: 0 | J238: 0 | K238: 0 | L238: 0 | M238: 0 | N238: 0.1685 | O238: 0.522 | P238: 0 | Q238: 0 | R238: 0 | S238: 24.748833 | T238: 33.122167 | U238: 31.7 | V238: 18.932667 | W238: 12.675333 | X238: 0 | Y238: 0 | Z238: 0 | AA238: 0 | AB238: 0 | AD238: =SUM(E238:AB238) -> 121.8695
B239: PE-CERROTIGRE | E239: 0 | F239: 0 | G239: 0 | H239: 0 | I239: 0 | J239: 0 | K239: 0 | L239: 0 | M239: 0 | N239: 0.071166667 | O239: 0.026666667 | P239: 0 | Q239: 0 | R239: 0 | S239: 17.8595 | T239: 24.8145 | U239: 118.6285 | V239: 55.986833 | W239: 26.865167 | X239: 0 | Y239: 0 | Z239: 0 | AA239: 0 | AB239: 0 | AD239: =SUM(E239:AB239) -> 244.25233
B240: PE-CALAMA | E240: 0 | F240: 0 | G240: 0 | H240: 0 | I240: 0 | J240: 0 | K240: 0 | L240: 0 | M240: 0 | N240: 0 | O240: 0 | P240: 0 | Q240: 0 | R240: 0 | S240: 7.0316667 | T240: 4.6655 | U240: 6.2011667 | V240: 35.046833 | W240: 26.353833 | X240: 0 | Y240: 0 | Z240: 0 | AA240: 0 | AB240: 0 | AD240: =SUM(E240:AB240) -> 79.299
B241: PE-TALTAL | E241: 0 | F241: 0 | G241: 0 | H241: 0 | I241: 0 | J241: 0 | K241: 0 | L241: 0 | M241: 0 | N241: 5.592 | O241: 2.5768333 | P241: 0 | Q241: 0 | R241: 0 | S241: 3.4366667 | T241: 0 | U241: 2.7963333 | V241: 13.6055 | W241: 7.1 | X241: 0 | Y241: 0 | Z241: 0 | AA241: 0 | AB241: 0 | AD241: =SUM(E241:AB241) -> 35.107333
B242: PE-SARCO | E242: 0 | F242: 0 | G242: 0 | H242: 0 | I242: 0 | J242: 0 | K242: 0 | L242: 0 | M242: 0 | N242: 1.4828333 | O242: 0.17066667 | P242: 0 | Q242: 0 | R242: 0 | S242: 0 | T242: 0 | U242: 0 | V242: 5.6631667 | W242: 13.789167 | X242: 0 | Y242: 0 | Z242: 0 | AA242: 0 | AB242: 0 | AD242: =SUM(E242:AB242) -> 21.105833
B243: PE-CABOLEONES-1 | E243: 0 | F243: 0 | G243: 0 | H243: 0 | I243: 0 | J243: 0 | K243: 0 | L243: 0 | M243: 0 | N243: 2.119 | O243: 1.1275 | P243: 0 | Q243: 0 | R243: 0 | S243: 0 | T243: 0 | U243: 0 | V243: 0 | W243: 0 | X243: 0 | Y243: 0 | Z243: 0 | AA243: 0 | AB243: 0 | AD243: =SUM(E243:AB243) -> 3.2465
B244: PE-CABOLEONES-2 | E244: 0 | F244: 0 | G244: 0 | H244: 0 | I244: 0 | J244: 0 | K244: 0 | L244: 0 | M244: 0 | N244: 1.392 | O244: 0.77333333 | P244: 0 | Q244: 0 | R244: 0 | S244: 0.62066667 | T244: 0 | U244: 0 | V244: 0 | W244: 0 | X244: 0 | Y244: 0 | Z244: 0 | AA244: 0 | AB244: 0 | AD244: =SUM(E244:AB244) -> 2.786
B245: PE-CABOLEONES-3 | E245: 0 | F245: 0 | G245: 0 | H245: 0 | I245: 0 | J245: 0 | K245: 0 | L245: 0 | M245: 0 | N245: 1.6143333 | O245: 0.59566667 | P245: 0 | Q245: 0 | R245: 0 | S245: 0 | T245: 0.0043333333 | U245: 1.279 | V245: 0.4305 | W245: 2.1073333 | X245: 0 | Y245: 0 | Z245: 0 | AA245: 0 | AB245: 0 | AD245: =SUM(E245:AB245) -> 6.0311667
B246: PE-SANJUAN | E246: 0 | F246: 0 | G246: 0 | H246: 0 | I246: 0 | J246: 0 | K246: 0 | L246: 0 | M246: 0 | N246: 0.023666667 | O246: 0.066166667 | P246: 0 | Q246: 0 | R246: 0 | S246: 1.3061667 | T246: 2.1196667 | U246: 15.040333 | V246: 17.826833 | W246: 5.25 | X246: 0 | Y246: 0 | Z246: 0 | AA246: 0 | AB246: 0 | AD246: =SUM(E246:AB246) -> 41.632833
B247: PE-PUNTACOLORADA | E247: 0 | F247: 0 | G247: 0 | H247: 0 | I247: 0 | J247: 0 | K247: 0 | L247: 0 | M247: 0 | N247: 0 | O247: 0 | P247: 0 | Q247: 0 | R247: 0 | S247: 0 | T247: 0 | U247: 0 | V247: 0 | W247: 0 | X247: 0 | Y247: 0 | Z247: 0 | AA247: 0 | AB247: 0 | AD247: =SUM(E247:AB247) -> 0
... B285: PE-MANANTIALES | E285: 0 | F285: 0 | G285: 0 | H285: 0 | I285: 0 | J285: 0 | K285: 0 | L285: 0 | M285: 0 | N285: 0 | O285: 0 | P285: 0 | Q285: 0 | R285: 0 | S285: 0 | T285: 0 | U285: 0 | V285: 0 | W285: 0 | X285: 0 | Y285: 0 | Z285: 0 | AA285: 0 | AB285: 0 | AD285: =SUM(E285:AB285) -> 0
B286: PE-KALLPA | AD286: =SUM(E286:AB286) -> 0
B287: Total | E287: =SUM(E236:E286) -> 0 | F287: =SUM(F236:F286) -> 0 | G287: =SUM(G236:G286) -> 0 | H287: =SUM(H236:H286) -> 0 | I287: =SUM(I236:I286) -> 0 | J287: =SUM(J236:J286) -> 0 | K287: =SUM(K236:K286) -> 0 | L287: =SUM(L236:L286) -> 0 | ... AB287: =SUM(AB236:AB286) -> 0 | AC287: =SUM(AC236:AE286) -> 985.61083
B290: ='Resumen-Mensual'!$J$26 -> 45753
B292: Central/Hora | E292: 1 | F292: 2 | G292: 3 | H292: 4 | I292: 5 | J292: 6 | K292: 7 | L292: 8 | M292: 9 | N292: 10 | O292: 11 | P292: 12 | Q292: 13 | R292: 14 | S292: 15 | T292: 16 | U292: 17 | V292: 18 | W292: 19 | X292: 20 | Y292: 21 | Z292: 22 | AA292: 23 | AB292: 24 | AC292: Total
B293: PE-TCHAMMA | E293: 0 | F293: 0 | G293: 0 | H293: 0 | I293: 0 | J293: 0 | K293: 0 | L293: 21.3215 | M293: 49.160833 | N293: 5.774 | O293: 3.7315 | P293: 4.1433333 | Q293: 6.9841667 | R293: 8.0926667 | S293: 16.112667 | T293: 7.0035 | U293: 6.1478333 | V293: 1.0338333 | W293: 0 | X293: 0 | Y293: 0 | Z293: 0 | AA293: 0 | AB293: 0 | AD293: =SUM(E293:AB293) -> 129.50583
B294: PE-SIERRAGORDA | E294: 0 | F294: 0 | G294: 0 | H294: 0 | I294: 0 | J294: 0 | K294: 0 | L294: 0.65633333 | M294: 0.348 | N294: 0 | O294: 2.9181667 | P294: 7.7023333 | Q294: 12.122333 | R294: 23.342333 | S294: 22.2175 | T294: 21.225833 | U294: 24.690333 | V294: 25.480167 | W294: 0 | X294: 0 | Y294: 0 | Z294: 0 | AA294: 0 | AB294: 0 | AD294: =SUM(E294:AB294) -> 140.70333
B295: PE-VALLEDELOSVIENTOS | E295: 0 | F295: 0 | G295: 0 | H295: 0 | I295: 0 | J295: 0 | K295: 0 | L295: 0.817 | M295: 0.55966667 | N295: 1.5883333 | O295: 2.255 | P295: 6.27 | Q295: 4.888 | R295: 21.372167 | S295: 16.948 | T295: 31.928333 | U295: 40.510833 | V295: 16.01 | W295: 0 | X295: 0 | Y295: 0 | Z295: 0 | AA295: 0 | AB295: 0 | AD295: =SUM(E295:AB295) -> 143.14733
B296: PE-CERROTIGRE | E296: 0 | F296: 0 | G296: 0 | H296: 0 | I296: 0 | J296: 0 | K296: 0 | L296: 0.019166667 | M296: 0.08 | N296: 0.08 | O296: 0.91 | P296: 14.504833 | Q296: 71.468167 | R296: 115.82483 | S296: 59.238333 | T296: 34.61 | U296: 133.26417 | V296: 55.06 | W296: 0 | X296: 0 | Y296: 0 | Z296: 0 | AA296: 0 | AB296: 0 | AD296: =SUM(E296:AB296) -> 485.0595
B297: PE-CALAMA | E297: 0 | F297: 0 | G297: 0 | H297: 0 | I297: 0 | J297: 0 | K297: 0 | L297: 0.0036666667 | M297: 1.7241667 | N297: 1.932 | O297: 0.62133333 | P297: 0.034333333 | Q297: 0 | R297: 9.4821667 | S297: 26.5265 | T297: 7.69 | U297: 5.47 | V297: 32.09 | W297: 0 | X297: 0 | Y297: 0 | Z297: 0 | AA297: 0 | AB297: 0 | AD297: =SUM(E297:AB297) -> 85.574167
B298: PE-TALTAL | E298: 0 | F298: 0 | G298: 0 | H298: 0 | I298: 0 | J298: 0 | K298: 0 | L298: 0.7355 | M298: 1.7755 | N298: 5.9193333 | O298: 14.373333 | P298: 12.186333 | Q298: 8.5623333 | R298: 10.467667 | S298: 7.5048333 | T298: 12.404833 | U298: 10.652333 | V298: 7.209 | W298: 0 | X298: 0 | Y298: 0 | Z298: 0 | AA298: 0 | AB298: 0 | AD298: =SUM(E298:AB298) -> 91.791
B299: PE-SARCO | E299: 0 | F299: 0 | G299: 0 | H299: 0 | I299: 0 | J299: 0 | K299: 0 | L299: 4.6771667 | M299: 26.583167 | N299: 22.173167 | O299: 19.7635 | P299: 26.984 | Q299: 40.477 | R299: 49.458667 | S299: 53.130833 | T299: 29.433667 | U299: 14.140167 | V299: 27.706833 | W299: 0 | X299: 0 | Y299: 0 | Z299: 0 | AA299: 0 | AB299: 0 | AD299: =SUM(E299:AB299) -> 314.52817
B300: PE-CABOLEONES-1 | E300: 0 | F300: 0 | G300: 0 | H300: 0 | I300: 0 | J300: 0 | K300: 0 | L300: 1.6318333 | M300: 0.38783333 | N300: 0.067333333 | O300: 0.012166667 | P300: 2.6265 | Q300: 2.2311667 | R300: 0 | S300: 0 | T300: 0 | U300: 0 | V300: 0.1835 | W300: 0 | X300: 0 | Y300: 0 | Z300: 0 | AA300: 0 | AB300: 0 | AD300: =SUM(E300:AB300) -> 7.1403333
B301: PE-CABOLEONES-2 | E301: 0 | F301: 0 | G301: 0 | H301: 0 | I301: 0 | J301: 0 | K301: 0 | L301: 2.1005 | M301: 4.7648333 | N301: 2.8583333 | O301: 0.39783333 | P301: 1.2983333 | Q301: 4.803 | R301: 2.7123333 | S301: 11.8865 | T301: 0.61666667 | U301: 1.7416667 | V301: 21.627667 | W301: 0 | X301: 0 | Y301: 0 | Z301: 0 | AA301: 0 | AB301: 0 | AD301: =SUM(E301:AB301) -> 54.807667
B302: PE-CABOLEONES-3 | E302: 0 | F302: 0 | G302: 0 | H302: 0 | I302: 0 | J302: 0 | K302: 0 | L302: 3.2763333 | M302: 7.992 | N302: 5.7471667 | O302: 0.19533333 | P302: 10.785 | Q302: 5.598 | R302: 23.9665 | S302: 0.75333333 | T302: 0 | U302: 9.1425 | V302: 19.351667 | W302: 0 | X302: 0 | Y302: 0 | Z302: 0 | AA302: 0 | AB302: 0 | AD302: =SUM(E302:AB302) -> 86.807833
B303: PE-SANJUAN | E303: 0 | F303: 0 | G303: 0 | H303: 0 | I303: 0 | J303: 0 | K303: 0 | L303: 0 | M303: 0 | N303: 3.7326667 | O303: 3.7316667 | P303: 14.1155 | Q303: 28.705667 | R303: 16.513667 | S303: 27.198167 | T303: 25.724167 | U303: 2.6671667 | V303: 34.372833 | W303: 0 | X303: 0 | Y303: 0 | Z303: 0 | AA303: 0 | AB303: 0 | AD303: =SUM(E303:AB303) -> 156.7615
B304: PE-PUNTACOLORADA | E304: 0 | F304: 0 | G304: 0 | H304: 0 | I304: 0 | J304: 0 | K304: 0 | L304: 0 | M304: 0 | N304: 0 | O304: 0 | P304: 0 | Q304: 0 | R304: 0 | S304: 0 | T304: 0 | U304: 0 | V304: 0 | W304: 0 | X304: 0 | Y304: 0 | Z304: 0 | AA304: 0 | AB304: 0 | AD304: =SUM(E304:AB304) -> 0
...

Sheet Resumen-DiarioHorario-Solar
B2: CURTAILMENTS SOLAR POR CENTRALES EN FORMA DIARIA/HORARIA
B5: ='Resumen-Mensual'!$E$26 -> 45748
B7: Central/Hora | E7: 1 | F7: 2 | G7: 3 | H7: 4 | I7: 5 | J7: 6 | K7: 7 | L7: 8 | M7: 9 | N7: 10 | O7: 11 | P7: 12 | Q7: 13 | R7: 14 | S7: 15 | T7: 16 | U7: 17 | V7: 18 | W7: 19 | X7: 20 | Y7: 21 | Z7: 22 | AA7: 23 | AB7: 24 | AC7: Total
B8: PFV-POZOALMONTE-2 | E8: 0 | F8: 0 | G8: 0 | H8: 0 | I8: 0 | J8: 0 | K8: 0 | L8: 0 | M8: 0 | N8: 0 | O8: 0 | P8: 0 | Q8: 0.14383333 | R8: 0.2485 | S8: 0.12133333 | T8: 0 | U8: 0 | V8: 0 | W8: 0 | X8: 0 | Y8: 0 | Z8: 0 | AA8: 0 | AB8: 0 | AD8: =SUM(E8:AB8) -> 0.51366667
B9: PFV-POZOALMONTE-3 | E9: 0 | F9: 0 | G9: 0 | H9: 0 | I9: 0 | J9: 0 | K9: 0 | L9: 0 | M9: 0 | N9: 0 | O9: 0.71916667 | P9: 0.20033333 | Q9: 0.11216667 | R9: 0.0023333333 | S9: 0 | T9: 0 | U9: 0.40483333 | V9: 0.54516667 | W9: 0.0071666667 | X9: 0 | Y9: 0 | Z9: 0 | AA9: 0 | AB9: 0 | AD9: =SUM(E9:AB9) -> 1.9911667
B10: PFV-LAHUAYCA-2 | E10: 0 | F10: 0 | G10: 0 | H10: 0 | I10: 0 | J10: 0 | K10: 0 | L10: 0 | M10: 0 | N10: 5.2103333 | O10: 8.6965 | P10: 2.6205 | Q10: 2.7431667 | R10: 5.9995 | S10: 5.6783333 | T10: 5.6373333 | U10: 5.6545 | V10: 2.6348333 | W10: 0.027666667 | X10: 0 | Y10: 0 | Z10: 0 | AA10: 0 | AB10: 0 | AD10: =SUM(E10:AB10) -> 44.902667
B11: PFV-SANTAISABEL | E11: 0 | F11: 0 | G11: 0 | H11: 0 | I11: 0 | J11: 0 | K11: 0 | L11: 0 | M11: 0 | N11: 15.247833 | O11: 23.511667 | P11: 7.6263333 | Q11: 13.7885 | R11: 24.993667 | S11: 28.332833 | T11: 33.264167 | U11: 31.622333 | V11: 16.5155 | W11: 0 | X11: 0 | Y11: 0 | Z11: 0 | AA11: 0 | AB11: 0 | AD11: =SUM(E11:AB11) -> 194.90283
B12: PFV-HUATACONDO | E12: 0 | F12: 0 | G12: 0 | H12: 0 | I12: 0 | J12: 0 | K12: 0 | L12: 0 | M12: 0 | N12: 0 | O12: 0 | P12: 0 | Q12: 0 | R12: 0 | S12: 0 | T12: 0 | U12: 0 | V12: 0 | W12: 0 | X12: 0 | Y12: 0 | Z12: 0 | AA12: 0 | AB12: 0 | AD12: =SUM(E12:AB12) -> 0
B13: PFV-ATACAMASOLAR-2 | E13: 0 | F13: 0 | G13: 0 | H13: 0 | I13: 0 | J13: 0 | K13: 0 | L13: 0 | M13: 0 | N13: 0.114 | O13: 35.230667 | P13: 19.858333 | Q13: 8.3486667 | R13: 29.982 | S13: 65.319 | T13: 37.403667 | U13: 21.6485 | V13: 13.719167 | W13: 0 | X13: 0 | Y13: 0 | Z13: 0 | AA13: 0 | AB13: 0 | AD13: =SUM(E13:AB13) -> 231.624
B14: PFV-NUEVOQUILLAGUA | E14: 0 | F14: 0 | G14: 0 | H14: 0 | I14: 0 | J14: 0 | K14: 0 | L14: 0 | M14: 0 | N14: 0 | O14: 0 | P14: 0 | Q14: 0 | R14: 0 | S14: 0 | T14: 0 | U14: 0 | V14: 0 | W14: 0 | X14: 0 | Y14: 0 | Z14: 0 | AA14: 0 | AB14: 0 | AD14: =SUM(E14:AB14) -> 0
B15: PFV-GRANJA | E15: 0 | F15: 0 | G15: 0 | H15: 0 | I15: 0 | J15: 0 | K15: 0 | L15: 0 | M15: 0 | N15: 24.3285 | O15: 17.2055 | P15: 0.68366667 | Q15: 7.548 | R15: 16.470167 | S15: 14.184167 | T15: 0 | U15: 4.6896667 | V15: 0.44633333 | W15: 0 | X15: 0 | Y15: 0 | Z15: 0 | AA15: 0 | AB15: 0 | AD15: =SUM(E15:AB15) -> 85.556
B16: PFV-USYA | E16: 0 | F16: 0 | G16: 0 | H16: 0 | I16: 0 | J16: 0 | K16: 0 | L16: 0 | M16: 0 | N16: 2.532 | O16: 24.258 | P16: 12.1795 | Q16: 6.3481667 | R16: 14.008667 | S16: 12.533167 | T16: 12.278667 | U16: 0 | V16: 0 | W16: 0 | X16: 0 | Y16: 0 | Z16: 0 | AA16: 0 | AB16: 0 | AD16: =SUM(E16:AB16) -> 84.138167
B17: PFV-SANPEDRO-GPG | E17: 0 | F17: 0 | G17: 0 | H17: 0 | I17: 0 | J17: 0 | K17: 0 | L17: 0 | M17: 0 | N17: 15.169167 | O17: 15.294167 | P17: 7.0853333 | Q17: 10.415833 | R17: 14.531 | S17: 18.088667 | T17: 17.878167 | U17: 20.349 | V17: 7.1236667 | W17: 0 | X17: 0 | Y17: 0 | Z17: 0 | AA17: 0 | AB17: 0 | AD17: =SUM(E17:AB17) -> 125.935
B18: PFV-JAMA-1 | E18: 0 | F18: 0 | G18: 0 | H18: 0 | I18: 0 | J18: 0 | K18: 0 | L18: 0 | M18: 0 | N18: 17.544 | O18: 26 | P18: 9.1 | Q18: 15.6 | R18: 18.17 | S18: 10.04 | T18: 7.45 | U18: 5.7 | V18: 6.48 | W18: 2.3 | X18: 0 | Y18: 0 | Z18: 0 | AA18: 0 | AB18: 0 | AD18: =SUM(E18:AB18) -> 118.384
B19: PFV-JAMA-2 | E19: 0 | F19: 0 | G19: 0 | H19: 0 | I19: 0 | J19: 0 | K19: 0 | L19: 0 | M19: 0 | N19: 10.557167 | O19: 17.347333 | P19: 6.2355 | Q19: 9.5476667 | R19: 18.759833 | S19: 15.046833 | T19: 7.393 | U19: 6.4 | V19: 6.3348333 | W19: 0.024166667 | X19: 0 | Y19: 0 | Z19: 0 | AA19: 0 | AB19: 0 | AD19: =SUM(E19:AB19) -> 97.646333
... B76: PFV-ANDESIV | E76: 0 | F76: 0 | G76: 0 | H76: 0 | I76: 0 | J76: 0 | K76: 0 | L76: 0 | M76: 0 | N76: 0 | O76: 0 | P76: 0 | Q76: 0 | R76: 0 | S76: 0 | T76: 0 | U76: 0 | V76: 0 | W76: 0 | X76: 0 | Y76: 0 | Z76: 0 | AA76: 0 | AB76: 0 | AD76: =SUM(E76:AB76) -> 0
B77: PFV-TAMARICO | AD77: =SUM(E77:AB77) -> 0
B78: PFV-TAIRA | AD78: =SUM(E78:AB78) -> 0
B79: Total | E79: =SUM(E8:E78) -> 0 | F79: =SUM(F8:F78) -> 0 | G79: =SUM(G8:G78) -> 0 | H79: =SUM(H8:H78) -> 0 | I79: =SUM(I8:I78) -> 0 | J79: =SUM(J8:J78) -> 0 | K79: =SUM(K8:K78) -> 0 | L79: =SUM(L8:L78) -> 0 | ... AB79: =SUM(AB8:AB78) -> 0 | AC79: =SUM(AC8:AE78) -> 6952.9857
B82: ='Resumen-Mensual'!$F$26 -> 45749
B84: Central/Hora | E84: 1 | F84: 2 | G84: 3 | H84: 4 | I84: 5 | J84: 6 | K84: 7 | L84: 8 | M84: 9 | N84: 10 | O84: 11 | P84: 12 | Q84: 13 | R84: 14 | S84: 15 | T84: 16 | U84: 17 | V84: 18 | W84: 19 | X84: 20 | Y84: 21 | Z84: 22 | AA84: 23 | AB84: 24 | AC84: Total
B85: PFV-POZOALMONTE-2 | E85: 0 | F85: 0 | G85: 0 | H85: 0 | I85: 0 | J85: 0 | K85: 0 | L85: 0 | M85: 0 | N85: 0 | O85: 0 | P85: 0 | Q85: 0 | R85: 0 | S85: 0 | T85: 0.17016667 | U85: 0.28033333 | V85: 0 | W85: 0 | X85: 0 | Y85: 0 | Z85: 0 | AA85: 0 | AB85: 0 | AD85: =SUM(E85:AB85) -> 0.4505
B86: PFV-POZOALMONTE-3 | E86: 0 | F86: 0 | G86: 0 | H86: 0 | I86: 0 | J86: 0 | K86: 0 | L86: 0 | M86: 0 | N86: 0 | O86: 0 | P86: 0 | Q86: 0 | R86: 0 | S86: 0 | T86: 0 | U86: 0 | V86: 0 | W86: 0 | X86: 0 | Y86: 0 | Z86: 0 | AA86: 0 | AB86: 0 | AD86: =SUM(E86:AB86) -> 0
B87: PFV-LAHUAYCA-2 | E87: 0 | F87: 0 | G87: 0 | H87: 0 | I87: 0 | J87: 0 | K87: 0 | L87: 0 | M87: 0 | N87: 3.2071667 | O87: 6.1733333 | P87: 4.7135 | Q87: 6.5501667 | R87: 5.7228333 | S87: 4.5366667 | T87: 6.7345 | U87: 7.3605 | V87: 1.6585 | W87: 0.3005 | X87: 0 | Y87: 0 | Z87: 0 | AA87: 0 | AB87: 0 | AD87: =SUM(E87:AB87) -> 46.957667
B88: PFV-SANTAISABEL | E88: 0 | F88: 0 | G88: 0 | H88: 0 | I88: 0 | J88: 0 | K88: 0 | L88: 0 | M88: 0 | N88: 13.676833 | O88: 25.008833 | P88: 22.022333 | Q88: 19.776667 | R88: 21.333167 | S88: 22.675167 | T88: 28.225833 | U88: 25.550833 | V88: 11.326667 | W88: 3.4606667 | X88: 0 | Y88: 0 | Z88: 0 | AA88: 0 | AB88: 0 | AD88: =SUM(E88:AB88) -> 193.057
B89: PFV-HUATACONDO | E89: 0 | F89: 0 | G89: 0 | H89: 0 | I89: 0 | J89: 0 | K89: 0 | L89: 0 | M89: 0 | N89: 0 | O89: 0 | P89: 0 | Q89: 0 | R89: 0 | S89: 0 | T89: 0 | U89: 0 | V89: 0 | W89: 0 | X89: 0 | Y89: 0 | Z89: 0 | AA89: 0 | AB89: 0 | AD89: =SUM(E89:AB89) -> 0
B90: PFV-ATACAMASOLAR-2 | E90: 0 | F90: 0 | G90: 0 | H90: 0 | I90: 0 | J90: 0 | K90: 0 | L90: 0 | M90: 0 | N90: 0 | O90: 22.144333 | P90: 44.9135 | Q90: 82.540333 | R90: 84.980167 | S90: 87.243167 | T90: 59.1805 | U90: 17.539833 | V90: 56.507667 | W90: 5.2256667 | X90: 0 | Y90: 0 | Z90: 0 | AA90: 0 | AB90: 0 | AD90: =SUM(E90:AB90) -> 460.27517
B91: PFV-NUEVOQUILLAGUA | E91: 0 | F91: 0 | G91: 0 | H91: 0 | I91: 0 | J91: 0 | K91: 0 | L91: 0 | M91: 0 | N91: 0 | O91: 0 | P91: 0 | Q91: 0 | R91: 0 | S91: 0 | T91: 0 | U91: 0 | V91: 0 | W91: 0 | X91: 0 | Y91: 0 | Z91: 0 | AA91: 0 | AB91: 0 | AD91: =SUM(E91:AB91) -> 0
B92: PFV-GRANJA | E92: 0 | F92: 0 | G92: 0 | H92: 0 | I92: 0 | J92: 0 | K92: 0 | L92: 0 | M92: 0 | N92: 0 | O92: 0 | P92: 1.588 | Q92: 0.0013333333 | R92: 0.053166667 | S92: 0 | T92: 0 | U92: 7.6736667 | V92: 13.566167 | W92: 0.43233333 | X92: 0 | Y92: 0 | Z92: 0 | AA92: 0 | AB92: 0 | AD92: =SUM(E92:AB92) -> 23.314667
B93: PFV-USYA | E93: 0 | F93: 0 | G93: 0 | H93: 0 | I93: 0 | J93: 0 | K93: 0 | L93: 0 | M93: 0 | N93: 0 | O93: 0 | P93: 0 | Q93: 0.014833333 | R93: 0 | S93: 0 | T93: 0 | U93: 0 | V93: 0 | W93: 0.0036666667 | X93: 0 | Y93: 0 | Z93: 0 | AA93: 0 | AB93: 0 | AD93: =SUM(E93:AB93) -> 0.0185
B94: PFV-SANPEDRO-GPG | E94: 0 | F94: 0 | G94: 0 | H94: 0 | I94: 0 | J94: 0 | K94: 0 | L94: 0 | M94: 0 | N94: 5.6591667 | O94: 1.5525 | P94: 1.0846667 | Q94: 1.7581667 | R94: 0.0085 | S94: 0 | T94: 11.942333 | U94: 17.917667 | V94: 9.5685 | W94: 0.76883333 | X94: 0 | Y94: 0 | Z94: 0 | AA94: 0 | AB94: 0 | AD94: =SUM(E94:AB94) -> 50.260333
B95: PFV-JAMA-1 | E95: 0 | F95: 0 | G95: 0 | H95: 0 | I95: 0 | J95: 0 | K95: 0 | L95: 0 | M95: 0 | N95: 7.3171667 | O95: 11.66 | P95: 12.7 | Q95: 12.47 | R95: 12.47 | S95: 12.47 | T95: 14.85 | U95: 15.54 | V95: 4.54 | W95: 1.7258333 | X95: 0 | Y95: 0 | Z95: 0 | AA95: 0 | AB95: 0 | AD95: =SUM(E95:AB95) -> 105.743
B96: PFV-JAMA-2 | E96: 0 | F96: 0 | G96: 0 | H96: 0 | I96: 0 | J96: 0 | K96: 0 | L96: 0 | M96: 0 | N96: 0 | O96: 0.051 | P96: 0.78383333 | Q96: 0.43816667 | R96: 0.4885 | S96: 0.27233333 | T96: 2.1675 | U96: 3.4588333 | V96: 4.7718333 | W96: 0 | X96: 0 | Y96: 0 | Z96: 0 | AA96: 0 | AB96: 0 | AD96: =SUM(E96:AB96) -> 12.432
... B153: PFV-ANDESIV | E153: 0 | F153: 0 | G153: 0 | H153: 0 | I153: 0 | J153: 0 | K153: 0 | L153: 0 | M153: 0 | N153: 0 | O153: 0 | P153: 0 | Q153: 0 | R153: 0 | S153: 0 | T153: 0 | U153: 0 | V153: 0 | W153: 0 | X153: 0 | Y153: 0 | Z153: 0 | AA153: 0 | AB153: 0 | AD153: =SUM(E153:AB153) -> 0
B154: PFV-TAMARICO | AD154: =SUM(E154:AB154) -> 0
B155: PFV-TAIRA | AD155: =SUM(E155:AB155) -> 0
B156: Total | E156: =SUM(E85:E155) -> 0 | F156: =SUM(F85:F155) -> 0 | G156: =SUM(G85:G155) -> 0 | H156: =SUM(H85:H155) -> 0 | I156: =SUM(I85:I155) -> 0 | J156: =SUM(J85:J155) -> 0 | K156: =SUM(K85:K155) -> 0 | L156: =SUM(L85:L155) -> 0 | ... AB156: =SUM(AB85:AB155) -> 0 | AC156: =SUM(AC85:AE155) -> 5282.4704
B159: ='Resumen-Mensual'!$G$26 -> 45750
B161: Central/Hora | E161: 1 | F161: 2 | G161: 3 | H161: 4 | I161: 5 | J161: 6 | K161: 7 | L161: 8 | M161: 9 | N161: 10 | O161: 11 | P161: 12 | Q161: 13 | R161: 14 | S161: 15 | T161: 16 | U161: 17 | V161: 18 | W161: 19 | X161: 20 | Y161: 21 | Z161: 22 | AA161: 23 | AB161: 24 | AC161: Total
B162: PFV-POZOALMONTE-2 | E162: 0 | F162: 0 | G162: 0 | H162: 0 | I162: 0 | J162: 0 | K162: 0 | L162: 0 | M162: 0 | N162: 1.7756667 | O162: 1.6815 | P162: 0.653 | Q162: 0.78433333 | R162: 0.093833333 | S162: 0.137 | T162: 0.049833333 | U162: 0 | V162: 0 | W162: 0 | X162: 0 | Y162: 0 | Z162: 0 | AA162: 0 | AB162: 0 | AD162: =SUM(E162:AB162) -> 5.1751667
B163: PFV-POZOALMONTE-3 | E163: 0 | F163: 0 | G163: 0 | H163: 0 | I163: 0 | J163: 0 | K163: 0 | L163: 0 | M163: 0 | N163: 1.0943333 | O163: 3.7236667 | P163: 2.9758333 | Q163: 2.5666667 | R163: 1.1366667 | S163: 0.3735 | T163: 0 | U163: 0 | V163: 0.4695 | W163: 0.0685 | X163: 0 | Y163: 0 | Z163: 0 | AA163: 0 | AB163: 0 | AD163: =SUM(E163:AB163) -> 12.408667
B164: PFV-LAHUAYCA-2 | E164: 0 | F164: 0 | G164: 0 | H164: 0 | I164: 0 | J164: 0 | K164: 0 | L164: 0 | M164: 0.466 | N164: 6.0326667 | O164: 9.0111667 | P164: 14.3075 | Q164: 15 | R164: 14.826 | S164: 8.9015 | T164: 6.9548333 | U164: 6.7075 | V164: 3.8898333 | W164: 1.0705 | X164: 0 | Y164: 0 | Z164: 0 | AA164: 0 | AB164: 0 | AD164: =SUM(E164:AB164) -> 87.1675
B165: PFV-SANTAISABEL | E165: 0 | F165: 0 | G165: 0 | H165: 0 | I165: 0 | J165: 0 | K165: 0 | L165: 0 | M165: 0.0735 | N165: 17.803167 | O165: 16.983667 | P165: 22.98 | Q165: 24.047333 | R165: 25.397333 | S165: 27.830833 | T165: 34.2975 | U165: 34.8905 | V165: 32.343 | W165: 6.192 | X165: 0 | Y165: 0 | Z165: 0 | AA165: 0 | AB165: 0 | AD165: =SUM(E165:AB165) -> 242.83883
B166: PFV-HUATACONDO | E166: 0 | F166: 0 | G166: 0 | H166: 0 | I166: 0 | J166: 0 | K166: 0 | L166: 0 | M166: 0 | N166: 0 | O166: 0 | P166: 0 | Q166: 0 | R166: 0 | S166: 0 | T166: 0 | U166: 0 | V166: 0 | W166: 0 | X166: 0 | Y166: 0 | Z166: 0 | AA166: 0 | AB166: 0 | AD166: =SUM(E166:AB166) -> 0
B167: PFV-ATACAMASOLAR-2 | E167: 0 | F167: 0 | G167: 0 | H167: 0 | I167: 0 | J167: 0 | K167: 0 | L167: 0 | M167: 0.0098333333 | N167: 16.7635 | O167: 93.226 | P167: 97.871333 | Q167: 79.486 | R167: 61.266667 | S167: 46.151 | T167: 48.438833 | U167: 45.3045 | V167: 33.688167 | W167: 8.676 | X167: 0 | Y167: 0 | Z167: 0 | AA167: 0 | AB167: 0 | AD167: =SUM(E167:AB167) -> 530.88183
B168: PFV-NUEVOQUILLAGUA | E168: 0 | F168: 0 | G168: 0 | H168: 0 | I168: 0 | J168: 0 | K168: 0 | L168: 0 | M168: 0 | N168: 0 | O168: 0 | P168: 0 | Q168: 0 | R168: 0 | S168: 0 | T168: 0 | U168: 0 | V168: 0 | W168: 0 | X168: 0 | Y168: 0 | Z168: 0 | AA168: 0 | AB168: 0 | AD168: =SUM(E168:AB168) -> 0
B169: PFV-GRANJA | E169: 0 | F169: 0 | G169: 0 | H169: 0 | I169: 0 | J169: 0 | K169: 0 | L169: 0 | M169: 0 | N169: 5.0306667 | O169: 20.09 | P169: 17.39 | Q169: 19.89 | R169: 10.037 | S169: 0.071333333 | T169: 11.352167 | U169: 23.442833 | V169: 24.29 | W169: 0 | X169: 0 | Y169: 0 | Z169: 0 | AA169: 0 | AB169: 0 | AD169: =SUM(E169:AB169) -> 131.594
B170: PFV-USYA | E170: 0 | F170: 0 | G170: 0 | H170: 0 | I170: 0 | J170: 0 | K170: 0 | L170: 0 | M170: 0 | N170: 0 | O170: 5.633 | P170: 11.9325 | Q170: 14.712 | R170: 16.9645 | S170: 0.69566667 | T170: 7.6946667 | U170: 14.662833 | V170: 4.1766667 | W170: 0.016 | X170: 0 | Y170: 0 | Z170: 0 | AA170: 0 | AB170: 0 | AD170: =SUM(E170:AB170) -> 76.487833
B171: PFV-SANPEDRO-GPG | E171: 0 | F171: 0 | G171: 0 | H171: 0 | I171: 0 | J171: 0 | K171: 0 | L171: 0 | M171: 0.1155 | N171: 23.736 | O171: 12.398667 | P171: 9.8301667 | Q171: 9.0281667 | R171: 5.0123333 | S171: 21.255667 | T171: 20.906 | U171: 13.816833 | V171: 18.382667 | W171: 3.6698333 | X171: 0 | Y171: 0 | Z171: 0 | AA171: 0 | AB171: 0 | AD171: =SUM(E171:AB171) -> 138.15183
B172: PFV-JAMA-1 | E172: 0 | F172: 0 | G172: 0 | H172: 0 | I172: 0 | J172: 0 | K172: 0 | L172: 0 | M172: 4 | N172: 17.6 | O172: 18.11 | P172: 18.21 | Q172: 23.8 | R172: 16.76 | S172: 14.55 | T172: 13.42 | U172: 14.35 | V172: 16.83 | W172: 5.782 | X172: 0 | Y172: 0 | Z172: 0 | AA172: 0 | AB172: 0 | AD172: =SUM(E172:AB172) -> 163.412
B173: PFV-JAMA-2 | E173: 0 | F173: 0 | G173: 0 | H173: 0 | I173: 0 | J173: 0 | K173: 0 | L173: 0 | M173: 1.9493333 | N173: 14.540667 | O173: 14.626 | P173: 14.667 | Q173: 18.156333 | R173: 13.896167 | S173: 12.068 | T173: 11.602667 | U173: 11.994667 | V173: 13.384333 | W173: 0.23833333 | X173: 0 | Y173: 0 | Z173: 0 | AA173: 0 | AB173: 0 | AD173: =SUM(E173:AB173) -> 127.1235
... B230: PFV-ANDESIV | E230: 0 | F230: 0 | G230: 0 | H230: 0 | I230: 0 | J230: 0 | K230: 0 | L230: 0 | M230: 0 | N230: 0 | O230: 0 | P230: 0 | Q230: 0 | R230: 0 | S230: 0 | T230: 0 | U230: 0 | V230: 0 | W230: 0 | X230: 0 | Y230: 0 | Z230: 0 | AA230: 0 | AB230: 0 | AD230: =SUM(E230:AB230) -> 0
B231: PFV-TAMARICO | AD231: =SUM(E231:AB231) -> 0
B232: PFV-TAIRA | AD232: =SUM(E232:AB232) -> 0
B233: Total | E233: =SUM(E162:E232) -> 0 | F233: =SUM(F162:F232) -> 0 | G233: =SUM(G162:G232) -> 0 | H233: =SUM(H162:H232) -> 0 | I233: =SUM(I162:I232) -> 0 | J233: =SUM(J162:J232) -> 0 | K233: =SUM(K162:K232) -> 0 | L233: =SUM(L162:L232) -> 0 | ... AB233: =SUM(AB162:AB232) -> 0 | AC233: =SUM(AC162:AE232) -> 9749.4036
B236: ='Resumen-Mensual'!$H$26 -> 45751
B238: Central/Hora | E238: 1 | F238: 2 | G238: 3 | H238: 4 | I238: 5 | J238: 6 | K238: 7 | L238: 8 | M238: 9 | N238: 10 | O238: 11 | P238: 12 | Q238: 13 | R238: 14 | S238: 15 | T238: 16 | U238: 17 | V238: 18 | W238: 19 | X238: 20 | Y238: 21 | Z238: 22 | AA238: 23 | AB238: 24 | AC238: Total
B239: PFV-POZOALMONTE-2 | E239: 0 | F239: 0 | G239: 0 | H239: 0 | I239: 0 | J239: 0 | K239: 0 | L239: 0 | M239: 0 | N239: 0.066166667 | O239: 0.30866667 | P239: 0 | Q239: 0 | R239: 0 | S239: 0 | T239: 0 | U239: 0 | V239: 0.043333333 | W239: 0 | X239: 0 | Y239: 0 | Z239: 0 | AA239: 0 | AB239: 0 | AD239: =SUM(E239:AB239) -> 0.41816667
B240: PFV-POZOALMONTE-3 | E240: 0 | F240: 0 | G240: 0 | H240: 0 | I240: 0 | J240: 0 | K240: 0 | L240: 0 | M240: 0 | N240: 0 | O240: 0.016666667 | P240: 0 | Q240: 0 | R240: 0 | S240: 0 | T240: 0 | U240: 0 | V240: 0 | W240: 0 | X240: 0 | Y240: 0 | Z240: 0 | AA240: 0 | AB240: 0 | AD240: =SUM(E240:AB240) -> 0.016666667
B241: PFV-LAHUAYCA-2 | E241: 0 | F241: 0 | G241: 0 | H241: 0 | I241: 0 | J241: 0 | K241: 0 | L241: 0 | M241: 0 | N241: 2.9621667 | O241: 6.4288333 | P241: 0 | Q241: 0 | R241: 0.10266667 | S241: 3.2813333 | T241: 5.6323333 | U241: 7.6851667 | V241: 4.7581667 | W241: 0.17066667 | X241: 0 | Y241: 0 | Z241: 0 | AA241: 0 | AB241: 0 | AD241: =SUM(E241:AB241) -> 31.021333
B242: PFV-SANTAISABEL | E242: 0 | F242: 0 | G242: 0 | H242: 0 | I242: 0 | J242: 0 | K242: 0 | L242: 0 | M242: 0 | N242: 0 | O242: 0 | P242: 0 | Q242: 0 | R242: 1.278 | S242: 41.006333 | T242: 47.672833 | U242: 26.288 | V242: 29.962333 | W242: 9.197 | X242: 0 | Y242: 0 | Z242: 0 | AA242: 0 | AB242: 0 | AD242: =SUM(E242:AB242) -> 155.4045
B243: PFV-HUATACONDO | E243: 0 | F243: 0 | G243: 0 | H243: 0 | I243: 0 | J243: 0 | K243: 0 | L243: 0 | M243: 0 | N243: 0 | O243: 0 | P243: 0 | Q243: 0 | R243: 0 | S243: 0 | T243: 0 | U243: 0 | V243: 0 | W243: 0 | X243: 0 | Y243: 0 | Z243: 0 | AA243: 0 | AB243: 0 | AD243: =SUM(E243:AB243) -> 0
B244: PFV-ATACAMASOLAR-2 | E244: 0 | F244: 0 | G244: 0 | H244: 0 | I244: 0 | J244: 0 | K244: 0 | L244: 0 | M244: 0 | N244: 0 | O244: 0 | P244: 0 | Q244: 0 | R244: 0 | S244: 0 | T244: 4.4416667 | U244: 52.146333 | V244: 39.9835 | W244: 3.7636667 | X244: 0 | Y244: 0 | Z244: 0 | AA244: 0 | AB244: 0 | AD244: =SUM(E244:AB244) -> 100.33517
B245: PFV-NUEVOQUILLAGUA | E245: 0 | F245: 0 | G245: 0 | H245: 0 | I245: 0 | J245: 0 | K245: 0 | L245: 0 | M245: 0 | N245: 0 | O245: 0 | P245: 0 | Q245: 0 | R245: 0 | S245: 0 | T245: 0 | U245: 0 | V245: 0 | W245: 0 | X245: 0 | Y245: 0 | Z245: 0 | AA245: 0 | AB245: 0 | AD245: =SUM(E245:AB245) -> 0
B246: PFV-GRANJA | E246: 0 | F246: 0 | G246: 0 | H246: 0 | I246: 0 | J246: 0 | K246: 0 | L246: 0 | M246: 0 | N246: 0 | O246: 0 | P246: 0 | Q246: 0 | R246: 0 | S246: 0 | T246: 1.1053333 | U246: 6.162 | V246: 6.6655 | W246: 0 | X246: 0 | Y246: 0 | Z246: 0 | AA246: 0 | AB246: 0 | AD246: =SUM(E246:AB246) -> 13.932833
B247: PFV-USYA | E247: 0 | F247: 0 | G247: 0 | H247: 0 | I247: 0 | J247: 0 | K247: 0 | L247: 0 | M247: 0 | N247: 0.1195 | O247: 4.193 | P247: 0 | Q247: 0 | R247: 4.0166667 | S247: 8.3858333 | T247: 7.0456667 | U247: 12.35 | V247: 5.7018333 | W247: 0.35316667 | X247: 0 | Y247: 0 | Z247: 0 | AA247: 0 | AB247: 0 | AD247: =SUM(E247:AB247) -> 42.165667
B248: PFV-SANPEDRO-GPG | E248: 0 | F248: 0 | G248: 0 | H248: 0 | I248: 0 | J248: 0 | K248: 0 | L248: 0 | M248: 0 | N248: 4.6425 | O248: 6.7906667 | P248: 0 | Q248: 0 | R248: 0.060166667 | S248: 1.7541667 | T248: 8.6791667 | U248: 17.62 | V248: 11.7095 | W248: 0.214 | X248: 0 | Y248: 0 | Z248: 0 | AA248: 0 | AB248: 0 | AD248: =SUM(E248:AB248) -> 51.470167
B249: PFV-JAMA-1 | E249: 0 | F249: 0 | G249: 0 | H249: 0 | I249: 0 | J249: 0 | K249: 0 | L249: 0 | M249: 0 | N249: 4 | O249: 13.78 | P249: 0 | Q249: 0 | R249: 1 | S249: 14.03 | T249: 13.76 | U249: 9.49 | V249: 7.52 | W249: 2.2836667 | X249: 0 | Y249: 0 | Z249: 0 | AA249: 0 | AB249: 0 | AD249: =SUM(E249:AB249) -> 65.863667
B250: PFV-JAMA-2 | E250: 0 | F250: 0 | G250: 0 | H250: 0 | I250: 0 | J250: 0 | K250: 0 | L250: 0 | M250: 0 | N250: 3.5825 | O250: 9.2511667 | P250: 0 | Q250: 0 | R250: 0.45083333 | S250: 12.82 | T250: 12.34 | U250: 10.8425 | V250: 7.448 | W250: 0 | X250: 0 | Y250: 0 | Z250: 0 | AA250: 0 | AB250: 0 | AD250: =SUM(E250:AB250) -> 56.735
... B307: PFV-ANDESIV | E307: 0 | F307: 0 | G307: 0 | H307: 0 | I307: 0 | J307: 0 | K307: 0 | L307: 0 | M307: 0 | N307: 0 | O307: 0 | P307: 0 | Q307: 0 | R307: 0 | S307: 0 | T307: 0 | U307: 0 | V307: 0 | W307: 0 | X307: 0 | Y307: 0 | Z307: 0 | AA307: 0 | AB307: 0 | AD307: =SUM(E307:AB307) -> 0
B308: PFV-TAMARICO | AD308: =SUM(E308:AB308) -> 0
B309: PFV-TAIRA | AD309: =SUM(E309:AB309) -> 0
B310: Total | E310: =SUM(E239:E309) -> 0 | F310: =SUM(F239:F309) -> 0 | G310: =SUM(G239:G309) -> 0 | H310: =SUM(H239:H309) -> 0 | I310: =SUM(I239:I309) -> 0 | J310: =SUM(J239:J309) -> 0 | K310: =SUM(K239:K309) -> 0 | L310: =SUM(L239:L309) -> 0 | ... AB310: =SUM(AB239:AB309) -> 0 | AC310: =SUM(AC239:AE309) -> 3289.8569
B313: ='Resumen-Mensual'!$I$26 -> 45752
B315: Central/Hora | E315: 1 | F315: 2 | G315: 3 | H315: 4 | I315: 5 | J315: 6 | K315: 7 | L315: 8 | M315: 9 | N315: 10 | O315: 11 | P315: 12 | Q315: 13 | R315: 14 | S315: 15 | T315: 16 | U315: 17 | V315: 18 | W315: 19 | X315: 20 | Y315: 21 | Z315: 22 | AA315: 23 | AB315: 24 | AC315: Total
B316: PFV-POZOALMONTE-2 | E316: 0 | F316: 0 | G316: 0 | H316: 0 | I316: 0 | J316: 0 | K316: 0 | L316: 0 | M316: 0 | N316: 0.015166667 | O316: 0.048333333 | P316: 0 | Q316: 0 | R316: 0 | S316: 0 | T316: 0 | U316: 0 | V316: 0 | W316: 0 | X316: 0 | Y316: 0 | Z316: 0 | AA316: 0 | AB316: 0 | AD316: =SUM(E316:AB316) -> 0.0635
B317: PFV-POZOALMONTE-3 | E317: 0 | F317: 0 | G317: 0 | H317: 0 | I317: 0 | J317: 0 | K317: 0 | L317: 0 | M317: 0 | N317: 0 | O317: 0 | P317: 0 | Q317: 0 | R317: 0 | S317: 0 | T317: 0 | U317: 0 | V317: 0 | W317: 0 | X317: 0 | Y317: 0 | Z317: 0 | AA317: 0 | AB317: 0 | AD317: =SUM(E317:AB317) -> 0
B318: PFV-LAHUAYCA-2 | E318: 0 | F318: 0 | G318: 0 | H318: 0 | I318: 0 | J318: 0 | K318: 0 | L318: 0 | M318: 0 | N318: 2.974 | O318: 3.0983333 | P318: 0 | Q318: 0 | R318: 0 | S318: 3.0763333 | T318: 5.0646667 | U318: 7.9486667 | V318: 3.5288333 | W318: 0.2295 | X318: 0 | Y318: 0 | Z318: 0 | AA318: 0 | AB318: 0 | AD318: =SUM(E318:AB318) -> 25.920333
B319: PFV-SANTAISABEL | E319: 0 | F319: 0 | G319: 0 | H319: 0 | I319: 0 | J319: 0 | K319: 0 | L319: 0 | M319: 0 | N319: 11.775167 | O319: 7.8258333 | P319: 0 | Q319: 0 | R319: 0 | S319: 8.598 | T319: 14.656833 | U319: 11.492667 | V319: 3.0611667 | W319: 0.027333333 | X319: 0 | Y319: 0 | Z319: 0 | AA319: 0 | AB319: 0 | AD319: =SUM(E319:AB319) -> 57.437
B320: PFV-HUATACONDO | E320: 0 | F320: 0 | G320: 0 | H320: 0 | I320: 0 | J320: 0 | K320: 0 | L320: 0 | M320: 0 | N320: 0 | O320: 0 | P320: 0 | Q320: 0 | R320: 0 | S320: 0 | T320: 0 | U320: 0 | V320: 0 | W320: 0 | X320: 0 | Y320: 0 | Z320: 0 | AA320: 0 | AB320: 0 | AD320: =SUM(E320:AB320) -> 0
B321: PFV-ATACAMASOLAR-2 | E321: 0 | F321: 0 | G321: 0 | H321: 0 | I321: 0 | J321: 0 | K321: 0 | L321: 0 | M321: 0 | N321: 0 | O321: 0.038833333 | P321: 0 | Q321: 0 | R321: 0 | S321: 0.26866667 | T321: 0 | U321: 0 | V321: 9.8493333 | W321: 0 | X321: 0 | Y321: 0 | Z321: 0 | AA321: 0 | AB321: 0 | AD321: =SUM(E321:AB321) -> 10.156833
B322: PFV-NUEVOQUILLAGUA | E322: 0 | F322: 0 | G322: 0 | H322: 0 | I322: 0 | J322: 0 | K322: 0 | L322: 0 | M322: 0 | N322: 0 | O322: 0 | P322: 0 | Q322: 0 | R322: 0 | S322: 0 | T322: 0 | U322: 0 | V322: 0 | W322: 0 | X322: 0 | Y322: 0 | Z322: 0 | AA322: 0 | AB322: 0 | AD322: =SUM(E322:AB322) -> 0
B323: PFV-GRANJA | E323: 0 | F323: 0 | G323: 0 | H323: 0 | I323: 0 | J323: 0 | K323: 0 | L323: 0 | M323: 0 | N323: 0 | O323: 0.94883333 | P323: 0 | Q323: 0 | R323: 0 | S323: 0.70333333 | T323: 1.1541667 | U323: 0.49066667 | V323: 0 | W323: 0 | X323: 0 | Y323: 0 | Z323: 0 | AA323: 0 | AB323: 0 | AD323: =SUM(E323:AB323) -> 3.297
B324: PFV-USYA | E324: 0 | F324: 0 | G324: 0 | H324: 0 | I324: 0 | J324: 0 | K324: 0 | L324: 0 | M324: 0 | N324: 0.033 | O324: 0.029 | P324: 0 | Q324: 0 | R324: 0 | S324: 20.773167 | T324: 19.3035 | U324: 18.525167 | V324: 13.764667 | W324: 0.15533333 | X324: 0 | Y324: 0 | Z324: 0 | AA324: 0 | AB324: 0 | AD324: =SUM(E324:AB324) -> 72.583833
B325: PFV-SANPEDRO-GPG | E325: 0 | F325: 0 | G325: 0 | H325: 0 | I325: 0 | J325: 0 | K325: 0 | L325: 0 | M325: 0 | N325: 5.2901667 | O325: 3.65 | P325: 0 | Q325: 0 | R325: 0 | S325: 3.1806667 | T325: 7.2543333 | U325: 10.0375 | V325: 2.2996667 | W325: 0 | X325: 0 | Y325: 0 | Z325: 0 | AA325: 0 | AB325: 0 | AD325: =SUM(E325:AB325) -> 31.712333
B326: PFV-JAMA-1 | E326: 0 | F326: 0 | G326: 0 | H326: 0 | I326: 0 | J326: 0 | K326: 0 | L326: 0 | M326: 0 | N326: 13.296 | O326: 8.6666667 | P326: 0 | Q326: 0 | R326: 0 | S326: 12.566667 | T326: 18.2 | U326: 26 | V326: 23.26 | W326: 3.855 | X326: 0 | Y326: 0 | Z326: 0 | AA326: 0 | AB326: 0 | AD326: =SUM(E326:AB326) -> 105.84433
B327: PFV-JAMA-2 | E327: 0 | F327: 0 | G327: 0 | H327: 0 | I327: 0 | J327: 0 | K327: 0 | L327: 0 | M327: 0 | N327: 4.5436667 | O327: 3.8678333 | P327: 0 | Q327: 0 | R327: 0 | S327: 6.8213333 | T327: 12.745833 | U327: 18.45 | V327: 14.58 | W327: 1.5925 | X327: 0 | Y327: 0 | Z327: 0 | AA327: 0 | AB327: 0 | AD327: =SUM(E327:AB327) -> 62.601167
... B384: PFV-ANDESIV | E384: 0 | F384: 0 | G384: 0 | H384: 0 | I384: 0 | J384: 0 | K384: 0 | L384: 0 | M384: 0 | N384: 0 | O384: 0 | P384: 0 | Q384: 0 | R384: 0 | S384: 0 | T384: 0 | U384: 0 | V384: 0 | W384: 0 | X384: 0 | Y384: 0 | Z384: 0 | AA384: 0 | AB384: 0 | AD384: =SUM(E384:AB384) -> 0
B385: PFV-TAMARICO | AD385: =SUM(E385:AB385) -> 0
B386: PFV-TAIRA | AD386: =SUM(E386:AB386) -> 0
B387: Total | E387: =SUM(E316:E386) -> 0 | F387: =SUM(F316:F386) -> 0 | G387: =SUM(G316:G386) -> 0 | H387: =SUM(H316:H386) -> 0 | I387: =SUM(I316:I386) -> 0 | J387: =SUM(J316:J386) -> 0 | K387: =SUM(K316:K386) -> 0 | L387: =SUM(L316:L386) -> 0 | ... AB387: =SUM(AB316:AB386) -> 0 | AC387: =SUM(AC316:AE386) -> 2302.0297
B390: ='Resumen-Mensual'!$J$26 -> 45753
B392: Central/Hora | E392: 1 | F392: 2 | G392: 3 | H392: 4 | I392: 5 | J392: 6 | K392: 7 | L392: 8 | M392: 9 | N392: 10 | O392: 11 | P392: 12 | Q392: 13 | R392: 14 | S392: 15 | T392: 16 | U392: 17 | V392: 18 | W392: 19 | X392: 20 | Y392: 21 | Z392: 22 | AA392: 23 | AB392: 24 | AC392: Total
B393: PFV-POZOALMONTE-2 | E393: 0 | F393: 0 | G393: 0 | H393: 0 | I393: 0 | J393: 0 | K393: 0 | L393: 0.083333333 | M393: 0.18533333 | N393: 0.51416667 | O393: 0.77 | P393: 0.95666667 | Q393: 0.73466667 | R393: 0.477 | S393: 0.082666667 | T393: 0.42366667 | U393: 0.19 | V393: 0.075 | W393: 0 | X393: 0 | Y393: 0 | Z393: 0 | AA393: 0 | AB393: 0 | AD393: =SUM(E393:AB393) -> 4.4925
B394: PFV-POZOALMONTE-3 | E394: 0 | F394: 0 | G394: 0 | H394: 0 | I394: 0 | J394: 0 | K394: 0 | L394: 0.5275 | M394: 0.28366667 | N394: 1.5608333 | O394: 1.3615 | P394: 1.4695 | Q394: 1.6973333 | R394: 1.634 | S394: 1.53 | T394: 2.0591667 | U394: 0.412 | V394: 0.12733333 | W394: 0 | X394: 0 | Y394: 0 | Z394: 0 | AA394: 0 | AB394: 0 | AD394: =SUM(E394:AB394) -> 12.662833
B395: PFV-LAHUAYCA-2 | E395: 0 | F395: 0 | G395: 0 | H395: 0 | I395: 0 | J395: 0 | K395: 0 | L395: 0.093333333 | M395: 2.7345 | N395: 5.764 | O395: 7.1718333 | P395: 6.881 | Q395: 6.212 | R395: 5.7848333 | S395: 5.8871667 | T395: 8.268 | U395: 6.4851667 | V395: 1.9431667 | W395: 0 | X395: 0 | Y395: 0 | Z395: 0 | AA395: 0 | AB395: 0 | AD395: =SUM(E395:AB395) -> 57.225
B396: PFV-SANTAISABEL | E396: 0 | F396: 0 | G396: 0 | H396: 0 | I396: 0 | J396: 0 | K396: 0 | L396: 0 | M396: 43.341 | N396: 45.3425 | O396: 27.163667 | P396: 26.412667 | Q396: 26.254833 | R396: 30.369167 | S396: 41.6965 | T396: 49.114167 | U396: 42.924 | V396: 6.1833333 | W396: 0 | X396: 0 | Y396: 0 | Z396: 0 | AA396: 0 | AB396: 0 | AD396: =SUM(E396:AB396) -> 338.80183
B397: PFV-HUATACONDO | E397: 0 | F397: 0 | G397: 0 | H397: 0 | I397: 0 | J397: 0 | K397: 0 | L397: 0 | M397: 0 | N397: 0 | O397: 0 | P397: 0 | Q397: 0 | R397: 0 | S397: 0 | T397: 0 | U397: 0 | V397: 0 | W397: 0 | X397: 0 | Y397: 0 | Z397: 0 | AA397: 0 | AB397: 0 | AD397: =SUM(E397:AB397) -> 0
B398: PFV-ATACAMASOLAR-2 | E398: 0 | F398: 0 | G398: 0 | H398: 0 | I398: 0 | J398: 0 | K398: 0 | L398: 0.049666667 | M398: 6.0031667 | N398: 7.4393333 | O398: 26.256333 | P398: 31.408833 | Q398: 32.219333 | R398: 5.4971667 | S398: 17.366333 | T398: 27.686667 | U398: 14.881167 | V398: 3.1481667 | W398: 0 | X398: 0 | Y398: 0 | Z398: 0 | AA398: 0 | AB398: 0 | AD398: =SUM(E398:AB398) -> 171.95617
B399: PFV-NUEVOQUILLAGUA | E399: 0 | F399: 0 | G399: 0 | H399: 0 | I399: 0 | J399: 0 | K399: 0 | L399: 0 | M399: 0 | N399: 0 | O399: 0 | P399: 0 | Q399: 0 | R399: 0 | S399: 0 | T399: 0 | U399: 0 | V399: 0 | W399: 0 | X399: 0 | Y399: 0 | Z399: 0 | AA399: 0 | AB399: 0 | AD399: =SUM(E399:AB399) -> 0
...

Sheet Resumen-DiarioHorario-HP
B2: CURTAILMENT HIDRO PASADA POR CENTRALES EN FORMA DIARIA/HORARIA
B5: =+'Resumen-Mensual'!E26 -> 45748
B7: Central/Hora | E7: 1 | F7: 2 | G7: 3 | H7: 4 | I7: 5 | J7: 6 | K7: 7 | L7: 8 | M7: 9 | N7: 10 | O7: 11 | P7: 12 | Q7: 13 | R7: 14 | S7: 15 | T7: 16 | U7: 17 | V7: 18 | W7: 19 | X7: 20 | Y7: 21 | Z7: 22 | AA7: 23 | AB7: 24 | AC7: Total
B8: ABANICO-1 | E8: 0 | F8: 0 | G8: 0 | H8: 0 | I8: 0 | J8: 0 | K8: 0 | L8: 0 | M8: 0 | N8: 0 | O8: 0 | P8: 0 | Q8: 0 | R8: 0 | S8: 0 | T8: 0 | U8: 0 | V8: 0 | W8: 0 | X8: 0 | Y8: 0 | Z8: 0 | AA8: 0 | AB8: 0 | AD8: =SUM(E8:AB8) -> 0
