Workbook

Sheet Resumen-Mensual
B2: RESUMEN DE CURTAILMENTS ACUMULADO DE CENTRALES EÓLICAS, SOLARES HIDRÁULICAS DE PASADA, EMBALSES Y SERIES HÍDRICAS AÑO 2025
C4: Resumen Anual / Mensual (GWh)
C6: Acumulado 2025
B7: Eólica | C7: =SUM(C14,F14,I14,L14,O14,R14,U14,X14,AA14,AD14,AG14,AJ14) -> 477.84286 | E7: =IF($C$11=0,"-",+C7/$C$11) -> 0.22222398
B8: Solar | C8: =SUM(C15,F15,I15,L15,O15,R15,U15,X15,AA15,AD15,AG15,AJ15) -> 1629.8657 | E8: =IF($C$11=0,"-",+C8/$C$11) -> 0.75797983 | Y8: =+AJ84/1000-X15 -> 142.0184
B9: Hidro Pasada | C9: =SUM(C16,F16,I16,L16,O16,R16,U16,X16,AA16,AD16,AG16,AJ16) -> 40.576434 | E9: =IF($C$11=0,"-",+C9/$C$11) -> 0.018870338
B10: Hidro Embalse | C10: =SUM(C17,F17,I17,L17,O17,R17,U17,X17,AA17,AD17,AG17,AJ17) -> 1.9908386 | E10: =IF($C$11=0,"-",+C10/$C$11) -> 0.00092585266
B11: Total | C11: =SUM(C7:C10) -> 2150.2759 | E11: =SUM(E7:E10) -> 1
C13: 45658 | F13: 45689 | I13: 45717 | L13: 45748 | O13: 45778 | R13: 45809 | U13: 45839 | X13: 45870 | AA13: 45901 | AD13: 45931 | AG13: 45962 | AJ13: 45992
B14: Eólica | C14: ='Acumulado-Anual-Eólico'!AJ10/1000 -> 147.02888 | E14: =IF($C$18=0,"-",+C14/$C$18) -> 0.22184096 | F14: ='Acumulado-Anual-Eólico'!AJ65/1000 -> 100.28563 | H14: =IF($F$18=0,"-",+F14/$F$18) -> 0.23812007 | I14: ='Acumulado-Anual-Eólico'!$AJ$120/1000 -> 121.00713 | K14: =IF($I$18=0,"-",+I14/$I$18) -> 0.2223667 | L14: ='Acumulado-Anual-Eólico'!AJ175/1000 -> 65.27924 | N14: =IF($L$18=0,"-",+L14/$L$18) -> 0.19569124 | O14: =+'Acumulado-Anual-Eólico'!AJ231/1000 -> 44.241988 | Q14: =IF($O$18=0,"-",+O14/$O$18) -> 0.23459099 | R14: 0 | T14: =IF($R$18=0,"-",+R14/$R$18) -> - | U14: 0 | W14: =IF($U$18=0,"-",+U14/$U$18) -> - | X14: 0 | Z14: =IF($X$18=0,"-",+X14/$X$18) -> - | AA14: 0 | AC14: =IF($AA$18=0,"-",+AA14/$AA$18) -> - | AD14: 0 | AF14: =IF($AD$18=0,"-",+AD14/$AD$18) -> - | AG14: 0 | AI14: =IF($AG$18=0,"-",+AG14/$AG$18) -> - | AJ14: 0 | AL14: =IF($AJ$18=0,"-",+AJ14/$AJ$18) -> -
B15: Solar | C15: ='Acumulado-Anual-Solar'!AJ10/1000 -> 494.3341 | E15: =IF($C$18=0,"-",+C15/$C$18) -> 0.74586401 | F15: ='Acumulado-Anual-Solar'!AJ84/1000 -> 311.23959 | H15: =IF($F$18=0,"-",+F15/$F$18) -> 0.73901313 | I15: ='Acumulado-Anual-Solar'!$AJ$158/1000 -> 415.98783 | K15: =IF($I$18=0,"-",+I15/$I$18) -> 0.76443301 | L15: ='Acumulado-Anual-Solar'!AJ232/1000 -> 266.28583 | N15: =IF($L$18=0,"-",+L15/$L$18) -> 0.79825998 | O15: =+'Acumulado-Anual-Solar'!AJ308/1000 -> 142.0184 | Q15: =IF($O$18=0,"-",+O15/$O$18) -> 0.75304566 | R15: 0 | T15: =IF($R$18=0,"-",+R15/$R$18) -> - | U15: 0 | W15: =IF($U$18=0,"-",+U15/$U$18) -> - | X15: 0 | Z15: =IF($X$18=0,"-",+X15/$X$18) -> - | AA15: 0 | AC15: =IF($AA$18=0,"-",+AA15/$AA$18) -> - | AD15: 0 | AF15: =IF($AD$18=0,"-",+AD15/$AD$18) -> - | AG15: 0 | AI15: =IF($AG$18=0,"-",+AG15/$AG$18) -> - | AJ15: 0 | AL15: =IF($AJ$18=0,"-",+AJ15/$AJ$18) -> -
B16: Hidro Pasada | C16: =+'Acumulado-Anual-HP'!AJ11/1000 -> 20.43018 | E16: =IF($C$18=0,"-",+C16/$C$18) -> 0.030825581 | F16: =+'Acumulado-Anual-HP'!AJ152/1000 -> 8.6135453 | H16: =IF($F$18=0,"-",+F16/$F$18) -> 0.020452164 | I16: ='Acumulado-Anual-HP'!AJ293/1000 -> 7.18331 | K16: =IF($I$18=0,"-",+I16/$I$18) -> 0.013200288 | L16: ='Acumulado-Anual-HP'!AJ434/1000 -> 2.0177691 | N16: =IF($L$18=0,"-",+L16/$L$18) -> 0.0060487797 | O16: =+'Acumulado-Anual-HP'!AJ575/1000 -> 2.3316291 | Q16: =IF($O$18=0,"-",+O16/$O$18) -> 0.01236335 | R16: 0 | T16: =IF($R$18=0,"-",+R16/$R$18) -> - | U16: 0 | W16: =IF($U$18=0,"-",+U16/$U$18) -> - | X16: 0 | Z16: =IF($X$18=0,"-",+X16/$X$18) -> - | AA16: 0 | AC16: =IF($AA$18=0,"-",+AA16/$AA$18) -> - | AD16: 0 | AF16: =IF($AD$18=0,"-",+AD16/$AD$18) -> - | AG16: 0 | AI16: =IF($AG$18=0,"-",+AG16/$AG$18) -> - | AJ16: 0 | AL16: =IF($AJ$18=0,"-",+AJ16/$AJ$18) -> -
B17: Hidro Embalse | C17: ='Acumulado-Anual-HE'!AJ10/1000 -> 0.97390005 | E17: =IF($C$18=0,"-",+C17/$C$18) -> 0.0014694455 | F17: =+'Acumulado-Anual-HE'!AJ44/1000 -> 1.0169386 | H17: =IF($F$18=0,"-",+F17/$F$18) -> 0.0024146381 | I17: ='Acumulado-Anual-HE'!AJ78 -> 0 | K17: =IF($I$18=0,"-",+I17/$I$18) -> 0 | L17: ='Acumulado-Anual-HE'!AJ112 -> 0 | N17: =IF($L$18=0,"-",+L17/$L$18) -> 0 | O17: =+'Acumulado-Anual-HE'!AJ146/1000 -> 0 | Q17: =IF($O$18=0,"-",+O17/$O$18) -> 0 | R17: 0 | T17: =IF($R$18=0,"-",+R17/$R$18) -> - | U17: 0 | W17: =IF($U$18=0,"-",+U17/$U$18) -> - | X17: 0 | Z17: =IF($X$18=0,"-",+X17/$X$18) -> - | AA17: 0 | AC17: =IF($AA$18=0,"-",+AA17/$AA$18) -> - | AD17: 0 | AF17: =IF($AD$18=0,"-",+AD17/$AD$18) -> - | AG17: 0 | AI17: =IF($AG$18=0,"-",+AG17/$AG$18) -> - | AJ17: 0 | AL17: =IF($AJ$18=0,"-",+AJ17/$AJ$18) -> -
B18: Total | C18: =SUM(C14:D17) -> 662.76706 | E18: =SUM(E14:E17) -> 1 | F18: =SUM(F14:G17) -> 421.1557 | H18: =SUM(H14:H17) -> 1 | I18: =SUM(I14:I17) -> 544.17827 | K18: =SUM(K14:K17) -> 1 | L18: =SUM(L14:L17) -> 333.58284 | N18: =SUM(N14:N17) -> 1 | O18: =SUM(O14:O17) -> 188.59202 | Q18: =SUM(Q14:Q17) -> 1 | R18: =SUM(R14:R17) -> 0 | T18: =SUM(T14:T17) -> 0 | U18: =SUM(U14:U17) -> 0 | W18: =SUM(W14:W17) -> 0 | X18: =SUM(X14:X17) -> 0 | Z18: =SUM(Z14:Z17) -> 0 | AA18: =SUM(AA14:AA17) -> 0 | AC18: =SUM(AC14:AC17) -> 0 | AD18: =SUM(AD14:AD17) -> 0 | AF18: =SUM(AF14:AF17) -> 0 | AG18: =SUM(AG14:AG17) -> 0 | AI18: =SUM(AI14:AI17) -> 0 | AJ18: =SUM(AJ14:AJ17) -> 0 | AL18: =SUM(AL14:AL17) -> 0
B21: RESUMEN DE CURTAILMENTS CENTRALES EÓLICAS, SOLARES, HIDRÁULICAS DE PASADA, EMBALSES Y SERIES HÍDRICAS CORRESPONDIENTE A MAYO 2025 (MWh)
B24: DESGLOSE DIARIO DE CURTAILMENTS DE ENERGÍA EÓLICA
B26: Central / Día | E26: 45778 | F26: =+E26+1 -> 45779 | G26: =+F26+1 -> 45780 | H26: =+G26+1 -> 45781 | I26: =+H26+1 -> 45782 | J26: =+I26+1 -> 45783 | K26: =+J26+1 -> 45784 | L26: =+K26+1 -> 45785 | M26: =+L26+1 -> 45786 | ... AI26: =+AH26+1 -> 45808 | AJ26: Total
B27: Total | E27: =SUM(E28:E78) -> 2789.0277 | F27: =SUM(F28:F78) -> 964.86658 | G27: =SUM(G28:G78) -> 1713.2131 | H27: =SUM(H28:H78) -> 1831.6015 | I27: =SUM(I28:I78) -> 2.642 | J27: =SUM(J28:J78) -> 1135.2818 | K27: =SUM(K28:K78) -> 1186.6352 | L27: =SUM(L28:L78) -> 3819.4398 | ... AI27: =SUM(AI28:AI78) -> 1729.9761 | AK27: =SUM(AK28:AK78) -> 44241.988
B28: PE-TCHAMMA | E28: ='Resumen-DiarioHorario-Eólico'!AD8 -> 61.751833 | F28: ='Resumen-DiarioHorario-Eólico'!AD65 -> 97.882 | G28: ='Resumen-DiarioHorario-Eólico'!AD122 -> 66.386667 | H28: ='Resumen-DiarioHorario-Eólico'!AD179 -> 62.0005 | I28: ='Resumen-DiarioHorario-Eólico'!AD236 -> 0 | J28: ='Resumen-DiarioHorario-Eólico'!AD293 -> 72.008833 | K28: ='Resumen-DiarioHorario-Eólico'!AD350 -> 76.082 | L28: ='Resumen-DiarioHorario-Eólico'!AD407 -> 131.8685 | M28: ='Resumen-DiarioHorario-Eólico'!AD464 -> 330.3535 | N28: ='Resumen-DiarioHorario-Eólico'!AD521 -> 259.8585 | O28: ='Resumen-DiarioHorario-Eólico'!AD578 -> 108.86867 | P28: ='Resumen-DiarioHorario-Eólico'!AD635 -> 19.503333 | Q28: ='Resumen-DiarioHorario-Eólico'!AD692 -> 25.5965 | R28: ='Resumen-DiarioHorario-Eólico'!AD749 -> 7.3023333 | S28: ='Resumen-DiarioHorario-Eólico'!AD806 -> 0 | T28: ='Resumen-DiarioHorario-Eólico'!AD863 -> 0 | U28: ='Resumen-DiarioHorario-Eólico'!AD920 -> 0.012 | V28: ='Resumen-DiarioHorario-Eólico'!AD977 -> 147.7045 | W28: ='Resumen-DiarioHorario-Eólico'!AD1034 -> 0 | X28: ='Resumen-DiarioHorario-Eólico'!AD1091 -> 47.376 | Y28: ='Resumen-DiarioHorario-Eólico'!AD1148 -> 59.341167 | Z28: ='Resumen-DiarioHorario-Eólico'!AD1205 -> 14.452167 | AA28: ='Resumen-DiarioHorario-Eólico'!AD1262 -> 0 | AB28: ='Resumen-DiarioHorario-Eólico'!AD1319 -> 0 | AC28: ='Resumen-DiarioHorario-Eólico'!AD1376 -> 6.6286667 | AD28: ='Resumen-DiarioHorario-Eólico'!AD1433 -> 0.098333333 | AE28: ='Resumen-DiarioHorario-Eólico'!AD1490 -> 158.43733 | AF28: ='Resumen-DiarioHorario-Eólico'!AD1546 -> 120.41933 | AG28: ='Resumen-DiarioHorario-Eólico'!AD1602 -> 0 | AH28: =+'Resumen-DiarioHorario-Eólico'!AD1658 -> 108.62117 | AI28: =+'Resumen-DiarioHorario-Eólico'!AD1714 -> 63.872 | AK28: =SUM(E28:AI28) -> 2046.4258
B29: PE-SIERRAGORDA | E29: ='Resumen-DiarioHorario-Eólico'!AD9 -> 55.617167 | F29: ='Resumen-DiarioHorario-Eólico'!AD66 -> 43.571833 | G29: ='Resumen-DiarioHorario-Eólico'!AD123 -> 25.913333 | H29: ='Resumen-DiarioHorario-Eólico'!AD180 -> 56.336333 | I29: ='Resumen-DiarioHorario-Eólico'!AD237 -> 0 | J29: ='Resumen-DiarioHorario-Eólico'!AD294 -> 65.170333 | K29: ='Resumen-DiarioHorario-Eólico'!AD351 -> 1.72 | L29: ='Resumen-DiarioHorario-Eólico'!AD408 -> 249.51867 | M29: ='Resumen-DiarioHorario-Eólico'!AD465 -> 113.67017 | N29: ='Resumen-DiarioHorario-Eólico'!AD522 -> 81.292333 | O29: ='Resumen-DiarioHorario-Eólico'!AD579 -> 71.254 | P29: ='Resumen-DiarioHorario-Eólico'!AD636 -> 20.217667 | Q29: ='Resumen-DiarioHorario-Eólico'!AD693 -> 90.8365 | R29: ='Resumen-DiarioHorario-Eólico'!AD750 -> 2.1655 | S29: ='Resumen-DiarioHorario-Eólico'!AD807 -> 0 | T29: ='Resumen-DiarioHorario-Eólico'!AD864 -> 0 | U29: ='Resumen-DiarioHorario-Eólico'!AD921 -> 0 | V29: ='Resumen-DiarioHorario-Eólico'!AD978 -> 184.61467 | W29: ='Resumen-DiarioHorario-Eólico'!AD1035 -> 0 | X29: ='Resumen-DiarioHorario-Eólico'!AD1092 -> 9.6161667 | Y29: ='Resumen-DiarioHorario-Eólico'!AD1149 -> 44.264833 | Z29: ='Resumen-DiarioHorario-Eólico'!AD1206 -> 16.289 | AA29: ='Resumen-DiarioHorario-Eólico'!AD1263 -> 0 | AB29: ='Resumen-DiarioHorario-Eólico'!AD1320 -> 0 | AC29: ='Resumen-DiarioHorario-Eólico'!AD1377 -> 12.57 | AD29: ='Resumen-DiarioHorario-Eólico'!AD1434 -> 0.020833333 | AE29: ='Resumen-DiarioHorario-Eólico'!AD1491 -> 49.729 | AF29: ='Resumen-DiarioHorario-Eólico'!AD1547 -> 130.48183 | AG29: ='Resumen-DiarioHorario-Eólico'!AD1603 -> 0 | AH29: =+'Resumen-DiarioHorario-Eólico'!AD1659 -> 42.786833 | AI29: =+'Resumen-DiarioHorario-Eólico'!AD1715 -> 17.148667 | AK29: =SUM(E29:AI29) -> 1384.8057
B30: PE-VALLEDELOSVIENTOS | E30: ='Resumen-DiarioHorario-Eólico'!AD10 -> 59.441667 | F30: ='Resumen-DiarioHorario-Eólico'!AD67 -> 51.809833 | G30: ='Resumen-DiarioHorario-Eólico'!AD124 -> 25.855333 | H30: ='Resumen-DiarioHorario-Eólico'!AD181 -> 4.9963333 | I30: ='Resumen-DiarioHorario-Eólico'!AD238 -> 0 | J30: ='Resumen-DiarioHorario-Eólico'!AD295 -> 119.70083 | K30: ='Resumen-DiarioHorario-Eólico'!AD352 -> 53.9915 | L30: ='Resumen-DiarioHorario-Eólico'!AD409 -> 309.85017 | M30: ='Resumen-DiarioHorario-Eólico'!AD466 -> 138.70567 | N30: ='Resumen-DiarioHorario-Eólico'!AD523 -> 150.97783 | O30: ='Resumen-DiarioHorario-Eólico'!AD580 -> 113.79117 | P30: ='Resumen-DiarioHorario-Eólico'!AD637 -> 26.581667 | Q30: ='Resumen-DiarioHorario-Eólico'!AD694 -> 144.40767 | R30: ='Resumen-DiarioHorario-Eólico'!AD751 -> 24.9085 | S30: ='Resumen-DiarioHorario-Eólico'!AD808 -> 16.278167 | T30: ='Resumen-DiarioHorario-Eólico'!AD865 -> 42.261667 | U30: ='Resumen-DiarioHorario-Eólico'!AD922 -> 2.2038333 | V30: ='Resumen-DiarioHorario-Eólico'!AD979 -> 106.2745 | W30: ='Resumen-DiarioHorario-Eólico'!AD1036 -> 0 | X30: ='Resumen-DiarioHorario-Eólico'!AD1093 -> 5.9088333 | Y30: ='Resumen-DiarioHorario-Eólico'!AD1150 -> 19.266833 | Z30: ='Resumen-DiarioHorario-Eólico'!AD1207 -> 33.153333 | AA30: ='Resumen-DiarioHorario-Eólico'!AD1264 -> 0 | AB30: ='Resumen-DiarioHorario-Eólico'!AD1321 -> 0 | AC30: ='Resumen-DiarioHorario-Eólico'!AD1378 -> 0 | AD30: ='Resumen-DiarioHorario-Eólico'!AD1435 -> 7.5053333 | AE30: ='Resumen-DiarioHorario-Eólico'!AD1492 -> 66.988333 | AF30: ='Resumen-DiarioHorario-Eólico'!AD1548 -> 99.521 | AG30: ='Resumen-DiarioHorario-Eólico'!AD1604 -> 0 | AH30: =+'Resumen-DiarioHorario-Eólico'!AD1660 -> 80.569333 | AI30: =+'Resumen-DiarioHorario-Eólico'!AD1716 -> 44.618667 | AK30: =SUM(E30:AI30) -> 1749.568
B31: PE-CERROTIGRE | E31: ='Resumen-DiarioHorario-Eólico'!AD11 -> 258.4755 | F31: ='Resumen-DiarioHorario-Eólico'!AD68 -> 49.548667 | G31: ='Resumen-DiarioHorario-Eólico'!AD125 -> 38.147167 | H31: ='Resumen-DiarioHorario-Eólico'!AD182 -> 26.778333 | I31: ='Resumen-DiarioHorario-Eólico'!AD239 -> 0 | J31: ='Resumen-DiarioHorario-Eólico'!AD296 -> 61.191833 | K31: ='Resumen-DiarioHorario-Eólico'!AD353 -> 73.938 | L31: ='Resumen-DiarioHorario-Eólico'!AD410 -> 436.78833 | M31: ='Resumen-DiarioHorario-Eólico'!AD467 -> 322.34567 | N31: ='Resumen-DiarioHorario-Eólico'!AD524 -> 449.25017 | O31: ='Resumen-DiarioHorario-Eólico'!AD581 -> 433.4465 | P31: ='Resumen-DiarioHorario-Eólico'!AD638 -> 172.47033 | Q31: ='Resumen-DiarioHorario-Eólico'!AD695 -> 234.4995 | R31: ='Resumen-DiarioHorario-Eólico'!AD752 -> 5.5841667 | S31: ='Resumen-DiarioHorario-Eólico'!AD809 -> 0 | T31: ='Resumen-DiarioHorario-Eólico'!AD866 -> 0 | U31: ='Resumen-DiarioHorario-Eólico'!AD923 -> 0.15616667 | V31: ='Resumen-DiarioHorario-Eólico'!AD980 -> 351.03533 | W31: ='Resumen-DiarioHorario-Eólico'!AD1037 -> 0 | X31: ='Resumen-DiarioHorario-Eólico'!AD1094 -> 0.18766667 | Y31: ='Resumen-DiarioHorario-Eólico'!AD1151 -> 13.9845 | Z31: ='Resumen-DiarioHorario-Eólico'!AD1208 -> 53.8485 | AA31: ='Resumen-DiarioHorario-Eólico'!AD1265 -> 0 | AB31: ='Resumen-DiarioHorario-Eólico'!AD1322 -> 0 | AC31: ='Resumen-DiarioHorario-Eólico'!AD1379 -> 0.097333333 | AD31: ='Resumen-DiarioHorario-Eólico'!AD1436 -> 15.5605 | AE31: ='Resumen-DiarioHorario-Eólico'!AD1493 -> 115.314 | AF31: ='Resumen-DiarioHorario-Eólico'!AD1549 -> 106.74417 | AG31: ='Resumen-DiarioHorario-Eólico'!AD1605 -> 0 | AH31: =+'Resumen-DiarioHorario-Eólico'!AD1661 -> 178.71267 | AI31: =+'Resumen-DiarioHorario-Eólico'!AD1717 -> 157.551 | AK31: =SUM(E31:AI31) -> 3555.656
B32: PE-CALAMA | E32: ='Resumen-DiarioHorario-Eólico'!AD12 -> 88.9755 | F32: ='Resumen-DiarioHorario-Eólico'!AD69 -> 163.5875 | G32: ='Resumen-DiarioHorario-Eólico'!AD126 -> 146.49767 | H32: ='Resumen-DiarioHorario-Eólico'!AD183 -> 51.232333 | I32: ='Resumen-DiarioHorario-Eólico'!AD240 -> 0 | J32: ='Resumen-DiarioHorario-Eólico'!AD297 -> 278.4155 | K32: ='Resumen-DiarioHorario-Eólico'!AD354 -> 91.612167 | L32: ='Resumen-DiarioHorario-Eólico'!AD411 -> 310.39233 | M32: ='Resumen-DiarioHorario-Eólico'!AD468 -> 314.37283 | N32: ='Resumen-DiarioHorario-Eólico'!AD525 -> 206.36533 | O32: ='Resumen-DiarioHorario-Eólico'!AD582 -> 174.17683 | P32: ='Resumen-DiarioHorario-Eólico'!AD639 -> 106.47633 | Q32: ='Resumen-DiarioHorario-Eólico'!AD696 -> 237.79767 | R32: ='Resumen-DiarioHorario-Eólico'!AD753 -> 3.322 | S32: ='Resumen-DiarioHorario-Eólico'!AD810 -> 0 | T32: ='Resumen-DiarioHorario-Eólico'!AD867 -> 0 | U32: ='Resumen-DiarioHorario-Eólico'!AD924 -> 1.0423333 | V32: ='Resumen-DiarioHorario-Eólico'!AD981 -> 278.00183 | W32: ='Resumen-DiarioHorario-Eólico'!AD1038 -> 0 | X32: ='Resumen-DiarioHorario-Eólico'!AD1095 -> 1.7508333 | Y32: ='Resumen-DiarioHorario-Eólico'!AD1152 -> 38.7495 | Z32: ='Resumen-DiarioHorario-Eólico'!AD1209 -> 16.211833 | AA32: ='Resumen-DiarioHorario-Eólico'!AD1266 -> 0 | AB32: ='Resumen-DiarioHorario-Eólico'!AD1323 -> 0 | AC32: ='Resumen-DiarioHorario-Eólico'!AD1380 -> 0 | AD32: ='Resumen-DiarioHorario-Eólico'!AD1437 -> 20.327333 | AE32: ='Resumen-DiarioHorario-Eólico'!AD1494 -> 176.61367 | AF32: ='Resumen-DiarioHorario-Eólico'!AD1550 -> 178.85017 | AG32: ='Resumen-DiarioHorario-Eólico'!AD1606 -> 0 | AH32: =+'Resumen-DiarioHorario-Eólico'!AD1662 -> 193.8025 | AI32: =+'Resumen-DiarioHorario-Eólico'!AD1718 -> 99.420833 | AK32: =SUM(E32:AI32) -> 3177.9948
B33: PE-TALTAL | E33: ='Resumen-DiarioHorario-Eólico'!AD13 -> 209.56717 | F33: ='Resumen-DiarioHorario-Eólico'!AD70 -> 30.497667 | G33: ='Resumen-DiarioHorario-Eólico'!AD127 -> 43.8385 | H33: ='Resumen-DiarioHorario-Eólico'!AD184 -> 30.897333 | I33: ='Resumen-DiarioHorario-Eólico'!AD241 -> 2.642 | J33: ='Resumen-DiarioHorario-Eólico'!AD298 -> 36.556333 | K33: ='Resumen-DiarioHorario-Eólico'!AD355 -> 498.74117 | L33: ='Resumen-DiarioHorario-Eólico'!AD412 -> 717.38517 | M33: ='Resumen-DiarioHorario-Eólico'!AD469 -> 585.66317 | N33: ='Resumen-DiarioHorario-Eólico'!AD526 -> 5.2156667 | O33: ='Resumen-DiarioHorario-Eólico'!AD583 -> 160.0205 | P33: ='Resumen-DiarioHorario-Eólico'!AD640 -> 14.972 | Q33: ='Resumen-DiarioHorario-Eólico'!AD697 -> 16.969167 | R33: ='Resumen-DiarioHorario-Eólico'!AD754 -> 2.1153333 | S33: ='Resumen-DiarioHorario-Eólico'!AD811 -> 0 | T33: ='Resumen-DiarioHorario-Eólico'!AD868 -> 223.035 | U33: ='Resumen-DiarioHorario-Eólico'!AD925 -> 594.34 | V33: ='Resumen-DiarioHorario-Eólico'!AD982 -> 178.0705 | W33: ='Resumen-DiarioHorario-Eólico'!AD1039 -> 0 | X33: ='Resumen-DiarioHorario-Eólico'!AD1096 -> 0 | Y33: ='Resumen-DiarioHorario-Eólico'!AD1153 -> 11.948333 | Z33: ='Resumen-DiarioHorario-Eólico'!AD1210 -> 21.907667 | AA33: ='Resumen-DiarioHorario-Eólico'!AD1267 -> 83.233333 | AB33: ='Resumen-DiarioHorario-Eólico'!AD1324 -> 0 | AC33: ='Resumen-DiarioHorario-Eólico'!AD1381 -> 47.6035 | AD33: ='Resumen-DiarioHorario-Eólico'!AD1438 -> 0.726 | AE33: ='Resumen-DiarioHorario-Eólico'!AD1495 -> 69.1965 | AF33: ='Resumen-DiarioHorario-Eólico'!AD1551 -> 51.322167 | AG33: ='Resumen-DiarioHorario-Eólico'!AD1607 -> 0 | AH33: =+'Resumen-DiarioHorario-Eólico'!AD1663 -> 9.6518333 | AI33: =+'Resumen-DiarioHorario-Eólico'!AD1719 -> 44.007 | AK33: =SUM(E33:AI33) -> 3690.123
B34: PE-SARCO | E34: ='Resumen-DiarioHorario-Eólico'!AD14 -> 40.6215 | F34: ='Resumen-DiarioHorario-Eólico'!AD71 -> 15.956167 | G34: ='Resumen-DiarioHorario-Eólico'!AD128 -> 17.118667 | H34: ='Resumen-DiarioHorario-Eólico'!AD185 -> 17.047833 | I34: ='Resumen-DiarioHorario-Eólico'!AD242 -> 0 | J34: ='Resumen-DiarioHorario-Eólico'!AD299 -> 0.65633333 | K34: ='Resumen-DiarioHorario-Eólico'!AD356 -> 26.533167 | L34: ='Resumen-DiarioHorario-Eólico'!AD413 -> 145.825 | M34: ='Resumen-DiarioHorario-Eólico'!AD470 -> 142.79233 | N34: ='Resumen-DiarioHorario-Eólico'!AD527 -> 19.281833 | O34: ='Resumen-DiarioHorario-Eólico'!AD584 -> 92.648333 | P34: ='Resumen-DiarioHorario-Eólico'!AD641 -> 14.800667 | Q34: ='Resumen-DiarioHorario-Eólico'!AD698 -> 69.8085 | R34: ='Resumen-DiarioHorario-Eólico'!AD755 -> 0 | S34: ='Resumen-DiarioHorario-Eólico'!AD812 -> 0 | T34: ='Resumen-DiarioHorario-Eólico'!AD869 -> 0 | U34: ='Resumen-DiarioHorario-Eólico'!AD926 -> 6.8923333 | V34: ='Resumen-DiarioHorario-Eólico'!AD983 -> 73.832667 | W34: ='Resumen-DiarioHorario-Eólico'!AD1040 -> 0 | X34: ='Resumen-DiarioHorario-Eólico'!AD1097 -> 24.493167 | Y34: ='Resumen-DiarioHorario-Eólico'!AD1154 -> 19.163333 | Z34: ='Resumen-DiarioHorario-Eólico'!AD1211 -> 13.421333 | AA34: ='Resumen-DiarioHorario-Eólico'!AD1268 -> 0 | AB34: ='Resumen-DiarioHorario-Eólico'!AD1325 -> 0 | AC34: ='Resumen-DiarioHorario-Eólico'!AD1382 -> 0.5875 | AD34: ='Resumen-DiarioHorario-Eólico'!AD1439 -> 0 | AE34: ='Resumen-DiarioHorario-Eólico'!AD1496 -> 312.88467 | AF34: ='Resumen-DiarioHorario-Eólico'!AD1552 -> 570.35867 | AG34: ='Resumen-DiarioHorario-Eólico'!AD1608 -> 0 | AH34: =+'Resumen-DiarioHorario-Eólico'!AD1664 -> 38.413333 | AI34: =+'Resumen-DiarioHorario-Eólico'!AD1720 -> 66.938667 | AK34: =SUM(E34:AI34) -> 1730.076
B35: PE-CABOLEONES-1 | E35: ='Resumen-DiarioHorario-Eólico'!AD15 -> 8.864 | F35: ='Resumen-DiarioHorario-Eólico'!AD72 -> 15.712667 | G35: ='Resumen-DiarioHorario-Eólico'!AD129 -> 5.0603333 | H35: ='Resumen-DiarioHorario-Eólico'!AD186 -> 6.1173333 | I35: ='Resumen-DiarioHorario-Eólico'!AD243 -> 0 | J35: ='Resumen-DiarioHorario-Eólico'!AD300 -> 0 | K35: ='Resumen-DiarioHorario-Eólico'!AD357 -> 19.535833 | L35: ='Resumen-DiarioHorario-Eólico'!AD414 -> 185.66517 | M35: ='Resumen-DiarioHorario-Eólico'!AD471 -> 236.00567 | N35: ='Resumen-DiarioHorario-Eólico'!AD528 -> 14.677333 | O35: ='Resumen-DiarioHorario-Eólico'!AD585 -> 154.82733 | P35: ='Resumen-DiarioHorario-Eólico'!AD642 -> 0 | Q35: ='Resumen-DiarioHorario-Eólico'!AD699 -> 67.194 | R35: ='Resumen-DiarioHorario-Eólico'!AD756 -> 0 | S35: ='Resumen-DiarioHorario-Eólico'!AD813 -> 0 | T35: ='Resumen-DiarioHorario-Eólico'!AD870 -> 0 | U35: ='Resumen-DiarioHorario-Eólico'!AD927 -> 0.010833333 | V35: ='Resumen-DiarioHorario-Eólico'!AD984 -> 74.645167 | W35: ='Resumen-DiarioHorario-Eólico'!AD1041 -> 0 | X35: ='Resumen-DiarioHorario-Eólico'!AD1098 -> 17.369333 | Y35: ='Resumen-DiarioHorario-Eólico'!AD1155 -> 23.5295 | Z35: ='Resumen-DiarioHorario-Eólico'!AD1212 -> 15.637833 | AA35: ='Resumen-DiarioHorario-Eólico'!AD1269 -> 0 | AB35: ='Resumen-DiarioHorario-Eólico'!AD1326 -> 0 | AC35: ='Resumen-DiarioHorario-Eólico'!AD1383 -> 2.0283333 | AD35: ='Resumen-DiarioHorario-Eólico'!AD1440 -> 0 | AE35: ='Resumen-DiarioHorario-Eólico'!AD1497 -> 199.32567 | AF35: ='Resumen-DiarioHorario-Eólico'!AD1553 -> 33.812167 | AG35: ='Resumen-DiarioHorario-Eólico'!AD1609 -> 0 | AH35: =+'Resumen-DiarioHorario-Eólico'!AD1665 -> 0.7885 | AI35: =+'Resumen-DiarioHorario-Eólico'!AD1721 -> 36.9225 | AK35: =SUM(E35:AI35) -> 1117.7295
B36: PE-CABOLEONES-2 | E36: ='Resumen-DiarioHorario-Eólico'!AD16 -> 8.3943333 | F36: ='Resumen-DiarioHorario-Eólico'!AD73 -> 21.38 | G36: ='Resumen-DiarioHorario-Eólico'!AD130 -> 8.5265 | H36: ='Resumen-DiarioHorario-Eólico'!AD187 -> 0.87416667 | I36: ='Resumen-DiarioHorario-Eólico'!AD244 -> 0 | J36: ='Resumen-DiarioHorario-Eólico'!AD301 -> 0 | K36: ='Resumen-DiarioHorario-Eólico'!AD358 -> 0.48483333 | L36: ='Resumen-DiarioHorario-Eólico'!AD415 -> 94.8225 | M36: ='Resumen-DiarioHorario-Eólico'!AD472 -> 203.1 | N36: ='Resumen-DiarioHorario-Eólico'!AD529 -> 15.086833 | O36: ='Resumen-DiarioHorario-Eólico'!AD586 -> 177.69317 | P36: ='Resumen-DiarioHorario-Eólico'!AD643 -> 0 | Q36: ='Resumen-DiarioHorario-Eólico'!AD700 -> 54.962667 | R36: ='Resumen-DiarioHorario-Eólico'!AD757 -> 0 | S36: ='Resumen-DiarioHorario-Eólico'!AD814 -> 0 | T36: ='Resumen-DiarioHorario-Eólico'!AD871 -> 0 | U36: ='Resumen-DiarioHorario-Eólico'!AD928 -> 0 | V36: ='Resumen-DiarioHorario-Eólico'!AD985 -> 78.384 | W36: ='Resumen-DiarioHorario-Eólico'!AD1042 -> 0 | X36: ='Resumen-DiarioHorario-Eólico'!AD1099 -> 14.837833 | Y36: ='Resumen-DiarioHorario-Eólico'!AD1156 -> 28.958167 | Z36: ='Resumen-DiarioHorario-Eólico'!AD1213 -> 14.383833 | AA36: ='Resumen-DiarioHorario-Eólico'!AD1270 -> 0 | AB36: ='Resumen-DiarioHorario-Eólico'!AD1327 -> 0 | AC36: ='Resumen-DiarioHorario-Eólico'!AD1384 -> 3.8313333 | AD36: ='Resumen-DiarioHorario-Eólico'!AD1441 -> 0 | AE36: ='Resumen-DiarioHorario-Eólico'!AD1498 -> 51.241667 | AF36: ='Resumen-DiarioHorario-Eólico'!AD1554 -> 38.668 | AG36: ='Resumen-DiarioHorario-Eólico'!AD1610 -> 0 | AH36: =+'Resumen-DiarioHorario-Eólico'!AD1666 -> 0.20433333 | AI36: =+'Resumen-DiarioHorario-Eólico'!AD1722 -> 20.645 | AK36: =SUM(E36:AI36) -> 836.47917
B37: PE-CABOLEONES-3 | E37: ='Resumen-DiarioHorario-Eólico'!AD17 -> 31.6655 | F37: ='Resumen-DiarioHorario-Eólico'!AD74 -> 8.4481667 | G37: ='Resumen-DiarioHorario-Eólico'!AD131 -> 25.196167 | H37: ='Resumen-DiarioHorario-Eólico'!AD188 -> 26.119833 | I37: ='Resumen-DiarioHorario-Eólico'!AD245 -> 0 | J37: ='Resumen-DiarioHorario-Eólico'!AD302 -> 0 | K37: ='Resumen-DiarioHorario-Eólico'!AD359 -> 52.300167 | L37: ='Resumen-DiarioHorario-Eólico'!AD416 -> 199.21483 | M37: ='Resumen-DiarioHorario-Eólico'!AD473 -> 224.962 | N37: ='Resumen-DiarioHorario-Eólico'!AD530 -> 20.390833 | O37: ='Resumen-DiarioHorario-Eólico'!AD587 -> 51.7845 | P37: ='Resumen-DiarioHorario-Eólico'!AD644 -> 0 | Q37: ='Resumen-DiarioHorario-Eólico'!AD701 -> 99.358167 | R37: ='Resumen-DiarioHorario-Eólico'!AD758 -> 0 | S37: ='Resumen-DiarioHorario-Eólico'!AD815 -> 0 | T37: ='Resumen-DiarioHorario-Eólico'!AD872 -> 0 | U37: ='Resumen-DiarioHorario-Eólico'!AD929 -> 1.3881667 | V37: ='Resumen-DiarioHorario-Eólico'!AD986 -> 51.002667 | W37: ='Resumen-DiarioHorario-Eólico'!AD1043 -> 0 | X37: ='Resumen-DiarioHorario-Eólico'!AD1100 -> 37.996333 | Y37: ='Resumen-DiarioHorario-Eólico'!AD1157 -> 25.277167 | Z37: ='Resumen-DiarioHorario-Eólico'!AD1214 -> 8.9698333 | AA37: ='Resumen-DiarioHorario-Eólico'!AD1271 -> 0 | AB37: ='Resumen-DiarioHorario-Eólico'!AD1328 -> 0 | AC37: ='Resumen-DiarioHorario-Eólico'!AD1385 -> 3.1663333 | AD37: ='Resumen-DiarioHorario-Eólico'!AD1442 -> 2.595 | AE37: ='Resumen-DiarioHorario-Eólico'!AD1499 -> 145.74117 | AF37: ='Resumen-DiarioHorario-Eólico'!AD1555 -> 38.201167 | AG37: ='Resumen-DiarioHorario-Eólico'!AD1611 -> 0 | AH37: =+'Resumen-DiarioHorario-Eólico'!AD1667 -> 1.0105 | AI37: =+'Resumen-DiarioHorario-Eólico'!AD1723 -> 44.225 | AK37: =SUM(E37:AI37) -> 1099.0135
B38: PE-SANJUAN | E38: ='Resumen-DiarioHorario-Eólico'!AD18 -> 35.153667 | F38: ='Resumen-DiarioHorario-Eólico'!AD75 -> 15.095667 | G38: ='Resumen-DiarioHorario-Eólico'!AD132 -> 0.014333333 | H38: ='Resumen-DiarioHorario-Eólico'!AD189 -> 20.388167 | I38: ='Resumen-DiarioHorario-Eólico'!AD246 -> 0 | J38: ='Resumen-DiarioHorario-Eólico'!AD303 -> 1.9763333 | K38: ='Resumen-DiarioHorario-Eólico'!AD360 -> 13.510667 | L38: ='Resumen-DiarioHorario-Eólico'!AD417 -> 38.204333 | M38: ='Resumen-DiarioHorario-Eólico'!AD474 -> 274.41133 | N38: ='Resumen-DiarioHorario-Eólico'!AD531 -> 0.50783333 | O38: ='Resumen-DiarioHorario-Eólico'!AD588 -> 7.0186667 | P38: ='Resumen-DiarioHorario-Eólico'!AD645 -> 0 | Q38: ='Resumen-DiarioHorario-Eólico'!AD702 -> 0 | R38: ='Resumen-DiarioHorario-Eólico'!AD759 -> 0 | S38: ='Resumen-DiarioHorario-Eólico'!AD816 -> 0 | T38: ='Resumen-DiarioHorario-Eólico'!AD873 -> 0 | U38: ='Resumen-DiarioHorario-Eólico'!AD930 -> 38.287 | V38: ='Resumen-DiarioHorario-Eólico'!AD987 -> 97.370333 | W38: ='Resumen-DiarioHorario-Eólico'!AD1044 -> 0 | X38: ='Resumen-DiarioHorario-Eólico'!AD1101 -> 29.648667 | Y38: ='Resumen-DiarioHorario-Eólico'!AD1158 -> 7.1071667 | Z38: ='Resumen-DiarioHorario-Eólico'!AD1215 -> 0.31033333 | AA38: ='Resumen-DiarioHorario-Eólico'!AD1272 -> 0 | AB38: ='Resumen-DiarioHorario-Eólico'!AD1329 -> 0 | AC38: ='Resumen-DiarioHorario-Eólico'!AD1386 -> 0.073333333 | AD38: ='Resumen-DiarioHorario-Eólico'!AD1443 -> 0.035 | AE38: ='Resumen-DiarioHorario-Eólico'!AD1500 -> 119.8405 | AF38: ='Resumen-DiarioHorario-Eólico'!AD1556 -> 80.240667 | AG38: ='Resumen-DiarioHorario-Eólico'!AD1612 -> 0 | AH38: =+'Resumen-DiarioHorario-Eólico'!AD1668 -> 22.576 | AI38: =+'Resumen-DiarioHorario-Eólico'!AD1724 -> 4.5353333 | AK38: =SUM(E38:AI38) -> 806.30533
B39: PE-PUNTACOLORADA | E39: ='Resumen-DiarioHorario-Eólico'!AD19 -> 0 | F39: ='Resumen-DiarioHorario-Eólico'!AD76 -> 0 | G39: ='Resumen-DiarioHorario-Eólico'!AD133 -> 0 | H39: ='Resumen-DiarioHorario-Eólico'!AD190 -> 0 | I39: ='Resumen-DiarioHorario-Eólico'!AD247 -> 0 | J39: ='Resumen-DiarioHorario-Eólico'!AD304 -> 0 | K39: ='Resumen-DiarioHorario-Eólico'!AD361 -> 0 | L39: ='Resumen-DiarioHorario-Eólico'!AD418 -> 0 | M39: ='Resumen-DiarioHorario-Eólico'!AD475 -> 0 | N39: ='Resumen-DiarioHorario-Eólico'!AD532 -> 0 | O39: ='Resumen-DiarioHorario-Eólico'!AD589 -> 0 | P39: ='Resumen-DiarioHorario-Eólico'!AD646 -> 0 | Q39: ='Resumen-DiarioHorario-Eólico'!AD703 -> 0 | R39: ='Resumen-DiarioHorario-Eólico'!AD760 -> 0 | S39: ='Resumen-DiarioHorario-Eólico'!AD817 -> 0 | T39: ='Resumen-DiarioHorario-Eólico'!AD874 -> 0 | U39: ='Resumen-DiarioHorario-Eólico'!AD931 -> 0 | V39: ='Resumen-DiarioHorario-Eólico'!AD988 -> 0 | W39: ='Resumen-DiarioHorario-Eólico'!AD1045 -> 0 | X39: ='Resumen-DiarioHorario-Eólico'!AD1102 -> 0 | Y39: ='Resumen-DiarioHorario-Eólico'!AD1159 -> 0 | Z39: ='Resumen-DiarioHorario-Eólico'!AD1216 -> 0 | AA39: ='Resumen-DiarioHorario-Eólico'!AD1273 -> 0 | AB39: ='Resumen-DiarioHorario-Eólico'!AD1330 -> 0 | AC39: ='Resumen-DiarioHorario-Eólico'!AD1387 -> 0 | AD39: ='Resumen-DiarioHorario-Eólico'!AD1444 -> 0 | AE39: ='Resumen-DiarioHorario-Eólico'!AD1501 -> 0 | AF39: ='Resumen-DiarioHorario-Eólico'!AD1557 -> 0 | AG39: ='Resumen-DiarioHorario-Eólico'!AD1613 -> 0 | AH39: =+'Resumen-DiarioHorario-Eólico'!AD1669 -> 0 | AI39: =+'Resumen-DiarioHorario-Eólico'!AD1725 -> 0 | AK39: =SUM(E39:AI39) -> 0
... B72: PE-ATACAMA | E72: ='Resumen-DiarioHorario-Eólico'!AD52 -> 225.82817 | F72: ='Resumen-DiarioHorario-Eólico'!AD109 -> 79.8435 | G72: ='Resumen-DiarioHorario-Eólico'!AD166 -> 93.4345 | H72: ='Resumen-DiarioHorario-Eólico'!AD223 -> 8.761 | I72: ='Resumen-DiarioHorario-Eólico'!AD280 -> 0 | J72: ='Resumen-DiarioHorario-Eólico'!AD337 -> 181.0645 | K72: ='Resumen-DiarioHorario-Eólico'!AD394 -> 132.84233 | L72: ='Resumen-DiarioHorario-Eólico'!AD451 -> 460.26667 | M72: ='Resumen-DiarioHorario-Eólico'!AD508 -> 727.26567 | N72: ='Resumen-DiarioHorario-Eólico'!AD565 -> 0 | O72: ='Resumen-DiarioHorario-Eólico'!AD622 -> 267.71433 | P72: ='Resumen-DiarioHorario-Eólico'!AD679 -> 108.453 | Q72: ='Resumen-DiarioHorario-Eólico'!AD736 -> 318.72917 | R72: ='Resumen-DiarioHorario-Eólico'!AD793 -> 1.3356667 | S72: ='Resumen-DiarioHorario-Eólico'!AD850 -> 0 | T72: ='Resumen-DiarioHorario-Eólico'!AD907 -> 0 | U72: ='Resumen-DiarioHorario-Eólico'!AD964 -> 141.31 | V72: ='Resumen-DiarioHorario-Eólico'!AD1021 -> 276.58783 | W72: ='Resumen-DiarioHorario-Eólico'!AD1078 -> 0 | X72: ='Resumen-DiarioHorario-Eólico'!AD1135 -> 0.40116667 | Y72: ='Resumen-DiarioHorario-Eólico'!AD1192 -> 31.047667 | Z72: ='Resumen-DiarioHorario-Eólico'!AD1249 -> 55.091833 | AA72: ='Resumen-DiarioHorario-Eólico'!AD1306 -> 0 | AB72: ='Resumen-DiarioHorario-Eólico'!AD1363 -> 0 | AC72: ='Resumen-DiarioHorario-Eólico'!AD1420 -> 5.1501667 | AD72: ='Resumen-DiarioHorario-Eólico'!AD1477 -> 27.602833 | AE72: ='Resumen-DiarioHorario-Eólico'!AD1534 -> 341.6825 | AF72: ='Resumen-DiarioHorario-Eólico'!AD1590 -> 157.43267 | AG72: ='Resumen-DiarioHorario-Eólico'!AD1646 -> 0 | AH72: =+'Resumen-DiarioHorario-Eólico'!AD1702 -> 172.399 | AI72: =+'Resumen-DiarioHorario-Eólico'!AD1758 -> 147.02133 | AK72: =SUM(E72:AI72) -> 3961.2655
B73: PE-LACABANA | D73: † | E73: ='Resumen-DiarioHorario-Eólico'!AD53 -> 0 | F73: ='Resumen-DiarioHorario-Eólico'!AD110 -> 0.86116667 | G73: ='Resumen-DiarioHorario-Eólico'!AD167 -> 10.442333 | H73: ='Resumen-DiarioHorario-Eólico'!AD224 -> 103.55067 | I73: ='Resumen-DiarioHorario-Eólico'!AD281 -> 0 | J73: ='Resumen-DiarioHorario-Eólico'!AD338 -> 0 | K73: ='Resumen-DiarioHorario-Eólico'!AD395 -> 0 | L73: ='Resumen-DiarioHorario-Eólico'!AD452 -> 0 | M73: ='Resumen-DiarioHorario-Eólico'!AD509 -> 0 | N73: ='Resumen-DiarioHorario-Eólico'!AD566 -> 0 | O73: ='Resumen-DiarioHorario-Eólico'!AD623 -> 0 | P73: ='Resumen-DiarioHorario-Eólico'!AD680 -> 0 | Q73: ='Resumen-DiarioHorario-Eólico'!AD737 -> 0 | R73: ='Resumen-DiarioHorario-Eólico'!AD794 -> 0 | S73: ='Resumen-DiarioHorario-Eólico'!AD851 -> 0 | T73: ='Resumen-DiarioHorario-Eólico'!AD908 -> 0 | U73: ='Resumen-DiarioHorario-Eólico'!AD965 -> 0 | V73: ='Resumen-DiarioHorario-Eólico'!AD1022 -> 0 | W73: ='Resumen-DiarioHorario-Eólico'!AD1079 -> 0 | X73: ='Resumen-DiarioHorario-Eólico'!AD1136 -> 11.247667 | Y73: ='Resumen-DiarioHorario-Eólico'!AD1193 -> 1.4416667 | Z73: ='Resumen-DiarioHorario-Eólico'!AD1250 -> 17.566 | AA73: ='Resumen-DiarioHorario-Eólico'!AD1307 -> 0 | AB73: ='Resumen-DiarioHorario-Eólico'!AD1364 -> 0 | AC73: ='Resumen-DiarioHorario-Eólico'!AD1421 -> 18.311 | AD73: ='Resumen-DiarioHorario-Eólico'!AD1478 -> 0 | AE73: ='Resumen-DiarioHorario-Eólico'!AD1535 -> 0 | AF73: ='Resumen-DiarioHorario-Eólico'!AD1591 -> 0 | AG73: ='Resumen-DiarioHorario-Eólico'!AD1647 -> 0 | AH73: =+'Resumen-DiarioHorario-Eólico'!AD1703 -> 0 | AI73: =+'Resumen-DiarioHorario-Eólico'!AD1759 -> 0 | AK73: =SUM(E73:AI73) -> 163.4205
B74: PE-SANMATIAS | E74: ='Resumen-DiarioHorario-Eólico'!AD54 -> 7.5183333 | F74: ='Resumen-DiarioHorario-Eólico'!AD111 -> 0.4115 | G74: ='Resumen-DiarioHorario-Eólico'!AD168 -> 2.923 | H74: ='Resumen-DiarioHorario-Eólico'!AD225 -> 31.763 | I74: ='Resumen-DiarioHorario-Eólico'!AD282 -> 0 | J74: ='Resumen-DiarioHorario-Eólico'!AD339 -> 0 | K74: ='Resumen-DiarioHorario-Eólico'!AD396 -> 65.205167 | L74: ='Resumen-DiarioHorario-Eólico'!AD453 -> 72.546333 | M74: ='Resumen-DiarioHorario-Eólico'!AD510 -> 2.9021667 | N74: ='Resumen-DiarioHorario-Eólico'!AD567 -> 206.24583 | O74: ='Resumen-DiarioHorario-Eólico'!AD624 -> 69.386667 | P74: ='Resumen-DiarioHorario-Eólico'!AD681 -> 27.590167 | Q74: ='Resumen-DiarioHorario-Eólico'!AD738 -> 9.8903333 | R74: ='Resumen-DiarioHorario-Eólico'!AD795 -> 3.6421667 | S74: ='Resumen-DiarioHorario-Eólico'!AD852 -> 0 | T74: ='Resumen-DiarioHorario-Eólico'!AD909 -> 88.4765 | U74: ='Resumen-DiarioHorario-Eólico'!AD966 -> 100.59483 | V74: ='Resumen-DiarioHorario-Eólico'!AD1023 -> 34.386 | W74: ='Resumen-DiarioHorario-Eólico'!AD1080 -> 0 | X74: ='Resumen-DiarioHorario-Eólico'!AD1137 -> 0.93433333 | Y74: ='Resumen-DiarioHorario-Eólico'!AD1194 -> 14.48 | Z74: ='Resumen-DiarioHorario-Eólico'!AD1251 -> 53.237333 | AA74: ='Resumen-DiarioHorario-Eólico'!AD1308 -> 0 | AB74: ='Resumen-DiarioHorario-Eólico'!AD1365 -> 0 | AC74: ='Resumen-DiarioHorario-Eólico'!AD1422 -> 28.1735 | AD74: ='Resumen-DiarioHorario-Eólico'!AD1479 -> 0 | AE74: ='Resumen-DiarioHorario-Eólico'!AD1536 -> 114.19 | AF74: ='Resumen-DiarioHorario-Eólico'!AD1592 -> 37.9935 | AG74: ='Resumen-DiarioHorario-Eólico'!AD1648 -> 2.4716667 | AH74: =+'Resumen-DiarioHorario-Eólico'!AD1704 -> 36.717333 | AI74: =+'Resumen-DiarioHorario-Eólico'!AD1760 -> 9.9346667 | AK74: =SUM(E74:AI74) -> 1021.6143
B75: PE-CARDONAL | E75: ='Resumen-DiarioHorario-Eólico'!AD55 -> 24.53875 | F75: ='Resumen-DiarioHorario-Eólico'!AD112 -> 0.235335 | G75: ='Resumen-DiarioHorario-Eólico'!AD169 -> 16.846333 | H75: ='Resumen-DiarioHorario-Eólico'!AD226 -> 0.31460167 | I75: ='Resumen-DiarioHorario-Eólico'!AD283 -> 0 | J75: ='Resumen-DiarioHorario-Eólico'!AD340 -> 0 | K75: ='Resumen-DiarioHorario-Eólico'!AD397 -> 0 | L75: ='Resumen-DiarioHorario-Eólico'!AD454 -> 0 | M75: ='Resumen-DiarioHorario-Eólico'!AD511 -> 0 | N75: ='Resumen-DiarioHorario-Eólico'!AD568 -> 0.003405 | O75: ='Resumen-DiarioHorario-Eólico'!AD625 -> 0 | P75: ='Resumen-DiarioHorario-Eólico'!AD682 -> 1.0236817 | Q75: ='Resumen-DiarioHorario-Eólico'!AD739 -> 0 | R75: ='Resumen-DiarioHorario-Eólico'!AD796 -> 0.88258333 | S75: ='Resumen-DiarioHorario-Eólico'!AD853 -> 0 | T75: ='Resumen-DiarioHorario-Eólico'!AD910 -> 2.3357467 | U75: ='Resumen-DiarioHorario-Eólico'!AD967 -> 0.39192167 | V75: ='Resumen-DiarioHorario-Eólico'!AD1024 -> 0 | W75: ='Resumen-DiarioHorario-Eólico'!AD1081 -> 0 | X75: ='Resumen-DiarioHorario-Eólico'!AD1138 -> 0 | Y75: ='Resumen-DiarioHorario-Eólico'!AD1195 -> 0.46969833 | Z75: ='Resumen-DiarioHorario-Eólico'!AD1252 -> 0 | AA75: ='Resumen-DiarioHorario-Eólico'!AD1309 -> 0 | AB75: ='Resumen-DiarioHorario-Eólico'!AD1366 -> 0 | AC75: ='Resumen-DiarioHorario-Eólico'!AD1423 -> 0 | AD75: ='Resumen-DiarioHorario-Eólico'!AD1480 -> 0 | AE75: ='Resumen-DiarioHorario-Eólico'!AD1537 -> 0 | AF75: ='Resumen-DiarioHorario-Eólico'!AD1593 -> 0 | AG75: ='Resumen-DiarioHorario-Eólico'!AD1649 -> 0 | AH75: =+'Resumen-DiarioHorario-Eólico'!AD1705 -> 1.6183733 | AI75: =+'Resumen-DiarioHorario-Eólico'!AD1761 -> 14.065512 | AK75: =SUM(E75:AI75) -> 62.725942
B76: PE-CERRILLOS | E76: ='Resumen-DiarioHorario-Eólico'!AD56 -> 24.5525 | F76: ='Resumen-DiarioHorario-Eólico'!AD113 -> 2.4885067 | G76: ='Resumen-DiarioHorario-Eólico'!AD170 -> 19.648487 | H76: ='Resumen-DiarioHorario-Eólico'!AD227 -> 1.4892733 | I76: ='Resumen-DiarioHorario-Eólico'!AD284 -> 0 | J76: ='Resumen-DiarioHorario-Eólico'!AD341 -> 0 | K76: ='Resumen-DiarioHorario-Eólico'!AD398 -> 0 | L76: ='Resumen-DiarioHorario-Eólico'!AD455 -> 0 | M76: ='Resumen-DiarioHorario-Eólico'!AD512 -> 0 | N76: ='Resumen-DiarioHorario-Eólico'!AD569 -> 0.16597667 | O76: ='Resumen-DiarioHorario-Eólico'!AD626 -> 0 | P76: ='Resumen-DiarioHorario-Eólico'!AD683 -> 0.77035667 | Q76: ='Resumen-DiarioHorario-Eólico'!AD740 -> 0 | R76: ='Resumen-DiarioHorario-Eólico'!AD797 -> 0.91666667 | S76: ='Resumen-DiarioHorario-Eólico'!AD854 -> 0 | T76: ='Resumen-DiarioHorario-Eólico'!AD911 -> 0 | U76: ='Resumen-DiarioHorario-Eólico'!AD968 -> 0 | V76: ='Resumen-DiarioHorario-Eólico'!AD1025 -> 0 | W76: ='Resumen-DiarioHorario-Eólico'!AD1082 -> 0 | X76: ='Resumen-DiarioHorario-Eólico'!AD1139 -> 0 | Y76: ='Resumen-DiarioHorario-Eólico'!AD1196 -> 1.6385333 | Z76: ='Resumen-DiarioHorario-Eólico'!AD1253 -> 0 | AA76: ='Resumen-DiarioHorario-Eólico'!AD1310 -> 0 | AB76: ='Resumen-DiarioHorario-Eólico'!AD1367 -> 0 | AC76: ='Resumen-DiarioHorario-Eólico'!AD1424 -> 0 | AD76: ='Resumen-DiarioHorario-Eólico'!AD1481 -> 0 | AE76: ='Resumen-DiarioHorario-Eólico'!AD1538 -> 28.219763 | AF76: ='Resumen-DiarioHorario-Eólico'!AD1594 -> 0.70783333 | AG76: ='Resumen-DiarioHorario-Eólico'!AD1650 -> 0 | AH76: =+'Resumen-DiarioHorario-Eólico'!AD1706 -> 0.93550667 | AI76: =+'Resumen-DiarioHorario-Eólico'!AD1762 -> 21.0763 | AK76: =SUM(E76:AI76) -> 102.6097
B77: PE-MANANTIALES | E77: ='Resumen-DiarioHorario-Eólico'!AD57 -> 28.846417 | F77: ='Resumen-DiarioHorario-Eólico'!AD114 -> 1.2637433 | G77: ='Resumen-DiarioHorario-Eólico'!AD171 -> 24.560403 | H77: ='Resumen-DiarioHorario-Eólico'!AD228 -> 1.0241283 | I77: ='Resumen-DiarioHorario-Eólico'!AD285 -> 0 | J77: ='Resumen-DiarioHorario-Eólico'!AD342 -> 0 | K77: ='Resumen-DiarioHorario-Eólico'!AD399 -> 0 | L77: ='Resumen-DiarioHorario-Eólico'!AD456 -> 0 | M77: ='Resumen-DiarioHorario-Eólico'!AD513 -> 0 | N77: ='Resumen-DiarioHorario-Eólico'!AD570 -> 0.051991667 | O77: ='Resumen-DiarioHorario-Eólico'!AD627 -> 0 | P77: ='Resumen-DiarioHorario-Eólico'!AD684 -> 1.1141283 | Q77: ='Resumen-DiarioHorario-Eólico'!AD741 -> 0 | R77: ='Resumen-DiarioHorario-Eólico'!AD798 -> 0.91341667 | S77: ='Resumen-DiarioHorario-Eólico'!AD855 -> 0 | T77: ='Resumen-DiarioHorario-Eólico'!AD912 -> 0 | U77: ='Resumen-DiarioHorario-Eólico'!AD969 -> 0 | V77: ='Resumen-DiarioHorario-Eólico'!AD1026 -> 0 | W77: ='Resumen-DiarioHorario-Eólico'!AD1083 -> 0 | X77: ='Resumen-DiarioHorario-Eólico'!AD1140 -> 0 | Y77: ='Resumen-DiarioHorario-Eólico'!AD1197 -> 0.80613 | Z77: ='Resumen-DiarioHorario-Eólico'!AD1254 -> 0 | AA77: ='Resumen-DiarioHorario-Eólico'!AD1311 -> 0 | AB77: ='Resumen-DiarioHorario-Eólico'!AD1368 -> 0 | AC77: ='Resumen-DiarioHorario-Eólico'!AD1425 -> 0 | AD77: ='Resumen-DiarioHorario-Eólico'!AD1482 -> 0 | AE77: ='Resumen-DiarioHorario-Eólico'!AD1539 -> 34.419448 | AF77: ='Resumen-DiarioHorario-Eólico'!AD1595 -> 0.54814667 | AG77: ='Resumen-DiarioHorario-Eólico'!AD1651 -> 0 | AH77: =+'Resumen-DiarioHorario-Eólico'!AD1707 -> 1.4484533 | AI77: =+'Resumen-DiarioHorario-Eólico'!AD1763 -> 24.55065 | AK77: =SUM(E77:AI77) -> 119.54706
B78: PE-KALLPA | E78: ='Resumen-DiarioHorario-Eólico'!AD58 -> 371.05117 | F78: ='Resumen-DiarioHorario-Eólico'!AD115 -> 23.403833 | G78: ='Resumen-DiarioHorario-Eólico'!AD172 -> 318.2335 | H78: ='Resumen-DiarioHorario-Eólico'!AD229 -> 233.02883 | I78: ='Resumen-DiarioHorario-Eólico'!AD286 -> 0 | J78: ='Resumen-DiarioHorario-Eólico'!AD343 -> 0 | K78: ='Resumen-DiarioHorario-Eólico'!AD400 -> 0 | L78: ='Resumen-DiarioHorario-Eólico'!AD457 -> 0 | M78: ='Resumen-DiarioHorario-Eólico'!AD514 -> 0 | N78: ='Resumen-DiarioHorario-Eólico'!AD571 -> 193.34117 | O78: ='Resumen-DiarioHorario-Eólico'!AD628 -> 223.2475 | P78: ='Resumen-DiarioHorario-Eólico'!AD685 -> 75.6765 | Q78: ='Resumen-DiarioHorario-Eólico'!AD742 -> 0 | R78: ='Resumen-DiarioHorario-Eólico'!AD799 -> 15.139 | S78: ='Resumen-DiarioHorario-Eólico'!AD856 -> 0 | T78: ='Resumen-DiarioHorario-Eólico'!AD913 -> 0 | U78: ='Resumen-DiarioHorario-Eólico'!AD970 -> 0 | V78: ='Resumen-DiarioHorario-Eólico'!AD1027 -> 0 | W78: ='Resumen-DiarioHorario-Eólico'!AD1084 -> 0 | X78: ='Resumen-DiarioHorario-Eólico'!AD1141 -> 0 | Y78: ='Resumen-DiarioHorario-Eólico'!AD1198 -> 93.835167 | Z78: ='Resumen-DiarioHorario-Eólico'!AD1255 -> 0 | AA78: ='Resumen-DiarioHorario-Eólico'!AD1312 -> 0 | AB78: ='Resumen-DiarioHorario-Eólico'!AD1369 -> 0 | AC78: ='Resumen-DiarioHorario-Eólico'!AD1426 -> 7.5841667 | AD78: ='Resumen-DiarioHorario-Eólico'!AD1483 -> 0 | AE78: ='Resumen-DiarioHorario-Eólico'!AD1540 -> 173.64317 | AF78: ='Resumen-DiarioHorario-Eólico'!AD1596 -> 407.12667 | AG78: ='Resumen-DiarioHorario-Eólico'!AD1652 -> 0 | AH78: =+'Resumen-DiarioHorario-Eólico'!AD1708 -> 0.0025 | AI78: =+'Resumen-DiarioHorario-Eólico'!AD1764 -> 285.86333 | AK78: =SUM(E78:AI78) -> 2421.1765
B81: DESGLOSE DIARIO DE CURTAILMENTS DE ENERGÍA SOLAR
B83: Central / Día | E83: =E26 -> 45778 | F83: =F26 -> 45779 | G83: =G26 -> 45780 | H83: =H26 -> 45781 | I83: =I26 -> 45782 | J83: =J26 -> 45783 | K83: =K26 -> 45784 | L83: =L26 -> 45785 | ... AI83: =AI26 -> 45808 | AJ83: Total
B84: Total | E84: =SUM(E85:E155) -> 10604.201 | F84: =SUM(F85:F155) -> 3462.8627 | G84: =SUM(G85:G155) -> 4099.3972 | H84: =SUM(H85:H155) -> 2637.8337 | I84: =SUM(I85:I155) -> 387.75183 | J84: =SUM(J85:J155) -> 2559.1083 | K84: =SUM(K85:K155) -> 3271.1069 | L84: =SUM(L85:L155) -> 11652.61 | ... AI84: =SUM(AI85:AI155) -> 3718.9705 | AJ84: =SUM(AK85:AK155) -> 142018.4
B85: PFV-POZOALMONTE-2 | E85: ='Resumen-DiarioHorario-Solar'!AD8 -> 4.1083333 | F85: ='Resumen-DiarioHorario-Solar'!AD85 -> 4.348 | G85: ='Resumen-DiarioHorario-Solar'!AD162 -> 0.96516667 | H85: ='Resumen-DiarioHorario-Solar'!AD239 -> 0.74416667 | I85: ='Resumen-DiarioHorario-Solar'!AD316 -> 0 | J85: ='Resumen-DiarioHorario-Solar'!AD393 -> 0.23 | K85: ='Resumen-DiarioHorario-Solar'!AD470 -> 0.036333333 | L85: ='Resumen-DiarioHorario-Solar'!AD547 -> 3.7095 | M85: ='Resumen-DiarioHorario-Solar'!AD624 -> 3.3701667 | N85: ='Resumen-DiarioHorario-Solar'!AD701 -> 3.6728333 | O85: ='Resumen-DiarioHorario-Solar'!AD778 -> 3.9163333 | P85: ='Resumen-DiarioHorario-Solar'!AD855 -> 1.6433333 | Q85: ='Resumen-DiarioHorario-Solar'!AD932 -> 1.8508333 | R85: ='Resumen-DiarioHorario-Solar'!AD1009 -> 0.0995 | S85: ='Resumen-DiarioHorario-Solar'!AD1086 -> 0 | T85: ='Resumen-DiarioHorario-Solar'!AD1163 -> 0 | U85: ='Resumen-DiarioHorario-Solar'!AD1240 -> 0.48 | V85: ='Resumen-DiarioHorario-Solar'!AD1317 -> 3.3483333 | W85: ='Resumen-DiarioHorario-Solar'!AD1394 -> 0 | X85: ='Resumen-DiarioHorario-Solar'!AD1471 -> 0.30233333 | Y85: ='Resumen-DiarioHorario-Solar'!AD1548 -> 0.59816667 | Z85: ='Resumen-DiarioHorario-Solar'!AD1625 -> 0.66466667 | AA85: ='Resumen-DiarioHorario-Solar'!AD1702 -> 0 | AB85: ='Resumen-DiarioHorario-Solar'!AD1779 -> 0 | AC85: ='Resumen-DiarioHorario-Solar'!AD1856 -> 0.333 | AD85: ='Resumen-DiarioHorario-Solar'!AD1933 -> 1.194 | AE85: ='Resumen-DiarioHorario-Solar'!AD2010 -> 33.5765 | AF85: ='Resumen-DiarioHorario-Solar'!AD2087 -> 37.053333 | AG85: ='Resumen-DiarioHorario-Solar'!AD2164 -> 0 | AH85: ='Resumen-DiarioHorario-Solar'!AD2241 -> 27.026667 | AI85: =+'Resumen-DiarioHorario-Solar'!AD2318 -> 21.1 | AK85: =SUM(E85:AI85) -> 154.3715
B86: PFV-POZOALMONTE-3 | E86: ='Resumen-DiarioHorario-Solar'!AD9 -> 0.033833333 | F86: ='Resumen-DiarioHorario-Solar'!AD86 -> 0.2775 | G86: ='Resumen-DiarioHorario-Solar'!AD163 -> 0 | H86: ='Resumen-DiarioHorario-Solar'!AD240 -> 1.1555 | I86: ='Resumen-DiarioHorario-Solar'!AD317 -> 0 | J86: ='Resumen-DiarioHorario-Solar'!AD394 -> 1.193 | K86: ='Resumen-DiarioHorario-Solar'!AD471 -> 0.8955 | L86: ='Resumen-DiarioHorario-Solar'!AD548 -> 0.20766667 | M86: ='Resumen-DiarioHorario-Solar'!AD625 -> 13.545333 | N86: ='Resumen-DiarioHorario-Solar'!AD702 -> 59.178333 | O86: ='Resumen-DiarioHorario-Solar'!AD779 -> 38.706833 | P86: ='Resumen-DiarioHorario-Solar'!AD856 -> 0.81716667 | Q86: ='Resumen-DiarioHorario-Solar'!AD933 -> 5.7906667 | R86: ='Resumen-DiarioHorario-Solar'!AD1010 -> 0 | S86: ='Resumen-DiarioHorario-Solar'!AD1087 -> 0 | T86: ='Resumen-DiarioHorario-Solar'!AD1164 -> 0 | U86: ='Resumen-DiarioHorario-Solar'!AD1241 -> 3.1023333 | V86: ='Resumen-DiarioHorario-Solar'!AD1318 -> 37.436167 | W86: ='Resumen-DiarioHorario-Solar'!AD1395 -> 0 | X86: ='Resumen-DiarioHorario-Solar'!AD1472 -> 0.37683333 | Y86: ='Resumen-DiarioHorario-Solar'!AD1549 -> 4.4546667 | Z86: ='Resumen-DiarioHorario-Solar'!AD1626 -> 4.2753333 | AA86: ='Resumen-DiarioHorario-Solar'!AD1703 -> 0 | AB86: ='Resumen-DiarioHorario-Solar'!AD1780 -> 0 | AC86: ='Resumen-DiarioHorario-Solar'!AD1857 -> 0.6695 | AD86: ='Resumen-DiarioHorario-Solar'!AD1934 -> 0 | AE86: ='Resumen-DiarioHorario-Solar'!AD2011 -> 0 | AF86: ='Resumen-DiarioHorario-Solar'!AD2088 -> 88.536167 | AG86: ='Resumen-DiarioHorario-Solar'!AD2165 -> 0 | AH86: ='Resumen-DiarioHorario-Solar'!AD2242 -> 0 | AI86: =+'Resumen-DiarioHorario-Solar'!AD2319 -> 0 | AK86: =SUM(E86:AI86) -> 260.65233
B87: PFV-LAHUAYCA-2 | E87: ='Resumen-DiarioHorario-Solar'!AD10 -> 48.252833 | F87: ='Resumen-DiarioHorario-Solar'!AD87 -> 28.469833 | G87: ='Resumen-DiarioHorario-Solar'!AD164 -> 27.917167 | H87: ='Resumen-DiarioHorario-Solar'!AD241 -> 42.69 | I87: ='Resumen-DiarioHorario-Solar'!AD318 -> 0 | J87: ='Resumen-DiarioHorario-Solar'!AD395 -> 27.366 | K87: ='Resumen-DiarioHorario-Solar'!AD472 -> 7.7066667 | L87: ='Resumen-DiarioHorario-Solar'!AD549 -> 20.593333 | M87: ='Resumen-DiarioHorario-Solar'!AD626 -> 20.4 | N87: ='Resumen-DiarioHorario-Solar'!AD703 -> 21.2 | O87: ='Resumen-DiarioHorario-Solar'!AD780 -> 33.238833 | P87: ='Resumen-DiarioHorario-Solar'!AD857 -> 21.916833 | Q87: ='Resumen-DiarioHorario-Solar'!AD934 -> 28.34 | R87: ='Resumen-DiarioHorario-Solar'!AD1011 -> 3.3143333 | S87: ='Resumen-DiarioHorario-Solar'!AD1088 -> 0 | T87: ='Resumen-DiarioHorario-Solar'!AD1165 -> 0 | U87: ='Resumen-DiarioHorario-Solar'!AD1242 -> 7.7496667 | V87: ='Resumen-DiarioHorario-Solar'!AD1319 -> 69.7655 | W87: ='Resumen-DiarioHorario-Solar'!AD1396 -> 0 | X87: ='Resumen-DiarioHorario-Solar'!AD1473 -> 9.4548333 | Y87: ='Resumen-DiarioHorario-Solar'!AD1550 -> 3.0971667 | Z87: ='Resumen-DiarioHorario-Solar'!AD1627 -> 10.843333 | AA87: ='Resumen-DiarioHorario-Solar'!AD1704 -> 0 | AB87: ='Resumen-DiarioHorario-Solar'!AD1781 -> 0 | AC87: ='Resumen-DiarioHorario-Solar'!AD1858 -> 7.8568333 | AD87: ='Resumen-DiarioHorario-Solar'!AD1935 -> 1.662 | AE87: ='Resumen-DiarioHorario-Solar'!AD2012 -> 41.942667 | AF87: ='Resumen-DiarioHorario-Solar'!AD2089 -> 39.069333 | AG87: ='Resumen-DiarioHorario-Solar'!AD2166 -> 0 | AH87: ='Resumen-DiarioHorario-Solar'!AD2243 -> 37.0515 | AI87: =+'Resumen-DiarioHorario-Solar'!AD2320 -> 30.468333 | AK87: =SUM(E87:AI87) -> 590.367
B88: PFV-SANTAISABEL | E88: ='Resumen-DiarioHorario-Solar'!AD11 -> 263.79867 | F88: ='Resumen-DiarioHorario-Solar'!AD88 -> 105.5585 | G88: ='Resumen-DiarioHorario-Solar'!AD165 -> 9.0785 | H88: ='Resumen-DiarioHorario-Solar'!AD242 -> 13.019833 | I88: ='Resumen-DiarioHorario-Solar'!AD319 -> 0 | J88: ='Resumen-DiarioHorario-Solar'!AD396 -> 24.011 | K88: ='Resumen-DiarioHorario-Solar'!AD473 -> 0 | L88: ='Resumen-DiarioHorario-Solar'!AD550 -> 0 | M88: ='Resumen-DiarioHorario-Solar'!AD627 -> 644.0665 | N88: ='Resumen-DiarioHorario-Solar'!AD704 -> 464.63367 | O88: ='Resumen-DiarioHorario-Solar'!AD781 -> 353.51683 | P88: ='Resumen-DiarioHorario-Solar'!AD858 -> 34.193333 | Q88: ='Resumen-DiarioHorario-Solar'!AD935 -> 50.181 | R88: ='Resumen-DiarioHorario-Solar'!AD1012 -> 6.875 | S88: ='Resumen-DiarioHorario-Solar'!AD1089 -> 0 | T88: ='Resumen-DiarioHorario-Solar'!AD1166 -> 0 | U88: ='Resumen-DiarioHorario-Solar'!AD1243 -> 1.887 | V88: ='Resumen-DiarioHorario-Solar'!AD1320 -> 385.22017 | W88: ='Resumen-DiarioHorario-Solar'!AD1397 -> 0 | X88: ='Resumen-DiarioHorario-Solar'!AD1474 -> 13.2865 | Y88: ='Resumen-DiarioHorario-Solar'!AD1551 -> 33.7595 | Z88: ='Resumen-DiarioHorario-Solar'!AD1628 -> 14.802167 | AA88: ='Resumen-DiarioHorario-Solar'!AD1705 -> 0 | AB88: ='Resumen-DiarioHorario-Solar'!AD1782 -> 0 | AC88: ='Resumen-DiarioHorario-Solar'!AD1859 -> 13.668167 | AD88: ='Resumen-DiarioHorario-Solar'!AD1936 -> 5.3926667 | AE88: ='Resumen-DiarioHorario-Solar'!AD2013 -> 83.730167 | AF88: ='Resumen-DiarioHorario-Solar'!AD2090 -> 71.759833 | AG88: ='Resumen-DiarioHorario-Solar'!AD2167 -> 0 | AH88: ='Resumen-DiarioHorario-Solar'!AD2244 -> 45.926667 | AI88: =+'Resumen-DiarioHorario-Solar'!AD2321 -> 41.068833 | AK88: =SUM(E88:AI88) -> 2679.4345
B89: PFV-HUATACONDO | E89: ='Resumen-DiarioHorario-Solar'!AD12 -> 0 | F89: ='Resumen-DiarioHorario-Solar'!AD89 -> 139.56533 | G89: ='Resumen-DiarioHorario-Solar'!AD166 -> 0 | H89: ='Resumen-DiarioHorario-Solar'!AD243 -> 0 | I89: ='Resumen-DiarioHorario-Solar'!AD320 -> 92.6095 | J89: ='Resumen-DiarioHorario-Solar'!AD397 -> 70.998 | K89: ='Resumen-DiarioHorario-Solar'!AD474 -> 111.24217 | L89: ='Resumen-DiarioHorario-Solar'!AD551 -> 55.4995 | M89: ='Resumen-DiarioHorario-Solar'!AD628 -> 0 | N89: ='Resumen-DiarioHorario-Solar'!AD705 -> 0 | O89: ='Resumen-DiarioHorario-Solar'!AD782 -> 0 | P89: ='Resumen-DiarioHorario-Solar'!AD859 -> 0 | Q89: ='Resumen-DiarioHorario-Solar'!AD936 -> 0 | R89: ='Resumen-DiarioHorario-Solar'!AD1013 -> 0 | S89: ='Resumen-DiarioHorario-Solar'!AD1090 -> 0 | T89: ='Resumen-DiarioHorario-Solar'!AD1167 -> 0 | U89: ='Resumen-DiarioHorario-Solar'!AD1244 -> 0 | V89: ='Resumen-DiarioHorario-Solar'!AD1321 -> 0 | W89: ='Resumen-DiarioHorario-Solar'!AD1398 -> 30.0735 | X89: ='Resumen-DiarioHorario-Solar'!AD1475 -> 20.895667 | Y89: ='Resumen-DiarioHorario-Solar'!AD1552 -> 13.266167 | Z89: ='Resumen-DiarioHorario-Solar'!AD1629 -> 1.2796667 | AA89: ='Resumen-DiarioHorario-Solar'!AD1706 -> 0 | AB89: ='Resumen-DiarioHorario-Solar'!AD1783 -> 1.2075 | AC89: ='Resumen-DiarioHorario-Solar'!AD1860 -> 26.939833 | AD89: ='Resumen-DiarioHorario-Solar'!AD1937 -> 0 | AE89: ='Resumen-DiarioHorario-Solar'!AD2014 -> 0 | AF89: ='Resumen-DiarioHorario-Solar'!AD2091 -> 5.3538333 | AG89: ='Resumen-DiarioHorario-Solar'!AD2168 -> 0 | AH89: ='Resumen-DiarioHorario-Solar'!AD2245 -> 0 | AI89: =+'Resumen-DiarioHorario-Solar'!AD2322 -> 0 | AK89: =SUM(E89:AI89) -> 568.93067
B90: PFV-ATACAMASOLAR-2 | E90: ='Resumen-DiarioHorario-Solar'!AD13 -> 73.675167 | F90: ='Resumen-DiarioHorario-Solar'!AD90 -> 130.50367 | G90: ='Resumen-DiarioHorario-Solar'!AD167 -> 0.74783333 | H90: ='Resumen-DiarioHorario-Solar'!AD244 -> 0 | I90: ='Resumen-DiarioHorario-Solar'!AD321 -> 0 | J90: ='Resumen-DiarioHorario-Solar'!AD398 -> 26.739 | K90: ='Resumen-DiarioHorario-Solar'!AD475 -> 7.7478333 | L90: ='Resumen-DiarioHorario-Solar'!AD552 -> 177.45433 | M90: ='Resumen-DiarioHorario-Solar'!AD629 -> 497.23367 | N90: ='Resumen-DiarioHorario-Solar'!AD706 -> 240.28067 | O90: ='Resumen-DiarioHorario-Solar'!AD783 -> 194.95233 | P90: ='Resumen-DiarioHorario-Solar'!AD860 -> 43.115333 | Q90: ='Resumen-DiarioHorario-Solar'!AD937 -> 37.546667 | R90: ='Resumen-DiarioHorario-Solar'!AD1014 -> 2.9963333 | S90: ='Resumen-DiarioHorario-Solar'!AD1091 -> 0 | T90: ='Resumen-DiarioHorario-Solar'!AD1168 -> 0 | U90: ='Resumen-DiarioHorario-Solar'!AD1245 -> 0 | V90: ='Resumen-DiarioHorario-Solar'!AD1322 -> 179.82067 | W90: ='Resumen-DiarioHorario-Solar'!AD1399 -> 0 | X90: ='Resumen-DiarioHorario-Solar'!AD1476 -> 0 | Y90: ='Resumen-DiarioHorario-Solar'!AD1553 -> 14.409833 | Z90: ='Resumen-DiarioHorario-Solar'!AD1630 -> 0 | AA90: ='Resumen-DiarioHorario-Solar'!AD1707 -> 0 | AB90: ='Resumen-DiarioHorario-Solar'!AD1784 -> 0 | AC90: ='Resumen-DiarioHorario-Solar'!AD1861 -> 0 | AD90: ='Resumen-DiarioHorario-Solar'!AD1938 -> 10.246167 | AE90: ='Resumen-DiarioHorario-Solar'!AD2015 -> 209.84733 | AF90: ='Resumen-DiarioHorario-Solar'!AD2092 -> 20.007167 | AG90: ='Resumen-DiarioHorario-Solar'!AD2169 -> 0 | AH90: ='Resumen-DiarioHorario-Solar'!AD2246 -> 317.47483 | AI90: =+'Resumen-DiarioHorario-Solar'!AD2323 -> 222.09583 | AK90: =SUM(E90:AI90) -> 2406.8947
B91: PFV-NUEVOQUILLAGUA | D91: † | E91: ='Resumen-DiarioHorario-Solar'!AD14 -> 139.9895 | F91: ='Resumen-DiarioHorario-Solar'!AD91 -> 132.44333 | G91: ='Resumen-DiarioHorario-Solar'!AD168 -> 37.003333 | H91: ='Resumen-DiarioHorario-Solar'!AD245 -> 64.205 | I91: ='Resumen-DiarioHorario-Solar'!AD322 -> 0 | J91: ='Resumen-DiarioHorario-Solar'!AD399 -> 17.45 | K91: ='Resumen-DiarioHorario-Solar'!AD476 -> 77.136667 | L91: ='Resumen-DiarioHorario-Solar'!AD553 -> 55.077833 | M91: ='Resumen-DiarioHorario-Solar'!AD630 -> 58.452167 | N91: ='Resumen-DiarioHorario-Solar'!AD707 -> 49.65 | O91: ='Resumen-DiarioHorario-Solar'!AD784 -> 61.776667 | P91: ='Resumen-DiarioHorario-Solar'!AD861 -> 0 | Q91: ='Resumen-DiarioHorario-Solar'!AD938 -> 0 | R91: ='Resumen-DiarioHorario-Solar'!AD1015 -> 0 | S91: ='Resumen-DiarioHorario-Solar'!AD1092 -> 0 | T91: ='Resumen-DiarioHorario-Solar'!AD1169 -> 0 | U91: ='Resumen-DiarioHorario-Solar'!AD1246 -> 25.136667 | V91: ='Resumen-DiarioHorario-Solar'!AD1323 -> 63.05 | W91: ='Resumen-DiarioHorario-Solar'!AD1400 -> 0 | X91: ='Resumen-DiarioHorario-Solar'!AD1477 -> 34.031167 | Y91: ='Resumen-DiarioHorario-Solar'!AD1554 -> 55.756667 | Z91: ='Resumen-DiarioHorario-Solar'!AD1631 -> 57.103333 | AA91: ='Resumen-DiarioHorario-Solar'!AD1708 -> 0 | AB91: ='Resumen-DiarioHorario-Solar'!AD1785 -> 0 | AC91: ='Resumen-DiarioHorario-Solar'!AD1862 -> 30.48 | AD91: ='Resumen-DiarioHorario-Solar'!AD1939 -> 28.413167 | AE91: ='Resumen-DiarioHorario-Solar'!AD2016 -> 136.38333 | AF91: ='Resumen-DiarioHorario-Solar'!AD2093 -> 126.99667 | AG91: ='Resumen-DiarioHorario-Solar'!AD2170 -> 0 | AH91: ='Resumen-DiarioHorario-Solar'!AD2247 -> 83.045333 | AI91: =+'Resumen-DiarioHorario-Solar'!AD2324 -> 52.7105 | AK91: =SUM(E91:AI91) -> 1386.2913
B92: PFV-GRANJA | E92: ='Resumen-DiarioHorario-Solar'!AD15 -> 0.65766667 | F92: ='Resumen-DiarioHorario-Solar'!AD92 -> 0 | G92: ='Resumen-DiarioHorario-Solar'!AD169 -> 0.49383333 | H92: ='Resumen-DiarioHorario-Solar'!AD246 -> 20.288167 | I92: ='Resumen-DiarioHorario-Solar'!AD323 -> 0 | J92: ='Resumen-DiarioHorario-Solar'!AD400 -> 60.083333 | K92: ='Resumen-DiarioHorario-Solar'!AD477 -> 22.880333 | L92: ='Resumen-DiarioHorario-Solar'!AD554 -> 204.25433 | M92: ='Resumen-DiarioHorario-Solar'!AD631 -> 567.6415 | N92: ='Resumen-DiarioHorario-Solar'!AD708 -> 460.712 | O92: ='Resumen-DiarioHorario-Solar'!AD785 -> 455.64133 | P92: ='Resumen-DiarioHorario-Solar'!AD862 -> 113.37283 | Q92: ='Resumen-DiarioHorario-Solar'!AD939 -> 173.85033 | R92: ='Resumen-DiarioHorario-Solar'!AD1016 -> 0.16016667 | S92: ='Resumen-DiarioHorario-Solar'!AD1093 -> 0 | T92: ='Resumen-DiarioHorario-Solar'!AD1170 -> 0 | U92: ='Resumen-DiarioHorario-Solar'!AD1247 -> 27.917833 | V92: ='Resumen-DiarioHorario-Solar'!AD1324 -> 392.48833 | W92: ='Resumen-DiarioHorario-Solar'!AD1401 -> 0 | X92: ='Resumen-DiarioHorario-Solar'!AD1478 -> 14.13 | Y92: ='Resumen-DiarioHorario-Solar'!AD1555 -> 46.103667 | Z92: ='Resumen-DiarioHorario-Solar'!AD1632 -> 29.015167 | AA92: ='Resumen-DiarioHorario-Solar'!AD1709 -> 0 | AB92: ='Resumen-DiarioHorario-Solar'!AD1786 -> 0 | AC92: ='Resumen-DiarioHorario-Solar'!AD1863 -> 6.1293333 | AD92: ='Resumen-DiarioHorario-Solar'!AD1940 -> 7.3411667 | AE92: ='Resumen-DiarioHorario-Solar'!AD2017 -> 120.70067 | AF92: ='Resumen-DiarioHorario-Solar'!AD2094 -> 52.671167 | AG92: ='Resumen-DiarioHorario-Solar'!AD2171 -> 0 | AH92: ='Resumen-DiarioHorario-Solar'!AD2248 -> 90.863333 | AI92: =+'Resumen-DiarioHorario-Solar'!AD2325 -> 47.068167 | AK92: =SUM(E92:AI92) -> 2914.4647
B93: PFV-USYA | E93: ='Resumen-DiarioHorario-Solar'!AD16 -> 0.0295 | F93: ='Resumen-DiarioHorario-Solar'!AD93 -> 8.1323333 | G93: ='Resumen-DiarioHorario-Solar'!AD170 -> 42.651167 | H93: ='Resumen-DiarioHorario-Solar'!AD247 -> 29.505167 | I93: ='Resumen-DiarioHorario-Solar'!AD324 -> 0 | J93: ='Resumen-DiarioHorario-Solar'!AD401 -> 57.183333 | K93: ='Resumen-DiarioHorario-Solar'!AD478 -> 7.6383333 | L93: ='Resumen-DiarioHorario-Solar'!AD555 -> 84.933 | M93: ='Resumen-DiarioHorario-Solar'!AD632 -> 221.45717 | N93: ='Resumen-DiarioHorario-Solar'!AD709 -> 199.93133 | O93: ='Resumen-DiarioHorario-Solar'!AD786 -> 148.598 | P93: ='Resumen-DiarioHorario-Solar'!AD863 -> 46.238833 | Q93: ='Resumen-DiarioHorario-Solar'!AD940 -> 66.9175 | R93: ='Resumen-DiarioHorario-Solar'!AD1017 -> 0 | S93: ='Resumen-DiarioHorario-Solar'!AD1094 -> 0.5 | T93: ='Resumen-DiarioHorario-Solar'!AD1171 -> 1.2031667 | U93: ='Resumen-DiarioHorario-Solar'!AD1248 -> 9.6445 | V93: ='Resumen-DiarioHorario-Solar'!AD1325 -> 242.051 | W93: ='Resumen-DiarioHorario-Solar'!AD1402 -> 0 | X93: ='Resumen-DiarioHorario-Solar'!AD1479 -> 2.6036667 | Y93: ='Resumen-DiarioHorario-Solar'!AD1556 -> 15.079167 | Z93: ='Resumen-DiarioHorario-Solar'!AD1633 -> 12.0405 | AA93: ='Resumen-DiarioHorario-Solar'!AD1710 -> 0 | AB93: ='Resumen-DiarioHorario-Solar'!AD1787 -> 0 | AC93: ='Resumen-DiarioHorario-Solar'!AD1864 -> 1.3541667 | AD93: ='Resumen-DiarioHorario-Solar'!AD1941 -> 4.118 | AE93: ='Resumen-DiarioHorario-Solar'!AD2018 -> 169.19033 | AF93: ='Resumen-DiarioHorario-Solar'!AD2095 -> 22.253333 | AG93: ='Resumen-DiarioHorario-Solar'!AD2172 -> 0 | AH93: ='Resumen-DiarioHorario-Solar'!AD2249 -> 70.099167 | AI93: =+'Resumen-DiarioHorario-Solar'!AD2326 -> 82.218667 | AK93: =SUM(E93:AI93) -> 1545.5713
B94: PFV-SANPEDRO-GPG | E94: ='Resumen-DiarioHorario-Solar'!AD17 -> 171.2275 | F94: ='Resumen-DiarioHorario-Solar'!AD94 -> 60.6705 | G94: ='Resumen-DiarioHorario-Solar'!AD171 -> 55.9285 | H94: ='Resumen-DiarioHorario-Solar'!AD248 -> 45.6655 | I94: ='Resumen-DiarioHorario-Solar'!AD325 -> 0 | J94: ='Resumen-DiarioHorario-Solar'!AD402 -> 39.7895 | K94: ='Resumen-DiarioHorario-Solar'!AD479 -> 6.6816667 | L94: ='Resumen-DiarioHorario-Solar'!AD556 -> 160.45917 | M94: ='Resumen-DiarioHorario-Solar'!AD633 -> 389.067 | N94: ='Resumen-DiarioHorario-Solar'!AD710 -> 255.23583 | O94: ='Resumen-DiarioHorario-Solar'!AD787 -> 209.13117 | P94: ='Resumen-DiarioHorario-Solar'!AD864 -> 41.730833 | Q94: ='Resumen-DiarioHorario-Solar'!AD941 -> 45.071333 | R94: ='Resumen-DiarioHorario-Solar'!AD1018 -> 4.6678333 | S94: ='Resumen-DiarioHorario-Solar'!AD1095 -> 0 | T94: ='Resumen-DiarioHorario-Solar'!AD1172 -> 0 | U94: ='Resumen-DiarioHorario-Solar'!AD1249 -> 0.14466667 | V94: ='Resumen-DiarioHorario-Solar'!AD1326 -> 241.61883 | W94: ='Resumen-DiarioHorario-Solar'!AD1403 -> 0 | X94: ='Resumen-DiarioHorario-Solar'!AD1480 -> 37.9965 | Y94: ='Resumen-DiarioHorario-Solar'!AD1557 -> 33.635333 | Z94: ='Resumen-DiarioHorario-Solar'!AD1634 -> 16.910667 | AA94: ='Resumen-DiarioHorario-Solar'!AD1711 -> 0 | AB94: ='Resumen-DiarioHorario-Solar'!AD1788 -> 0 | AC94: ='Resumen-DiarioHorario-Solar'!AD1865 -> 2.5586667 | AD94: ='Resumen-DiarioHorario-Solar'!AD1942 -> 3.548 | AE94: ='Resumen-DiarioHorario-Solar'!AD2019 -> 75.007167 | AF94: ='Resumen-DiarioHorario-Solar'!AD2096 -> 81.669667 | AG94: ='Resumen-DiarioHorario-Solar'!AD2173 -> 0 | AH94: ='Resumen-DiarioHorario-Solar'!AD2250 -> 71.9495 | AI94: =+'Resumen-DiarioHorario-Solar'!AD2327 -> 37.147167 | AK94: =SUM(E94:AI94) -> 2087.5125
B95: PFV-JAMA-1 | E95: ='Resumen-DiarioHorario-Solar'!AD18 -> 0 | F95: ='Resumen-DiarioHorario-Solar'!AD95 -> 39.538667 | G95: ='Resumen-DiarioHorario-Solar'!AD172 -> 46.806167 | H95: ='Resumen-DiarioHorario-Solar'!AD249 -> 43.5315 | I95: ='Resumen-DiarioHorario-Solar'!AD326 -> 0 | J95: ='Resumen-DiarioHorario-Solar'!AD403 -> 34.864667 | K95: ='Resumen-DiarioHorario-Solar'!AD480 -> 22.246833 | L95: ='Resumen-DiarioHorario-Solar'!AD557 -> 130.39583 | M95: ='Resumen-DiarioHorario-Solar'!AD634 -> 156.83133 | N95: ='Resumen-DiarioHorario-Solar'!AD711 -> 152.57933 | O95: ='Resumen-DiarioHorario-Solar'!AD788 -> 161.144 | P95: ='Resumen-DiarioHorario-Solar'!AD865 -> 44.803667 | Q95: ='Resumen-DiarioHorario-Solar'!AD942 -> 87.281667 | R95: ='Resumen-DiarioHorario-Solar'!AD1019 -> 5.8233333 | S95: ='Resumen-DiarioHorario-Solar'!AD1096 -> 0 | T95: ='Resumen-DiarioHorario-Solar'!AD1173 -> 0 | U95: ='Resumen-DiarioHorario-Solar'!AD1250 -> 14.997 | V95: ='Resumen-DiarioHorario-Solar'!AD1327 -> 122.13267 | W95: ='Resumen-DiarioHorario-Solar'!AD1404 -> 0 | X95: ='Resumen-DiarioHorario-Solar'!AD1481 -> 23.482 | Y95: ='Resumen-DiarioHorario-Solar'!AD1558 -> 38.517167 | Z95: ='Resumen-DiarioHorario-Solar'!AD1635 -> 26.453333 | AA95: ='Resumen-DiarioHorario-Solar'!AD1712 -> 0 | AB95: ='Resumen-DiarioHorario-Solar'!AD1789 -> 0 | AC95: ='Resumen-DiarioHorario-Solar'!AD1866 -> 13.526667 | AD95: ='Resumen-DiarioHorario-Solar'!AD1943 -> 10.4 | AE95: ='Resumen-DiarioHorario-Solar'!AD2020 -> 79.121667 | AF95: ='Resumen-DiarioHorario-Solar'!AD2097 -> 83.623667 | AG95: ='Resumen-DiarioHorario-Solar'!AD2174 -> 0 | AH95: ='Resumen-DiarioHorario-Solar'!AD2251 -> 74.969667 | AI95: =+'Resumen-DiarioHorario-Solar'!AD2328 -> 51.306333 | AK95: =SUM(E95:AI95) -> 1464.3772
B96: PFV-JAMA-2 | E96: ='Resumen-DiarioHorario-Solar'!AD19 -> 24.348667 | F96: ='Resumen-DiarioHorario-Solar'!AD96 -> 19.281167 | G96: ='Resumen-DiarioHorario-Solar'!AD173 -> 34.741667 | H96: ='Resumen-DiarioHorario-Solar'!AD250 -> 21.149333 | I96: ='Resumen-DiarioHorario-Solar'!AD327 -> 0 | J96: ='Resumen-DiarioHorario-Solar'!AD404 -> 29.481333 | K96: ='Resumen-DiarioHorario-Solar'!AD481 -> 15.028333 | L96: ='Resumen-DiarioHorario-Solar'!AD558 -> 62.751833 | M96: ='Resumen-DiarioHorario-Solar'!AD635 -> 125.03583 | N96: ='Resumen-DiarioHorario-Solar'!AD712 -> 117.1335 | O96: ='Resumen-DiarioHorario-Solar'!AD789 -> 130.03733 | P96: ='Resumen-DiarioHorario-Solar'!AD866 -> 31.186 | Q96: ='Resumen-DiarioHorario-Solar'!AD943 -> 67.146333 | R96: ='Resumen-DiarioHorario-Solar'!AD1020 -> 1.38 | S96: ='Resumen-DiarioHorario-Solar'!AD1097 -> 0 | T96: ='Resumen-DiarioHorario-Solar'!AD1174 -> 0 | U96: ='Resumen-DiarioHorario-Solar'!AD1251 -> 9.7668333 | V96: ='Resumen-DiarioHorario-Solar'!AD1328 -> 100.55867 | W96: ='Resumen-DiarioHorario-Solar'!AD1405 -> 0 | X96: ='Resumen-DiarioHorario-Solar'!AD1482 -> 12.835 | Y96: ='Resumen-DiarioHorario-Solar'!AD1559 -> 18.8645 | Z96: ='Resumen-DiarioHorario-Solar'!AD1636 -> 17.156333 | AA96: ='Resumen-DiarioHorario-Solar'!AD1713 -> 0 | AB96: ='Resumen-DiarioHorario-Solar'!AD1790 -> 0 | AC96: ='Resumen-DiarioHorario-Solar'!AD1867 -> 7.5601667 | AD96: ='Resumen-DiarioHorario-Solar'!AD1944 -> 5.1188333 | AE96: ='Resumen-DiarioHorario-Solar'!AD2021 -> 78.9175 | AF96: ='Resumen-DiarioHorario-Solar'!AD2098 -> 79.813833 | AG96: ='Resumen-DiarioHorario-Solar'!AD2175 -> 0 | AH96: ='Resumen-DiarioHorario-Solar'!AD2252 -> 52.915 | AI96: =+'Resumen-DiarioHorario-Solar'!AD2329 -> 37.9925 | AK96: =SUM(E96:AI96) -> 1100.2005
B97: PFV-SOLDELDESIERTO | E97: ='Resumen-DiarioHorario-Solar'!AD20 -> 458.98067 | F97: ='Resumen-DiarioHorario-Solar'!AD97 -> 145.41317 | G97: ='Resumen-DiarioHorario-Solar'!AD174 -> 253.5375 | H97: ='Resumen-DiarioHorario-Solar'!AD251 -> 110.09633 | I97: ='Resumen-DiarioHorario-Solar'!AD328 -> 0 | J97: ='Resumen-DiarioHorario-Solar'!AD405 -> 0.80733333 | K97: ='Resumen-DiarioHorario-Solar'!AD482 -> 46.182 | L97: ='Resumen-DiarioHorario-Solar'!AD559 -> 434.275 | M97: ='Resumen-DiarioHorario-Solar'!AD636 -> 381.5505 | N97: ='Resumen-DiarioHorario-Solar'!AD713 -> 704.42317 | O97: ='Resumen-DiarioHorario-Solar'!AD790 -> 674.97017 | P97: ='Resumen-DiarioHorario-Solar'!AD867 -> 3.92 | Q97: ='Resumen-DiarioHorario-Solar'!AD944 -> 94.250667 | R97: ='Resumen-DiarioHorario-Solar'!AD1021 -> 43.002667 | S97: ='Resumen-DiarioHorario-Solar'!AD1098 -> 0 | T97: ='Resumen-DiarioHorario-Solar'!AD1175 -> 0 | U97: ='Resumen-DiarioHorario-Solar'!AD1252 -> 44.855667 | V97: ='Resumen-DiarioHorario-Solar'!AD1329 -> 703.64033 | W97: ='Resumen-DiarioHorario-Solar'!AD1406 -> 0 | X97: ='Resumen-DiarioHorario-Solar'!AD1483 -> 36.495833 | Y97: ='Resumen-DiarioHorario-Solar'!AD1560 -> 19.3375 | Z97: ='Resumen-DiarioHorario-Solar'!AD1637 -> 79.1655 | AA97: ='Resumen-DiarioHorario-Solar'!AD1714 -> 0 | AB97: ='Resumen-DiarioHorario-Solar'!AD1791 -> 0 | AC97: ='Resumen-DiarioHorario-Solar'!AD1868 -> 3.659 | AD97: ='Resumen-DiarioHorario-Solar'!AD1945 -> 46.820667 | AE97: ='Resumen-DiarioHorario-Solar'!AD2022 -> 156.59283 | AF97: ='Resumen-DiarioHorario-Solar'!AD2099 -> 39.1155 | AG97: ='Resumen-DiarioHorario-Solar'!AD2176 -> 0 | AH97: ='Resumen-DiarioHorario-Solar'!AD2253 -> 15.923667 | AI97: =+'Resumen-DiarioHorario-Solar'!AD2330 -> 51.334833 | AK97: =SUM(E97:AI97) -> 4548.3505
B98: PFV-MARIAELENA | E98: ='Resumen-DiarioHorario-Solar'!AD21 -> 0 | F98: ='Resumen-DiarioHorario-Solar'!AD98 -> 0 | G98: ='Resumen-DiarioHorario-Solar'!AD175 -> 112.67217 | H98: ='Resumen-DiarioHorario-Solar'!AD252 -> 88.911167 | I98: ='Resumen-DiarioHorario-Solar'!AD329 -> 137.05433 | J98: ='Resumen-DiarioHorario-Solar'!AD406 -> 6.8523333 | K98: ='Resumen-DiarioHorario-Solar'!AD483 -> 1.5188333 | L98: ='Resumen-DiarioHorario-Solar'!AD560 -> 3.468 | M98: ='Resumen-DiarioHorario-Solar'!AD637 -> 60.189333 | N98: ='Resumen-DiarioHorario-Solar'!AD714 -> 63.808 | O98: ='Resumen-DiarioHorario-Solar'!AD791 -> 43.156167 | P98: ='Resumen-DiarioHorario-Solar'!AD868 -> 71.455 | Q98: ='Resumen-DiarioHorario-Solar'!AD945 -> 30.4055 | R98: ='Resumen-DiarioHorario-Solar'!AD1022 -> 43.1385 | S98: ='Resumen-DiarioHorario-Solar'!AD1099 -> 14.087167 | T98: ='Resumen-DiarioHorario-Solar'!AD1176 -> 7.0581667 | U98: ='Resumen-DiarioHorario-Solar'!AD1253 -> 0 | V98: ='Resumen-DiarioHorario-Solar'!AD1330 -> 35.2055 | W98: ='Resumen-DiarioHorario-Solar'!AD1407 -> 4.6006667 | X98: ='Resumen-DiarioHorario-Solar'!AD1484 -> 0 | Y98: ='Resumen-DiarioHorario-Solar'!AD1561 -> 1.8255 | Z98: ='Resumen-DiarioHorario-Solar'!AD1638 -> 0 | AA98: ='Resumen-DiarioHorario-Solar'!AD1715 -> 0 | AB98: ='Resumen-DiarioHorario-Solar'!AD1792 -> 2.1663333 | AC98: ='Resumen-DiarioHorario-Solar'!AD1869 -> 0 | AD98: ='Resumen-DiarioHorario-Solar'!AD1946 -> 0 | AE98: ='Resumen-DiarioHorario-Solar'!AD2023 -> 13.86 | AF98: ='Resumen-DiarioHorario-Solar'!AD2100 -> 13.86 | AG98: ='Resumen-DiarioHorario-Solar'!AD2177 -> 0 | AH98: ='Resumen-DiarioHorario-Solar'!AD2254 -> 0 | AI98: =+'Resumen-DiarioHorario-Solar'!AD2331 -> 1.3388333 | AK98: =SUM(E98:AI98) -> 756.6315
B99: PFV-LACRUZSOLAR | E99: ='Resumen-DiarioHorario-Solar'!AD22 -> 105.49767 | F99: ='Resumen-DiarioHorario-Solar'!AD99 -> 15.238167 | G99: ='Resumen-DiarioHorario-Solar'!AD176 -> 4.1428333 | H99: ='Resumen-DiarioHorario-Solar'!AD253 -> 5.3985 | I99: ='Resumen-DiarioHorario-Solar'!AD330 -> 0 | J99: ='Resumen-DiarioHorario-Solar'!AD407 -> 5.6245 | K99: ='Resumen-DiarioHorario-Solar'!AD484 -> 0.4495 | L99: ='Resumen-DiarioHorario-Solar'!AD561 -> 34.5215 | M99: ='Resumen-DiarioHorario-Solar'!AD638 -> 197.59317 | N99: ='Resumen-DiarioHorario-Solar'!AD715 -> 114.4235 | O99: ='Resumen-DiarioHorario-Solar'!AD792 -> 123.12083 | P99: ='Resumen-DiarioHorario-Solar'!AD869 -> 19.993667 | Q99: ='Resumen-DiarioHorario-Solar'!AD946 -> 14.308167 | R99: ='Resumen-DiarioHorario-Solar'!AD1023 -> 1.7828333 | S99: ='Resumen-DiarioHorario-Solar'!AD1100 -> 0 | T99: ='Resumen-DiarioHorario-Solar'!AD1177 -> 0 | U99: ='Resumen-DiarioHorario-Solar'!AD1254 -> 0.0041666667 | V99: ='Resumen-DiarioHorario-Solar'!AD1331 -> 137.022 | W99: ='Resumen-DiarioHorario-Solar'!AD1408 -> 0 | X99: ='Resumen-DiarioHorario-Solar'!AD1485 -> 4.8016667 | Y99: ='Resumen-DiarioHorario-Solar'!AD1562 -> 6.1756667 | Z99: ='Resumen-DiarioHorario-Solar'!AD1639 -> 2.8803333 | AA99: ='Resumen-DiarioHorario-Solar'!AD1716 -> 0 | AB99: ='Resumen-DiarioHorario-Solar'!AD1793 -> 0 | AC99: ='Resumen-DiarioHorario-Solar'!AD1870 -> 0 | AD99: ='Resumen-DiarioHorario-Solar'!AD1947 -> 0 | AE99: ='Resumen-DiarioHorario-Solar'!AD2024 -> 14.512833 | AF99: ='Resumen-DiarioHorario-Solar'!AD2101 -> 15.563333 | AG99: ='Resumen-DiarioHorario-Solar'!AD2178 -> 0 | AH99: ='Resumen-DiarioHorario-Solar'!AD2255 -> 6.4128333 | AI99: =+'Resumen-DiarioHorario-Solar'!AD2332 -> 3.561 | AK99: =SUM(E99:AI99) -> 833.02867
B100: PFV-FINISTERRAE | E100: ='Resumen-DiarioHorario-Solar'!AD23 -> 454.01183 | F100: ='Resumen-DiarioHorario-Solar'!AD100 -> 56.585167 | G100: ='Resumen-DiarioHorario-Solar'!AD177 -> 4.6575 | H100: ='Resumen-DiarioHorario-Solar'!AD254 -> 7.5656667 | I100: ='Resumen-DiarioHorario-Solar'!AD331 -> 0 | J100: ='Resumen-DiarioHorario-Solar'!AD408 -> 35.452167 | K100: ='Resumen-DiarioHorario-Solar'!AD485 -> 0 | L100: ='Resumen-DiarioHorario-Solar'!AD562 -> 457.877 | M100: ='Resumen-DiarioHorario-Solar'!AD639 -> 754.18233 | N100: ='Resumen-DiarioHorario-Solar'!AD716 -> 499.59717 | O100: ='Resumen-DiarioHorario-Solar'!AD793 -> 436.89483 | P100: ='Resumen-DiarioHorario-Solar'!AD870 -> 66.984 | Q100: ='Resumen-DiarioHorario-Solar'!AD947 -> 39.046833 | R100: ='Resumen-DiarioHorario-Solar'!AD1024 -> 18.805 | S100: ='Resumen-DiarioHorario-Solar'!AD1101 -> 0 | T100: ='Resumen-DiarioHorario-Solar'!AD1178 -> 0 | U100: ='Resumen-DiarioHorario-Solar'!AD1255 -> 0 | V100: ='Resumen-DiarioHorario-Solar'!AD1332 -> 435.183 | W100: ='Resumen-DiarioHorario-Solar'!AD1409 -> 0 | X100: ='Resumen-DiarioHorario-Solar'!AD1486 -> 0 | Y100: ='Resumen-DiarioHorario-Solar'!AD1563 -> 6.03 | Z100: ='Resumen-DiarioHorario-Solar'!AD1640 -> 0 | AA100: ='Resumen-DiarioHorario-Solar'!AD1717 -> 0 | AB100: ='Resumen-DiarioHorario-Solar'!AD1794 -> 0 | AC100: ='Resumen-DiarioHorario-Solar'!AD1871 -> 0.14366667 | AD100: ='Resumen-DiarioHorario-Solar'!AD1948 -> 0.57566667 | AE100: ='Resumen-DiarioHorario-Solar'!AD2025 -> 6.9506667 | AF100: ='Resumen-DiarioHorario-Solar'!AD2102 -> 17.180167 | AG100: ='Resumen-DiarioHorario-Solar'!AD2179 -> 0 | AH100: ='Resumen-DiarioHorario-Solar'!AD2256 -> 105.329 | AI100: =+'Resumen-DiarioHorario-Solar'!AD2333 -> 10.707833 | AK100: =SUM(E100:AI100) -> 3413.7595
B101: PFV-AZABACHE | E101: ='Resumen-DiarioHorario-Solar'!AD24 -> 8.7103333 | F101: ='Resumen-DiarioHorario-Solar'!AD101 -> 17.453833 | G101: ='Resumen-DiarioHorario-Solar'!AD178 -> 8.9316667 | H101: ='Resumen-DiarioHorario-Solar'!AD255 -> 0.206 | I101: ='Resumen-DiarioHorario-Solar'!AD332 -> 0 | J101: ='Resumen-DiarioHorario-Solar'!AD409 -> 2.9251667 | K101: ='Resumen-DiarioHorario-Solar'!AD486 -> 0.47316667 | L101: ='Resumen-DiarioHorario-Solar'!AD563 -> 48.130833 | M101: ='Resumen-DiarioHorario-Solar'!AD640 -> 139.79833 | N101: ='Resumen-DiarioHorario-Solar'!AD717 -> 127.964 | O101: ='Resumen-DiarioHorario-Solar'!AD794 -> 81.160833 | P101: ='Resumen-DiarioHorario-Solar'!AD871 -> 2.2561667 | Q101: ='Resumen-DiarioHorario-Solar'!AD948 -> 1.504 | R101: ='Resumen-DiarioHorario-Solar'!AD1025 -> 0.037833333 | S101: ='Resumen-DiarioHorario-Solar'!AD1102 -> 3.2606667 | T101: ='Resumen-DiarioHorario-Solar'!AD1179 -> 0 | U101: ='Resumen-DiarioHorario-Solar'!AD1256 -> 0 | V101: ='Resumen-DiarioHorario-Solar'!AD1333 -> 86.050833 | W101: ='Resumen-DiarioHorario-Solar'!AD1410 -> 0 | X101: ='Resumen-DiarioHorario-Solar'!AD1487 -> 0.027 | Y101: ='Resumen-DiarioHorario-Solar'!AD1564 -> 2.6026667 | Z101: ='Resumen-DiarioHorario-Solar'!AD1641 -> 0 | AA101: ='Resumen-DiarioHorario-Solar'!AD1718 -> 0 | AB101: ='Resumen-DiarioHorario-Solar'!AD1795 -> 0 | AC101: ='Resumen-DiarioHorario-Solar'!AD1872 -> 0 | AD101: ='Resumen-DiarioHorario-Solar'!AD1949 -> 0 | AE101: ='Resumen-DiarioHorario-Solar'!AD2026 -> 1.395 | AF101: ='Resumen-DiarioHorario-Solar'!AD2103 -> 0 | AG101: ='Resumen-DiarioHorario-Solar'!AD2180 -> 0 | AH101: ='Resumen-DiarioHorario-Solar'!AD2257 -> 0.364 | AI101: =+'Resumen-DiarioHorario-Solar'!AD2334 -> 0 | AK101: =SUM(E101:AI101) -> 533.25233
B102: PFV-TAMAYA | E102: ='Resumen-DiarioHorario-Solar'!AD25 -> 439.0995 | F102: ='Resumen-DiarioHorario-Solar'!AD102 -> 168.19367 | G102: ='Resumen-DiarioHorario-Solar'!AD179 -> 255.83017 | H102: ='Resumen-DiarioHorario-Solar'!AD256 -> 139.06583 | I102: ='Resumen-DiarioHorario-Solar'!AD333 -> 0 | J102: ='Resumen-DiarioHorario-Solar'!AD410 -> 177.64 | K102: ='Resumen-DiarioHorario-Solar'!AD487 -> 220.12767 | L102: ='Resumen-DiarioHorario-Solar'!AD564 -> 410.51533 | M102: ='Resumen-DiarioHorario-Solar'!AD641 -> 505.07317 | N102: ='Resumen-DiarioHorario-Solar'!AD718 -> 432.89 | O102: ='Resumen-DiarioHorario-Solar'!AD795 -> 462.37617 | P102: ='Resumen-DiarioHorario-Solar'!AD872 -> 182.78233 | Q102: ='Resumen-DiarioHorario-Solar'!AD949 -> 263.304 | R102: ='Resumen-DiarioHorario-Solar'!AD1026 -> 26.7265 | S102: ='Resumen-DiarioHorario-Solar'!AD1103 -> 0 | T102: ='Resumen-DiarioHorario-Solar'!AD1180 -> 0 | U102: ='Resumen-DiarioHorario-Solar'!AD1257 -> 77.731833 | V102: ='Resumen-DiarioHorario-Solar'!AD1334 -> 442.34933 | W102: ='Resumen-DiarioHorario-Solar'!AD1411 -> 0 | X102: ='Resumen-DiarioHorario-Solar'!AD1488 -> 80.928667 | Y102: ='Resumen-DiarioHorario-Solar'!AD1565 -> 88.5075 | Z102: ='Resumen-DiarioHorario-Solar'!AD1642 -> 73.078167 | AA102: ='Resumen-DiarioHorario-Solar'!AD1719 -> 0 | AB102: ='Resumen-DiarioHorario-Solar'!AD1796 -> 0 | AC102: ='Resumen-DiarioHorario-Solar'!AD1873 -> 54.641667 | AD102: ='Resumen-DiarioHorario-Solar'!AD1950 -> 17.084833 | AE102: ='Resumen-DiarioHorario-Solar'!AD2027 -> 369.494 | AF102: ='Resumen-DiarioHorario-Solar'!AD2104 -> 306.117 | AG102: ='Resumen-DiarioHorario-Solar'!AD2181 -> 0 | AH102: ='Resumen-DiarioHorario-Solar'!AD2258 -> 281.1915 | AI102: =+'Resumen-DiarioHorario-Solar'!AD2335 -> 228.769 | AK102: =SUM(E102:AI102) -> 5703.5178
B103: PFV-CERRODOMINADOR | E103: ='Resumen-DiarioHorario-Solar'!AD26 -> 152.36217 | F103: ='Resumen-DiarioHorario-Solar'!AD103 -> 25.174667 | G103: ='Resumen-DiarioHorario-Solar'!AD180 -> 0 | H103: ='Resumen-DiarioHorario-Solar'!AD257 -> 4.716 | I103: ='Resumen-DiarioHorario-Solar'!AD334 -> 0 | J103: ='Resumen-DiarioHorario-Solar'!AD411 -> 0 | K103: ='Resumen-DiarioHorario-Solar'!AD488 -> 0 | L103: ='Resumen-DiarioHorario-Solar'!AD565 -> 40.116667 | M103: ='Resumen-DiarioHorario-Solar'!AD642 -> 11.975833 | N103: ='Resumen-DiarioHorario-Solar'!AD719 -> 267.389 | O103: ='Resumen-DiarioHorario-Solar'!AD796 -> 246.78167 | P103: ='Resumen-DiarioHorario-Solar'!AD873 -> 40.255167 | Q103: ='Resumen-DiarioHorario-Solar'!AD950 -> 10.243833 | R103: ='Resumen-DiarioHorario-Solar'!AD1027 -> 5.6501667 | S103: ='Resumen-DiarioHorario-Solar'!AD1104 -> 0 | T103: ='Resumen-DiarioHorario-Solar'!AD1181 -> 0 | U103: ='Resumen-DiarioHorario-Solar'!AD1258 -> 0 | V103: ='Resumen-DiarioHorario-Solar'!AD1335 -> 9.3693333 | W103: ='Resumen-DiarioHorario-Solar'!AD1412 -> 0 | X103: ='Resumen-DiarioHorario-Solar'!AD1489 -> 1.9655 | Y103: ='Resumen-DiarioHorario-Solar'!AD1566 -> 0 | Z103: ='Resumen-DiarioHorario-Solar'!AD1643 -> 0 | AA103: ='Resumen-DiarioHorario-Solar'!AD1720 -> 0 | AB103: ='Resumen-DiarioHorario-Solar'!AD1797 -> 0 | AC103: ='Resumen-DiarioHorario-Solar'!AD1874 -> 9.7716667 | AD103: ='Resumen-DiarioHorario-Solar'!AD1951 -> 0 | AE103: ='Resumen-DiarioHorario-Solar'!AD2028 -> 2.6545 | AF103: ='Resumen-DiarioHorario-Solar'!AD2105 -> 44.006167 | AG103: ='Resumen-DiarioHorario-Solar'!AD2182 -> 0 | AH103: ='Resumen-DiarioHorario-Solar'!AD2259 -> 66.3675 | AI103: =+'Resumen-DiarioHorario-Solar'!AD2336 -> 26.926 | AK103: =SUM(E103:AI103) -> 965.72583
... B117: PFV-CHANARES | E117: ='Resumen-DiarioHorario-Solar'!AD40 -> 119.90483 | F117: ='Resumen-DiarioHorario-Solar'!AD117 -> 40.783333 | G117: ='Resumen-DiarioHorario-Solar'!AD194 -> 40.0685 | H117: ='Resumen-DiarioHorario-Solar'!AD271 -> 30.825667 | I117: ='Resumen-DiarioHorario-Solar'!AD348 -> 0 | J117: ='Resumen-DiarioHorario-Solar'!AD425 -> 51.684 | K117: ='Resumen-DiarioHorario-Solar'!AD502 -> 73.264833 | L117: ='Resumen-DiarioHorario-Solar'!AD579 -> 175.45 | M117: ='Resumen-DiarioHorario-Solar'!AD656 -> 192.67517 | N117: ='Resumen-DiarioHorario-Solar'!AD733 -> 155.513 | O117: ='Resumen-DiarioHorario-Solar'!AD810 -> 130.43783 | P117: ='Resumen-DiarioHorario-Solar'!AD887 -> 50.961167 | Q117: ='Resumen-DiarioHorario-Solar'!AD964 -> 73.319 | R117: ='Resumen-DiarioHorario-Solar'!AD1041 -> 6.4023333 | S117: ='Resumen-DiarioHorario-Solar'!AD1118 -> 0 | T117: ='Resumen-DiarioHorario-Solar'!AD1195 -> 0 | U117: ='Resumen-DiarioHorario-Solar'!AD1272 -> 4.0951667 | V117: ='Resumen-DiarioHorario-Solar'!AD1349 -> 152.1815 | W117: ='Resumen-DiarioHorario-Solar'!AD1426 -> 0 | X117: ='Resumen-DiarioHorario-Solar'!AD1503 -> 17.4395 | Y117: ='Resumen-DiarioHorario-Solar'!AD1580 -> 25.088667 | Z117: ='Resumen-DiarioHorario-Solar'!AD1657 -> 21.1675 | AA117: ='Resumen-DiarioHorario-Solar'!AD1734 -> 0 | AB117: ='Resumen-DiarioHorario-Solar'!AD1811 -> 0 | AC117: ='Resumen-DiarioHorario-Solar'!AD1888 -> 16.012 | AD117: ='Resumen-DiarioHorario-Solar'!AD1965 -> 5.0451667 | AE117: ='Resumen-DiarioHorario-Solar'!AD2042 -> 97.995333 | AF117: ='Resumen-DiarioHorario-Solar'!AD2119 -> 56.997667 | AG117: ='Resumen-DiarioHorario-Solar'!AD2196 -> 0 | AH117: ='Resumen-DiarioHorario-Solar'!AD2273 -> 73.867 | AI117: =+'Resumen-DiarioHorario-Solar'!AD2350 -> 47.2595 | AK117: =SUM(E117:AI117) -> 1658.4387
B118: PFV-SALVADOR | D118: † | E118: ='Resumen-DiarioHorario-Solar'!AD41 -> 0 | F118: ='Resumen-DiarioHorario-Solar'!AD118 -> 0 | G118: ='Resumen-DiarioHorario-Solar'!AD195 -> 148.15617 | H118: ='Resumen-DiarioHorario-Solar'!AD272 -> 0 | I118: ='Resumen-DiarioHorario-Solar'!AD349 -> 0 | J118: ='Resumen-DiarioHorario-Solar'!AD426 -> 0 | K118: ='Resumen-DiarioHorario-Solar'!AD503 -> 0 | L118: ='Resumen-DiarioHorario-Solar'!AD580 -> 0 | M118: ='Resumen-DiarioHorario-Solar'!AD657 -> 0 | N118: ='Resumen-DiarioHorario-Solar'!AD734 -> 0 | O118: ='Resumen-DiarioHorario-Solar'!AD811 -> 0 | P118: ='Resumen-DiarioHorario-Solar'!AD888 -> 0 | Q118: ='Resumen-DiarioHorario-Solar'!AD965 -> 0 | R118: ='Resumen-DiarioHorario-Solar'!AD1042 -> 0 | S118: ='Resumen-DiarioHorario-Solar'!AD1119 -> 0 | T118: ='Resumen-DiarioHorario-Solar'!AD1196 -> 0 | U118: ='Resumen-DiarioHorario-Solar'!AD1273 -> 0 | V118: ='Resumen-DiarioHorario-Solar'!AD1350 -> 0 | W118: ='Resumen-DiarioHorario-Solar'!AD1427 -> 0 | X118: ='Resumen-DiarioHorario-Solar'!AD1504 -> 0 | Y118: ='Resumen-DiarioHorario-Solar'!AD1581 -> 0 | Z118: ='Resumen-DiarioHorario-Solar'!AD1658 -> 0 | AA118: ='Resumen-DiarioHorario-Solar'!AD1735 -> 0 | AB118: ='Resumen-DiarioHorario-Solar'!AD1812 -> 0 | AC118: ='Resumen-DiarioHorario-Solar'!AD1889 -> 0 | AD118: ='Resumen-DiarioHorario-Solar'!AD1966 -> 0 | AE118: ='Resumen-DiarioHorario-Solar'!AD2043 -> 0 | AF118: ='Resumen-DiarioHorario-Solar'!AD2120 -> 0 | AG118: ='Resumen-DiarioHorario-Solar'!AD2197 -> 0 | AH118: ='Resumen-DiarioHorario-Solar'!AD2274 -> 0 | AI118: =+'Resumen-DiarioHorario-Solar'!AD2351 -> 0 | AK118: =SUM(E118:AI118) -> 148.15617
B119: PFV-DIEGODEALMAGRO | E119: ='Resumen-DiarioHorario-Solar'!AD42 -> 36.474833 | F119: ='Resumen-DiarioHorario-Solar'!AD119 -> 6.0588333 | G119: ='Resumen-DiarioHorario-Solar'!AD196 -> 2.6716667 | H119: ='Resumen-DiarioHorario-Solar'!AD273 -> 1.318 | I119: ='Resumen-DiarioHorario-Solar'!AD350 -> 0 | J119: ='Resumen-DiarioHorario-Solar'!AD427 -> 8.2426667 | K119: ='Resumen-DiarioHorario-Solar'!AD504 -> 11.503 | L119: ='Resumen-DiarioHorario-Solar'!AD581 -> 47.959167 | M119: ='Resumen-DiarioHorario-Solar'!AD658 -> 61.801 | N119: ='Resumen-DiarioHorario-Solar'!AD735 -> 33.381 | O119: ='Resumen-DiarioHorario-Solar'!AD812 -> 26.671833 | P119: ='Resumen-DiarioHorario-Solar'!AD889 -> 10.040167 | Q119: ='Resumen-DiarioHorario-Solar'!AD966 -> 12.4105 | R119: ='Resumen-DiarioHorario-Solar'!AD1043 -> 4.4801667 | S119: ='Resumen-DiarioHorario-Solar'!AD1120 -> 0 | T119: ='Resumen-DiarioHorario-Solar'!AD1197 -> 0 | U119: ='Resumen-DiarioHorario-Solar'!AD1274 -> 2.5108333 | V119: ='Resumen-DiarioHorario-Solar'!AD1351 -> 26.3725 | W119: ='Resumen-DiarioHorario-Solar'!AD1428 -> 0 | X119: ='Resumen-DiarioHorario-Solar'!AD1505 -> 1.067 | Y119: ='Resumen-DiarioHorario-Solar'!AD1582 -> 4.7188333 | Z119: ='Resumen-DiarioHorario-Solar'!AD1659 -> 2.9421667 | AA119: ='Resumen-DiarioHorario-Solar'!AD1736 -> 0 | AB119: ='Resumen-DiarioHorario-Solar'!AD1813 -> 0 | AC119: ='Resumen-DiarioHorario-Solar'!AD1890 -> 1.3883333 | AD119: ='Resumen-DiarioHorario-Solar'!AD1967 -> 1.471 | AE119: ='Resumen-DiarioHorario-Solar'!AD2044 -> 24.697667 | AF119: ='Resumen-DiarioHorario-Solar'!AD2121 -> 24.901 | AG119: ='Resumen-DiarioHorario-Solar'!AD2198 -> 0 | AH119: ='Resumen-DiarioHorario-Solar'!AD2275 -> 16.318333 | AI119: =+'Resumen-DiarioHorario-Solar'!AD2352 -> 12.805833 | AK119: =SUM(E119:AI119) -> 382.20633
B120: PFV-CAMPOSDELSOL | E120: ='Resumen-DiarioHorario-Solar'!AD43 -> 608.09233 | F120: ='Resumen-DiarioHorario-Solar'!AD120 -> 21.0185 | G120: ='Resumen-DiarioHorario-Solar'!AD197 -> 38.3025 | H120: ='Resumen-DiarioHorario-Solar'!AD274 -> 20.809833 | I120: ='Resumen-DiarioHorario-Solar'!AD351 -> 0 | J120: ='Resumen-DiarioHorario-Solar'!AD428 -> 304.852 | K120: ='Resumen-DiarioHorario-Solar'!AD505 -> 425.54517 | L120: ='Resumen-DiarioHorario-Solar'!AD582 -> 573.117 | M120: ='Resumen-DiarioHorario-Solar'!AD659 -> 2337.3832 | N120: ='Resumen-DiarioHorario-Solar'!AD736 -> 1918.6773 | O120: ='Resumen-DiarioHorario-Solar'!AD813 -> 575.30617 | P120: ='Resumen-DiarioHorario-Solar'!AD890 -> 606.96167 | Q120: ='Resumen-DiarioHorario-Solar'!AD967 -> 242.775 | R120: ='Resumen-DiarioHorario-Solar'!AD1044 -> 0 | S120: ='Resumen-DiarioHorario-Solar'!AD1121 -> 0 | T120: ='Resumen-DiarioHorario-Solar'!AD1198 -> 0 | U120: ='Resumen-DiarioHorario-Solar'!AD1275 -> 133.32117 | V120: ='Resumen-DiarioHorario-Solar'!AD1352 -> 2039.7285 | W120: ='Resumen-DiarioHorario-Solar'!AD1429 -> 0 | X120: ='Resumen-DiarioHorario-Solar'!AD1506 -> 155.80233 | Y120: ='Resumen-DiarioHorario-Solar'!AD1583 -> 243.55717 | Z120: ='Resumen-DiarioHorario-Solar'!AD1660 -> 167.91067 | AA120: ='Resumen-DiarioHorario-Solar'!AD1737 -> 0 | AB120: ='Resumen-DiarioHorario-Solar'!AD1814 -> 0 | AC120: ='Resumen-DiarioHorario-Solar'!AD1891 -> 0 | AD120: ='Resumen-DiarioHorario-Solar'!AD1968 -> 40.634 | AE120: ='Resumen-DiarioHorario-Solar'!AD2045 -> 839.471 | AF120: ='Resumen-DiarioHorario-Solar'!AD2122 -> 835.15317 | AG120: ='Resumen-DiarioHorario-Solar'!AD2199 -> 0 | AH120: ='Resumen-DiarioHorario-Solar'!AD2276 -> 551.504 | AI120: =+'Resumen-DiarioHorario-Solar'!AD2353 -> 157.59367 | AK120: =SUM(E120:AI120) -> 12837.516
B121: PFV-CARRERAPINTO | E121: ='Resumen-DiarioHorario-Solar'!AD44 -> 163.81183 | F121: ='Resumen-DiarioHorario-Solar'!AD121 -> 39.829833 | G121: ='Resumen-DiarioHorario-Solar'!AD198 -> 11.8095 | H121: ='Resumen-DiarioHorario-Solar'!AD275 -> 3.6238333 | I121: ='Resumen-DiarioHorario-Solar'!AD352 -> 0 | J121: ='Resumen-DiarioHorario-Solar'!AD429 -> 32.410167 | K121: ='Resumen-DiarioHorario-Solar'!AD506 -> 56.872833 | L121: ='Resumen-DiarioHorario-Solar'!AD583 -> 147.10183 | M121: ='Resumen-DiarioHorario-Solar'!AD660 -> 253.64867 | N121: ='Resumen-DiarioHorario-Solar'!AD737 -> 95.935167 | O121: ='Resumen-DiarioHorario-Solar'!AD814 -> 114.67067 | P121: ='Resumen-DiarioHorario-Solar'!AD891 -> 42.602833 | Q121: ='Resumen-DiarioHorario-Solar'!AD968 -> 62.389667 | R121: ='Resumen-DiarioHorario-Solar'!AD1045 -> 6.7931667 | S121: ='Resumen-DiarioHorario-Solar'!AD1122 -> 0 | T121: ='Resumen-DiarioHorario-Solar'!AD1199 -> 0 | U121: ='Resumen-DiarioHorario-Solar'!AD1276 -> 8.9131667 | V121: ='Resumen-DiarioHorario-Solar'!AD1353 -> 94.955667 | W121: ='Resumen-DiarioHorario-Solar'!AD1430 -> 0 | X121: ='Resumen-DiarioHorario-Solar'!AD1507 -> 18.468833 | Y121: ='Resumen-DiarioHorario-Solar'!AD1584 -> 37.817 | Z121: ='Resumen-DiarioHorario-Solar'!AD1661 -> 21.985333 | AA121: ='Resumen-DiarioHorario-Solar'!AD1738 -> 0 | AB121: ='Resumen-DiarioHorario-Solar'!AD1815 -> 0 | AC121: ='Resumen-DiarioHorario-Solar'!AD1892 -> 3.3686667 | AD121: ='Resumen-DiarioHorario-Solar'!AD1969 -> 2.3896667 | AE121: ='Resumen-DiarioHorario-Solar'!AD2046 -> 98.462167 | AF121: ='Resumen-DiarioHorario-Solar'!AD2123 -> 107.524 | AG121: ='Resumen-DiarioHorario-Solar'!AD2200 -> 0 | AH121: ='Resumen-DiarioHorario-Solar'!AD2277 -> 58.428167 | AI121: =+'Resumen-DiarioHorario-Solar'!AD2354 -> 176.305 | AK121: =SUM(E121:AI121) -> 1660.1177
B122: PFV-LUZDELNORTE | E122: ='Resumen-DiarioHorario-Solar'!AD45 -> 195.98167 | F122: ='Resumen-DiarioHorario-Solar'!AD122 -> 66.028833 | G122: ='Resumen-DiarioHorario-Solar'!AD199 -> 83.4255 | H122: ='Resumen-DiarioHorario-Solar'!AD276 -> 59.010333 | I122: ='Resumen-DiarioHorario-Solar'!AD353 -> 0 | J122: ='Resumen-DiarioHorario-Solar'!AD430 -> 50.3015 | K122: ='Resumen-DiarioHorario-Solar'!AD507 -> 87.176 | L122: ='Resumen-DiarioHorario-Solar'!AD584 -> 663.71183 | M122: ='Resumen-DiarioHorario-Solar'!AD661 -> 563.6095 | N122: ='Resumen-DiarioHorario-Solar'!AD738 -> 654.32267 | O122: ='Resumen-DiarioHorario-Solar'!AD815 -> 317.07433 | P122: ='Resumen-DiarioHorario-Solar'!AD892 -> 94.382833 | Q122: ='Resumen-DiarioHorario-Solar'!AD969 -> 82.144833 | R122: ='Resumen-DiarioHorario-Solar'!AD1046 -> 7.5328333 | S122: ='Resumen-DiarioHorario-Solar'!AD1123 -> 0 | T122: ='Resumen-DiarioHorario-Solar'!AD1200 -> 0 | U122: ='Resumen-DiarioHorario-Solar'!AD1277 -> 16.792667 | V122: ='Resumen-DiarioHorario-Solar'!AD1354 -> 472.46217 | W122: ='Resumen-DiarioHorario-Solar'!AD1431 -> 0 | X122: ='Resumen-DiarioHorario-Solar'!AD1508 -> 21.054333 | Y122: ='Resumen-DiarioHorario-Solar'!AD1585 -> 38.641167 | Z122: ='Resumen-DiarioHorario-Solar'!AD1662 -> 22.929 | AA122: ='Resumen-DiarioHorario-Solar'!AD1739 -> 0 | AB122: ='Resumen-DiarioHorario-Solar'!AD1816 -> 0 | AC122: ='Resumen-DiarioHorario-Solar'!AD1893 -> 14.119333 | AD122: ='Resumen-DiarioHorario-Solar'!AD1970 -> 4.5166667 | AE122: ='Resumen-DiarioHorario-Solar'!AD2047 -> 465.81517 | AF122: ='Resumen-DiarioHorario-Solar'!AD2124 -> 115.92533 | AG122: ='Resumen-DiarioHorario-Solar'!AD2201 -> 0 | AH122: ='Resumen-DiarioHorario-Solar'!AD2278 -> 114.07933 | AI122: =+'Resumen-DiarioHorario-Solar'!AD2355 -> 98.4845 | AK122: =SUM(E122:AI122) -> 4309.5223
B123: PFV-LLANODELLAMPOS | E123: ='Resumen-DiarioHorario-Solar'!AD46 -> 35.591167 | F123: ='Resumen-DiarioHorario-Solar'!AD123 -> 0.013833333 | G123: ='Resumen-DiarioHorario-Solar'!AD200 -> 2.266 | H123: ='Resumen-DiarioHorario-Solar'!AD277 -> 87.536667 | I123: ='Resumen-DiarioHorario-Solar'!AD354 -> 0 | J123: ='Resumen-DiarioHorario-Solar'!AD431 -> 0 | K123: ='Resumen-DiarioHorario-Solar'!AD508 -> 8.6708333 | L123: ='Resumen-DiarioHorario-Solar'!AD585 -> 24.816 | M123: ='Resumen-DiarioHorario-Solar'!AD662 -> 185.23217 | N123: ='Resumen-DiarioHorario-Solar'!AD739 -> 65.079 | O123: ='Resumen-DiarioHorario-Solar'!AD816 -> 57.507333 | P123: ='Resumen-DiarioHorario-Solar'!AD893 -> 0.065166667 | Q123: ='Resumen-DiarioHorario-Solar'!AD970 -> 0.414 | R123: ='Resumen-DiarioHorario-Solar'!AD1047 -> 0.71716667 | S123: ='Resumen-DiarioHorario-Solar'!AD1124 -> 0 | T123: ='Resumen-DiarioHorario-Solar'!AD1201 -> 0 | U123: ='Resumen-DiarioHorario-Solar'!AD1278 -> 1.1356667 | V123: ='Resumen-DiarioHorario-Solar'!AD1355 -> 72.435 | W123: ='Resumen-DiarioHorario-Solar'!AD1432 -> 0 | X123: ='Resumen-DiarioHorario-Solar'!AD1509 -> 0.7055 | Y123: ='Resumen-DiarioHorario-Solar'!AD1586 -> 4.051 | Z123: ='Resumen-DiarioHorario-Solar'!AD1663 -> 0.10633333 | AA123: ='Resumen-DiarioHorario-Solar'!AD1740 -> 0 | AB123: ='Resumen-DiarioHorario-Solar'!AD1817 -> 0 | AC123: ='Resumen-DiarioHorario-Solar'!AD1894 -> 1.4445 | AD123: ='Resumen-DiarioHorario-Solar'!AD1971 -> 0 | AE123: ='Resumen-DiarioHorario-Solar'!AD2048 -> 6.2488333 | AF123: ='Resumen-DiarioHorario-Solar'!AD2125 -> 3.8091667 | AG123: ='Resumen-DiarioHorario-Solar'!AD2202 -> 0 | AH123: ='Resumen-DiarioHorario-Solar'!AD2279 -> 5.7988333 | AI123: =+'Resumen-DiarioHorario-Solar'!AD2356 -> 10.674667 | AK123: =SUM(E123:AI123) -> 574.31883
B124: PFV-SANANDRES | E124: ='Resumen-DiarioHorario-Solar'!AD47 -> 0 | F124: ='Resumen-DiarioHorario-Solar'!AD124 -> 0 | G124: ='Resumen-DiarioHorario-Solar'!AD201 -> 0 | H124: ='Resumen-DiarioHorario-Solar'!AD278 -> 0 | I124: ='Resumen-DiarioHorario-Solar'!AD355 -> 0 | J124: ='Resumen-DiarioHorario-Solar'!AD432 -> 0 | K124: ='Resumen-DiarioHorario-Solar'!AD509 -> 0 | L124: ='Resumen-DiarioHorario-Solar'!AD586 -> 0 | M124: ='Resumen-DiarioHorario-Solar'!AD663 -> 0 | N124: ='Resumen-DiarioHorario-Solar'!AD740 -> 0 | O124: ='Resumen-DiarioHorario-Solar'!AD817 -> 0 | P124: ='Resumen-DiarioHorario-Solar'!AD894 -> 0 | Q124: ='Resumen-DiarioHorario-Solar'!AD971 -> 0 | R124: ='Resumen-DiarioHorario-Solar'!AD1048 -> 0 | S124: ='Resumen-DiarioHorario-Solar'!AD1125 -> 0 | T124: ='Resumen-DiarioHorario-Solar'!AD1202 -> 0 | U124: ='Resumen-DiarioHorario-Solar'!AD1279 -> 0 | V124: ='Resumen-DiarioHorario-Solar'!AD1356 -> 0 | W124: ='Resumen-DiarioHorario-Solar'!AD1433 -> 0 | X124: ='Resumen-DiarioHorario-Solar'!AD1510 -> 0 | Y124: ='Resumen-DiarioHorario-Solar'!AD1587 -> 0 | Z124: ='Resumen-DiarioHorario-Solar'!AD1664 -> 0 | AA124: ='Resumen-DiarioHorario-Solar'!AD1741 -> 0 | AB124: ='Resumen-DiarioHorario-Solar'!AD1818 -> 0 | AC124: ='Resumen-DiarioHorario-Solar'!AD1895 -> 0 | AD124: ='Resumen-DiarioHorario-Solar'!AD1972 -> 0 | AE124: ='Resumen-DiarioHorario-Solar'!AD2049 -> 0 | AF124: ='Resumen-DiarioHorario-Solar'!AD2126 -> 0 | AG124: ='Resumen-DiarioHorario-Solar'!AD2203 -> 0 | AH124: ='Resumen-DiarioHorario-Solar'!AD2280 -> 0 | AI124: =+'Resumen-DiarioHorario-Solar'!AD2357 -> 0 | AK124: =SUM(E124:AI124) -> 0
B125: PFV-RIOESCONDIDO | E125: ='Resumen-DiarioHorario-Solar'!AD48 -> 103.6375 | F125: ='Resumen-DiarioHorario-Solar'!AD125 -> 4.2963333 | G125: ='Resumen-DiarioHorario-Solar'!AD202 -> 7.8141667 | H125: ='Resumen-DiarioHorario-Solar'!AD279 -> 5.3506667 | I125: ='Resumen-DiarioHorario-Solar'!AD356 -> 0 | J125: ='Resumen-DiarioHorario-Solar'!AD433 -> 11.650833 | K125: ='Resumen-DiarioHorario-Solar'!AD510 -> 54.893833 | L125: ='Resumen-DiarioHorario-Solar'!AD587 -> 318.729 | M125: ='Resumen-DiarioHorario-Solar'!AD664 -> 407.55567 | N125: ='Resumen-DiarioHorario-Solar'!AD741 -> 207.52783 | O125: ='Resumen-DiarioHorario-Solar'!AD818 -> 176.25767 | P125: ='Resumen-DiarioHorario-Solar'!AD895 -> 26.5205 | Q125: ='Resumen-DiarioHorario-Solar'!AD972 -> 11.951833 | R125: ='Resumen-DiarioHorario-Solar'!AD1049 -> 3.7026667 | S125: ='Resumen-DiarioHorario-Solar'!AD1126 -> 0 | T125: ='Resumen-DiarioHorario-Solar'!AD1203 -> 0 | U125: ='Resumen-DiarioHorario-Solar'!AD1280 -> 51.2175 | V125: ='Resumen-DiarioHorario-Solar'!AD1357 -> 221.87083 | W125: ='Resumen-DiarioHorario-Solar'!AD1434 -> 0 | X125: ='Resumen-DiarioHorario-Solar'!AD1511 -> 6.3151667 | Y125: ='Resumen-DiarioHorario-Solar'!AD1588 -> 36.455833 | Z125: ='Resumen-DiarioHorario-Solar'!AD1665 -> 0.080166667 | AA125: ='Resumen-DiarioHorario-Solar'!AD1742 -> 0 | AB125: ='Resumen-DiarioHorario-Solar'!AD1819 -> 0 | AC125: ='Resumen-DiarioHorario-Solar'!AD1896 -> 21.821167 | AD125: ='Resumen-DiarioHorario-Solar'!AD1973 -> 0 | AE125: ='Resumen-DiarioHorario-Solar'!AD2050 -> 27.215 | AF125: ='Resumen-DiarioHorario-Solar'!AD2127 -> 29.485833 | AG125: ='Resumen-DiarioHorario-Solar'!AD2204 -> 0 | AH125: ='Resumen-DiarioHorario-Solar'!AD2281 -> 55.878333 | AI125: =+'Resumen-DiarioHorario-Solar'!AD2358 -> 47.257333 | AK125: =SUM(E125:AI125) -> 1837.4857
B126: PFV-LOSLOROS | E126: ='Resumen-DiarioHorario-Solar'!AD49 -> 35.877667 | F126: ='Resumen-DiarioHorario-Solar'!AD126 -> 3.7345 | G126: ='Resumen-DiarioHorario-Solar'!AD203 -> 9.106 | H126: ='Resumen-DiarioHorario-Solar'!AD280 -> 5.9608333 | I126: ='Resumen-DiarioHorario-Solar'!AD357 -> 0 | J126: ='Resumen-DiarioHorario-Solar'!AD434 -> 14.751667 | K126: ='Resumen-DiarioHorario-Solar'!AD511 -> 14.656833 | L126: ='Resumen-DiarioHorario-Solar'!AD588 -> 86.238667 | M126: ='Resumen-DiarioHorario-Solar'!AD665 -> 195.31537 | N126: ='Resumen-DiarioHorario-Solar'!AD742 -> 175.88033 | O126: ='Resumen-DiarioHorario-Solar'!AD819 -> 103.14767 | P126: ='Resumen-DiarioHorario-Solar'!AD896 -> 21.6055 | Q126: ='Resumen-DiarioHorario-Solar'!AD973 -> 35.6085 | R126: ='Resumen-DiarioHorario-Solar'!AD1050 -> 0.40216667 | S126: ='Resumen-DiarioHorario-Solar'!AD1127 -> 0 | T126: ='Resumen-DiarioHorario-Solar'!AD1204 -> 0 | U126: ='Resumen-DiarioHorario-Solar'!AD1281 -> 11.9575 | V126: ='Resumen-DiarioHorario-Solar'!AD1358 -> 297.983 | W126: ='Resumen-DiarioHorario-Solar'!AD1435 -> 0 | X126: ='Resumen-DiarioHorario-Solar'!AD1512 -> 0 | Y126: ='Resumen-DiarioHorario-Solar'!AD1589 -> 8.8115 | Z126: ='Resumen-DiarioHorario-Solar'!AD1666 -> 2.6698333 | AA126: ='Resumen-DiarioHorario-Solar'!AD1743 -> 0 | AB126: ='Resumen-DiarioHorario-Solar'!AD1820 -> 0 | AC126: ='Resumen-DiarioHorario-Solar'!AD1897 -> 4.5863333 | AD126: ='Resumen-DiarioHorario-Solar'!AD1974 -> 0.0385 | AE126: ='Resumen-DiarioHorario-Solar'!AD2051 -> 41.673667 | AF126: ='Resumen-DiarioHorario-Solar'!AD2128 -> 15.979833 | AG126: ='Resumen-DiarioHorario-Solar'!AD2205 -> 0 | AH126: ='Resumen-DiarioHorario-Solar'!AD2282 -> 23.927333 | AI126: =+'Resumen-DiarioHorario-Solar'!AD2359 -> 13.049167 | AK126: =SUM(E126:AI126) -> 1122.9624
B127: PFV-ELROMERO | E127: ='Resumen-DiarioHorario-Solar'!AD50 -> 297.18533 | F127: ='Resumen-DiarioHorario-Solar'!AD127 -> 52.568167 | G127: ='Resumen-DiarioHorario-Solar'!AD204 -> 247.213 | H127: ='Resumen-DiarioHorario-Solar'!AD281 -> 179.39467 | I127: ='Resumen-DiarioHorario-Solar'!AD358 -> 0 | J127: ='Resumen-DiarioHorario-Solar'!AD435 -> 74.4475 | K127: ='Resumen-DiarioHorario-Solar'!AD512 -> 77.212833 | L127: ='Resumen-DiarioHorario-Solar'!AD589 -> 277.49433 | M127: ='Resumen-DiarioHorario-Solar'!AD666 -> 367.21917 | N127: ='Resumen-DiarioHorario-Solar'!AD743 -> 321.69133 | O127: ='Resumen-DiarioHorario-Solar'!AD820 -> 271.36033 | P127: ='Resumen-DiarioHorario-Solar'!AD897 -> 44.293167 | Q127: ='Resumen-DiarioHorario-Solar'!AD974 -> 161.294 | R127: ='Resumen-DiarioHorario-Solar'!AD1051 -> 9.6088333 | S127: ='Resumen-DiarioHorario-Solar'!AD1128 -> 0 | T127: ='Resumen-DiarioHorario-Solar'!AD1205 -> 0 | U127: ='Resumen-DiarioHorario-Solar'!AD1282 -> 23.153 | V127: ='Resumen-DiarioHorario-Solar'!AD1359 -> 673.4915 | W127: ='Resumen-DiarioHorario-Solar'!AD1436 -> 0 | X127: ='Resumen-DiarioHorario-Solar'!AD1513 -> 12.627167 | Y127: ='Resumen-DiarioHorario-Solar'!AD1590 -> 45.033 | Z127: ='Resumen-DiarioHorario-Solar'!AD1667 -> 83.478833 | AA127: ='Resumen-DiarioHorario-Solar'!AD1744 -> 0 | AB127: ='Resumen-DiarioHorario-Solar'!AD1821 -> 0 | AC127: ='Resumen-DiarioHorario-Solar'!AD1898 -> 6.73 | AD127: ='Resumen-DiarioHorario-Solar'!AD1975 -> 6.1525 | AE127: ='Resumen-DiarioHorario-Solar'!AD2052 -> 131.80633 | AF127: ='Resumen-DiarioHorario-Solar'!AD2129 -> 107.49933 | AG127: ='Resumen-DiarioHorario-Solar'!AD2206 -> 0 | AH127: ='Resumen-DiarioHorario-Solar'!AD2283 -> 156.878 | AI127: =+'Resumen-DiarioHorario-Solar'!AD2360 -> 91.577167 | AK127: =SUM(E127:AI127) -> 3719.4095
B128: PFV-ELPELICANO | E128: ='Resumen-DiarioHorario-Solar'!AD51 -> 88.023 | F128: ='Resumen-DiarioHorario-Solar'!AD128 -> 24.864 | G128: ='Resumen-DiarioHorario-Solar'!AD205 -> 23.744 | H128: ='Resumen-DiarioHorario-Solar'!AD282 -> 24.333167 | I128: ='Resumen-DiarioHorario-Solar'!AD359 -> 0 | J128: ='Resumen-DiarioHorario-Solar'!AD436 -> 13.933833 | K128: ='Resumen-DiarioHorario-Solar'!AD513 -> 38.178833 | L128: ='Resumen-DiarioHorario-Solar'!AD590 -> 175.60767 | M128: ='Resumen-DiarioHorario-Solar'!AD667 -> 333.5635 | N128: ='Resumen-DiarioHorario-Solar'!AD744 -> 198.70867 | O128: ='Resumen-DiarioHorario-Solar'!AD821 -> 127.75717 | P128: ='Resumen-DiarioHorario-Solar'!AD898 -> 22.066333 | Q128: ='Resumen-DiarioHorario-Solar'!AD975 -> 7.7813333 | R128: ='Resumen-DiarioHorario-Solar'!AD1052 -> 2.4081667 | S128: ='Resumen-DiarioHorario-Solar'!AD1129 -> 0 | T128: ='Resumen-DiarioHorario-Solar'!AD1206 -> 0 | U128: ='Resumen-DiarioHorario-Solar'!AD1283 -> 17.405 | V128: ='Resumen-DiarioHorario-Solar'!AD1360 -> 225.61167 | W128: ='Resumen-DiarioHorario-Solar'!AD1437 -> 0 | X128: ='Resumen-DiarioHorario-Solar'!AD1514 -> 4.6411667 | Y128: ='Resumen-DiarioHorario-Solar'!AD1591 -> 25.068 | Z128: ='Resumen-DiarioHorario-Solar'!AD1668 -> 7.313 | AA128: ='Resumen-DiarioHorario-Solar'!AD1745 -> 0 | AB128: ='Resumen-DiarioHorario-Solar'!AD1822 -> 0 | AC128: ='Resumen-DiarioHorario-Solar'!AD1899 -> 6.9408333 | AD128: ='Resumen-DiarioHorario-Solar'!AD1976 -> 1.233 | AE128: ='Resumen-DiarioHorario-Solar'!AD2053 -> 38.280167 | AF128: ='Resumen-DiarioHorario-Solar'!AD2130 -> 49.693667 | AG128: ='Resumen-DiarioHorario-Solar'!AD2207 -> 0 | AH128: ='Resumen-DiarioHorario-Solar'!AD2284 -> 38.938333 | AI128: =+'Resumen-DiarioHorario-Solar'!AD2361 -> 54.7585 | AK128: =SUM(E128:AI128) -> 1550.853
B129: PFV-LAHUELLA | E129: ='Resumen-DiarioHorario-Solar'!AD52 -> 102.1725 | F129: ='Resumen-DiarioHorario-Solar'!AD129 -> 5.5033333 | G129: ='Resumen-DiarioHorario-Solar'!AD206 -> 1.0576667 | H129: ='Resumen-DiarioHorario-Solar'!AD283 -> 0.281 | I129: ='Resumen-DiarioHorario-Solar'!AD360 -> 0 | J129: ='Resumen-DiarioHorario-Solar'!AD437 -> 10.82 | K129: ='Resumen-DiarioHorario-Solar'!AD514 -> 15.977333 | L129: ='Resumen-DiarioHorario-Solar'!AD591 -> 203.20617 | M129: ='Resumen-DiarioHorario-Solar'!AD668 -> 162.681 | N129: ='Resumen-DiarioHorario-Solar'!AD745 -> 67.616167 | O129: ='Resumen-DiarioHorario-Solar'!AD822 -> 19.8875 | P129: ='Resumen-DiarioHorario-Solar'!AD899 -> 4.8381667 | Q129: ='Resumen-DiarioHorario-Solar'!AD976 -> 0.7045 | R129: ='Resumen-DiarioHorario-Solar'!AD1053 -> 0.14733333 | S129: ='Resumen-DiarioHorario-Solar'!AD1130 -> 0 | T129: ='Resumen-DiarioHorario-Solar'!AD1207 -> 0 | U129: ='Resumen-DiarioHorario-Solar'!AD1284 -> 14.327167 | V129: ='Resumen-DiarioHorario-Solar'!AD1361 -> 72.263833 | W129: ='Resumen-DiarioHorario-Solar'!AD1438 -> 0 | X129: ='Resumen-DiarioHorario-Solar'!AD1515 -> 0.28416667 | Y129: ='Resumen-DiarioHorario-Solar'!AD1592 -> 18.118167 | Z129: ='Resumen-DiarioHorario-Solar'!AD1669 -> 17.972833 | AA129: ='Resumen-DiarioHorario-Solar'!AD1746 -> 0 | AB129: ='Resumen-DiarioHorario-Solar'!AD1823 -> 0 | AC129: ='Resumen-DiarioHorario-Solar'!AD1900 -> 0.691 | AD129: ='Resumen-DiarioHorario-Solar'!AD1977 -> 0 | AE129: ='Resumen-DiarioHorario-Solar'!AD2054 -> 8.867 | AF129: ='Resumen-DiarioHorario-Solar'!AD2131 -> 12.512833 | AG129: ='Resumen-DiarioHorario-Solar'!AD2208 -> 0 | AH129: ='Resumen-DiarioHorario-Solar'!AD2285 -> 9.9565 | AI129: =+'Resumen-DiarioHorario-Solar'!AD2362 -> 13.590333 | AK129: =SUM(E129:AI129) -> 763.4765
B130: PFV-DONACARMEN | E130: ='Resumen-DiarioHorario-Solar'!AD53 -> 0 | F130: ='Resumen-DiarioHorario-Solar'!AD130 -> 23.329 | G130: ='Resumen-DiarioHorario-Solar'!AD207 -> 0 | H130: ='Resumen-DiarioHorario-Solar'!AD284 -> 24.730667 | I130: ='Resumen-DiarioHorario-Solar'!AD361 -> 0 | J130: ='Resumen-DiarioHorario-Solar'!AD438 -> 0 | K130: ='Resumen-DiarioHorario-Solar'!AD515 -> 0 | L130: ='Resumen-DiarioHorario-Solar'!AD592 -> 0 | M130: ='Resumen-DiarioHorario-Solar'!AD669 -> 0 | N130: ='Resumen-DiarioHorario-Solar'!AD746 -> 0 | O130: ='Resumen-DiarioHorario-Solar'!AD823 -> 0 | P130: ='Resumen-DiarioHorario-Solar'!AD900 -> 0 | Q130: ='Resumen-DiarioHorario-Solar'!AD977 -> 0 | R130: ='Resumen-DiarioHorario-Solar'!AD1054 -> 4.7733333 | S130: ='Resumen-DiarioHorario-Solar'!AD1131 -> 0 | T130: ='Resumen-DiarioHorario-Solar'!AD1208 -> 0 | U130: ='Resumen-DiarioHorario-Solar'!AD1285 -> 0 | V130: ='Resumen-DiarioHorario-Solar'!AD1362 -> 0 | W130: ='Resumen-DiarioHorario-Solar'!AD1439 -> 0 | X130: ='Resumen-DiarioHorario-Solar'!AD1516 -> 0 | Y130: ='Resumen-DiarioHorario-Solar'!AD1593 -> 8.2521667 | Z130: ='Resumen-DiarioHorario-Solar'!AD1670 -> 0 | AA130: ='Resumen-DiarioHorario-Solar'!AD1747 -> 0 | AB130: ='Resumen-DiarioHorario-Solar'!AD1824 -> 0 | AC130: ='Resumen-DiarioHorario-Solar'!AD1901 -> 5.6865 | AD130: ='Resumen-DiarioHorario-Solar'!AD1978 -> 0 | AE130: ='Resumen-DiarioHorario-Solar'!AD2055 -> 0 | AF130: ='Resumen-DiarioHorario-Solar'!AD2132 -> 0 | AG130: ='Resumen-DiarioHorario-Solar'!AD2209 -> 0 | AH130: ='Resumen-DiarioHorario-Solar'!AD2286 -> 0 | AI130: =+'Resumen-DiarioHorario-Solar'!AD2363 -> 0 | AK130: =SUM(E130:AI130) -> 66.771667
... B138: PFV-VALLEDELSOL | E138: ='Resumen-DiarioHorario-Solar'!AD61 -> 545.5615 | F138: ='Resumen-DiarioHorario-Solar'!AD138 -> 211.18283 | G138: ='Resumen-DiarioHorario-Solar'!AD215 -> 5.6671667 | H138: ='Resumen-DiarioHorario-Solar'!AD292 -> 1.078 | I138: ='Resumen-DiarioHorario-Solar'!AD369 -> 0 | J138: ='Resumen-DiarioHorario-Solar'!AD446 -> 82.317333 | K138: ='Resumen-DiarioHorario-Solar'!AD523 -> 0.264 | L138: ='Resumen-DiarioHorario-Solar'!AD600 -> 487.63683 | M138: ='Resumen-DiarioHorario-Solar'!AD677 -> 447.86167 | N138: ='Resumen-DiarioHorario-Solar'!AD754 -> 282.74583 | O138: ='Resumen-DiarioHorario-Solar'!AD831 -> 253.19183 | P138: ='Resumen-DiarioHorario-Solar'!AD908 -> 21.6005 | Q138: ='Resumen-DiarioHorario-Solar'!AD985 -> 29.808833 | R138: ='Resumen-DiarioHorario-Solar'!AD1062 -> 20.8835 | S138: ='Resumen-DiarioHorario-Solar'!AD1139 -> 0 | T138: ='Resumen-DiarioHorario-Solar'!AD1216 -> 0 | U138: ='Resumen-DiarioHorario-Solar'!AD1293 -> 0 | V138: ='Resumen-DiarioHorario-Solar'!AD1370 -> 297.21733 | W138: ='Resumen-DiarioHorario-Solar'!AD1447 -> 0 | X138: ='Resumen-DiarioHorario-Solar'!AD1524 -> 0 | Y138: ='Resumen-DiarioHorario-Solar'!AD1601 -> 12.3315 | Z138: ='Resumen-DiarioHorario-Solar'!AD1678 -> 0 | AA138: ='Resumen-DiarioHorario-Solar'!AD1755 -> 0 | AB138: ='Resumen-DiarioHorario-Solar'!AD1832 -> 0 | AC138: ='Resumen-DiarioHorario-Solar'!AD1909 -> 106.284 | AD138: ='Resumen-DiarioHorario-Solar'!AD1986 -> 37.135 | AE138: ='Resumen-DiarioHorario-Solar'!AD2063 -> 24.183333 | AF138: ='Resumen-DiarioHorario-Solar'!AD2140 -> 8.084 | AG138: ='Resumen-DiarioHorario-Solar'!AD2217 -> 0 | AH138: ='Resumen-DiarioHorario-Solar'!AD2294 -> 48.350833 | AI138: =+'Resumen-DiarioHorario-Solar'!AD2371 -> 15.529833 | AK138: =SUM(E138:AI138) -> 2938.9157
B139: PFV-COYA | D139: † | E139: ='Resumen-DiarioHorario-Solar'!AD62 -> 0 | F139: ='Resumen-DiarioHorario-Solar'!AD139 -> 0 | G139: ='Resumen-DiarioHorario-Solar'!AD216 -> 0 | H139: ='Resumen-DiarioHorario-Solar'!AD293 -> 0 | I139: ='Resumen-DiarioHorario-Solar'!AD370 -> 0 | J139: ='Resumen-DiarioHorario-Solar'!AD447 -> 0 | K139: ='Resumen-DiarioHorario-Solar'!AD524 -> 0 | L139: ='Resumen-DiarioHorario-Solar'!AD601 -> 0 | M139: ='Resumen-DiarioHorario-Solar'!AD678 -> 0 | N139: ='Resumen-DiarioHorario-Solar'!AD755 -> 0 | O139: ='Resumen-DiarioHorario-Solar'!AD832 -> 0 | P139: ='Resumen-DiarioHorario-Solar'!AD909 -> 0 | Q139: ='Resumen-DiarioHorario-Solar'!AD986 -> 0 | R139: ='Resumen-DiarioHorario-Solar'!AD1063 -> 0 | S139: ='Resumen-DiarioHorario-Solar'!AD1140 -> 0 | T139: ='Resumen-DiarioHorario-Solar'!AD1217 -> 0 | U139: ='Resumen-DiarioHorario-Solar'!AD1294 -> 0 | V139: ='Resumen-DiarioHorario-Solar'!AD1371 -> 0 | W139: ='Resumen-DiarioHorario-Solar'!AD1448 -> 0 | X139: ='Resumen-DiarioHorario-Solar'!AD1525 -> 0 | Y139: ='Resumen-DiarioHorario-Solar'!AD1602 -> 0 | Z139: ='Resumen-DiarioHorario-Solar'!AD1679 -> 0 | AA139: ='Resumen-DiarioHorario-Solar'!AD1756 -> 0 | AB139: ='Resumen-DiarioHorario-Solar'!AD1833 -> 0 | AC139: ='Resumen-DiarioHorario-Solar'!AD1910 -> 0 | AD139: ='Resumen-DiarioHorario-Solar'!AD1987 -> 0 | AE139: ='Resumen-DiarioHorario-Solar'!AD2064 -> 0 | AF139: ='Resumen-DiarioHorario-Solar'!AD2141 -> 0 | AG139: ='Resumen-DiarioHorario-Solar'!AD2218 -> 0 | AH139: ='Resumen-DiarioHorario-Solar'!AD2295 -> 0 | AI139: =+'Resumen-DiarioHorario-Solar'!AD2372 -> 0 | AK139: =SUM(E139:AI139) -> 0
B140: PFV-GUANCHOI | E140: ='Resumen-DiarioHorario-Solar'!AD63 -> 238.4855 | F140: ='Resumen-DiarioHorario-Solar'!AD140 -> 126.7935 | G140: ='Resumen-DiarioHorario-Solar'!AD217 -> 39.176833 | H140: ='Resumen-DiarioHorario-Solar'!AD294 -> 26.826 | I140: ='Resumen-DiarioHorario-Solar'!AD371 -> 0 | J140: ='Resumen-DiarioHorario-Solar'!AD448 -> 28.337833 | K140: ='Resumen-DiarioHorario-Solar'!AD525 -> 36.0785 | L140: ='Resumen-DiarioHorario-Solar'!AD602 -> 88.214167 | M140: ='Resumen-DiarioHorario-Solar'!AD679 -> 184.66517 | N140: ='Resumen-DiarioHorario-Solar'!AD756 -> 162.28683 | O140: ='Resumen-DiarioHorario-Solar'!AD833 -> 121.37517 | P140: ='Resumen-DiarioHorario-Solar'!AD910 -> 43.024167 | Q140: ='Resumen-DiarioHorario-Solar'!AD987 -> 48.748167 | R140: ='Resumen-DiarioHorario-Solar'!AD1064 -> 4.6088333 | S140: ='Resumen-DiarioHorario-Solar'!AD1141 -> 0 | T140: ='Resumen-DiarioHorario-Solar'!AD1218 -> 0 | U140: ='Resumen-DiarioHorario-Solar'!AD1295 -> 9.89 | V140: ='Resumen-DiarioHorario-Solar'!AD1372 -> 147.055 | W140: ='Resumen-DiarioHorario-Solar'!AD1449 -> 0 | X140: ='Resumen-DiarioHorario-Solar'!AD1526 -> 10.4235 | Y140: ='Resumen-DiarioHorario-Solar'!AD1603 -> 19.813167 | Z140: ='Resumen-DiarioHorario-Solar'!AD1680 -> 0.8835 | AA140: ='Resumen-DiarioHorario-Solar'!AD1757 -> 0 | AB140: ='Resumen-DiarioHorario-Solar'!AD1834 -> 0 | AC140: ='Resumen-DiarioHorario-Solar'!AD1911 -> 0 | AD140: ='Resumen-DiarioHorario-Solar'!AD1988 -> 0 | AE140: ='Resumen-DiarioHorario-Solar'!AD2065 -> 6.7745 | AF140: ='Resumen-DiarioHorario-Solar'!AD2142 -> 5.2106667 | AG140: ='Resumen-DiarioHorario-Solar'!AD2219 -> 0 | AH140: ='Resumen-DiarioHorario-Solar'!AD2296 -> 22.240833 | AI140: =+'Resumen-DiarioHorario-Solar'!AD2373 -> 0.012 | AK140: =SUM(E140:AI140) -> 1370.9238
B141: PFV-ANDES2B | D141: † | E141: ='Resumen-DiarioHorario-Solar'!AD64 -> 0 | F141: ='Resumen-DiarioHorario-Solar'!AD141 -> 0 | G141: ='Resumen-DiarioHorario-Solar'!AD218 -> 0 | H141: ='Resumen-DiarioHorario-Solar'!AD295 -> 0 | I141: ='Resumen-DiarioHorario-Solar'!AD372 -> 0 | J141: ='Resumen-DiarioHorario-Solar'!AD449 -> 0 | K141: ='Resumen-DiarioHorario-Solar'!AD526 -> 0 | L141: ='Resumen-DiarioHorario-Solar'!AD603 -> 0 | M141: ='Resumen-DiarioHorario-Solar'!AD680 -> 0 | N141: ='Resumen-DiarioHorario-Solar'!AD757 -> 0 | O141: ='Resumen-DiarioHorario-Solar'!AD834 -> 0 | P141: ='Resumen-DiarioHorario-Solar'!AD911 -> 0 | Q141: ='Resumen-DiarioHorario-Solar'!AD988 -> 0 | R141: ='Resumen-DiarioHorario-Solar'!AD1065 -> 0 | S141: ='Resumen-DiarioHorario-Solar'!AD1142 -> 0 | T141: ='Resumen-DiarioHorario-Solar'!AD1219 -> 0 | U141: ='Resumen-DiarioHorario-Solar'!AD1296 -> 0 | V141: ='Resumen-DiarioHorario-Solar'!AD1373 -> 0 | W141: ='Resumen-DiarioHorario-Solar'!AD1450 -> 0 | X141: ='Resumen-DiarioHorario-Solar'!AD1527 -> 0 | Y141: ='Resumen-DiarioHorario-Solar'!AD1604 -> 0 | Z141: ='Resumen-DiarioHorario-Solar'!AD1681 -> 0 | AA141: ='Resumen-DiarioHorario-Solar'!AD1758 -> 0 | AB141: ='Resumen-DiarioHorario-Solar'!AD1835 -> 0 | AC141: ='Resumen-DiarioHorario-Solar'!AD1912 -> 0 | AD141: ='Resumen-DiarioHorario-Solar'!AD1989 -> 0 | AE141: ='Resumen-DiarioHorario-Solar'!AD2066 -> 0 | AF141: ='Resumen-DiarioHorario-Solar'!AD2143 -> 0 | AG141: ='Resumen-DiarioHorario-Solar'!AD2220 -> 0 | AH141: ='Resumen-DiarioHorario-Solar'!AD2297 -> 0 | AI141: =+'Resumen-DiarioHorario-Solar'!AD2374 -> 0 | AK141: =SUM(E141:AI141) -> 0
B142: PFV-MESETADELOSANDES | E142: ='Resumen-DiarioHorario-Solar'!AD65 -> 140.75583 | F142: ='Resumen-DiarioHorario-Solar'!AD142 -> 0 | G142: ='Resumen-DiarioHorario-Solar'!AD219 -> 6.7543333 | H142: ='Resumen-DiarioHorario-Solar'!AD296 -> 2.9805 | I142: ='Resumen-DiarioHorario-Solar'!AD373 -> 64.106833 | J142: ='Resumen-DiarioHorario-Solar'!AD450 -> 0 | K142: ='Resumen-DiarioHorario-Solar'!AD527 -> 0 | L142: ='Resumen-DiarioHorario-Solar'!AD604 -> 0 | M142: ='Resumen-DiarioHorario-Solar'!AD681 -> 63.382 | N142: ='Resumen-DiarioHorario-Solar'!AD758 -> 0 | O142: ='Resumen-DiarioHorario-Solar'!AD835 -> 8.4435 | P142: ='Resumen-DiarioHorario-Solar'!AD912 -> 0 | Q142: ='Resumen-DiarioHorario-Solar'!AD989 -> 0 | R142: ='Resumen-DiarioHorario-Solar'!AD1066 -> 0.385 | S142: ='Resumen-DiarioHorario-Solar'!AD1143 -> 0 | T142: ='Resumen-DiarioHorario-Solar'!AD1220 -> 0 | U142: ='Resumen-DiarioHorario-Solar'!AD1297 -> 0 | V142: ='Resumen-DiarioHorario-Solar'!AD1374 -> 0 | W142: ='Resumen-DiarioHorario-Solar'!AD1451 -> 0 | X142: ='Resumen-DiarioHorario-Solar'!AD1528 -> 0 | Y142: ='Resumen-DiarioHorario-Solar'!AD1605 -> 5.6545 | Z142: ='Resumen-DiarioHorario-Solar'!AD1682 -> 0 | AA142: ='Resumen-DiarioHorario-Solar'!AD1759 -> 0 | AB142: ='Resumen-DiarioHorario-Solar'!AD1836 -> 0 | AC142: ='Resumen-DiarioHorario-Solar'!AD1913 -> 11.425167 | AD142: ='Resumen-DiarioHorario-Solar'!AD1990 -> 0 | AE142: ='Resumen-DiarioHorario-Solar'!AD2067 -> 0 | AF142: ='Resumen-DiarioHorario-Solar'!AD2144 -> 0 | AG142: ='Resumen-DiarioHorario-Solar'!AD2221 -> 0 | AH142: ='Resumen-DiarioHorario-Solar'!AD2298 -> 0.179 | AI142: =+'Resumen-DiarioHorario-Solar'!AD2375 -> 0.56783333 | AK142: =SUM(E142:AI142) -> 304.6345
B143: PFV-MANZANO | E143: ='Resumen-DiarioHorario-Solar'!AD66 -> 0 | F143: ='Resumen-DiarioHorario-Solar'!AD143 -> 104.09983 | G143: ='Resumen-DiarioHorario-Solar'!AD220 -> 129.6175 | H143: ='Resumen-DiarioHorario-Solar'!AD297 -> 101.10233 | I143: ='Resumen-DiarioHorario-Solar'!AD374 -> 0 | J143: ='Resumen-DiarioHorario-Solar'!AD451 -> 0 | K143: ='Resumen-DiarioHorario-Solar'!AD528 -> 0 | L143: ='Resumen-DiarioHorario-Solar'!AD605 -> 0 | M143: ='Resumen-DiarioHorario-Solar'!AD682 -> 0 | N143: ='Resumen-DiarioHorario-Solar'!AD759 -> 0 | O143: ='Resumen-DiarioHorario-Solar'!AD836 -> 0 | P143: ='Resumen-DiarioHorario-Solar'!AD913 -> 0 | Q143: ='Resumen-DiarioHorario-Solar'!AD990 -> 0 | R143: ='Resumen-DiarioHorario-Solar'!AD1067 -> 0 | S143: ='Resumen-DiarioHorario-Solar'!AD1144 -> 0 | T143: ='Resumen-DiarioHorario-Solar'!AD1221 -> 0 | U143: ='Resumen-DiarioHorario-Solar'!AD1298 -> 0 | V143: ='Resumen-DiarioHorario-Solar'!AD1375 -> 0 | W143: ='Resumen-DiarioHorario-Solar'!AD1452 -> 0 | X143: ='Resumen-DiarioHorario-Solar'!AD1529 -> 0 | Y143: ='Resumen-DiarioHorario-Solar'!AD1606 -> 73.591167 | Z143: ='Resumen-DiarioHorario-Solar'!AD1683 -> 0 | AA143: ='Resumen-DiarioHorario-Solar'!AD1760 -> 0 | AB143: ='Resumen-DiarioHorario-Solar'!AD1837 -> 0 | AC143: ='Resumen-DiarioHorario-Solar'!AD1914 -> 27.144667 | AD143: ='Resumen-DiarioHorario-Solar'!AD1991 -> 0 | AE143: ='Resumen-DiarioHorario-Solar'!AD2068 -> 0 | AF143: ='Resumen-DiarioHorario-Solar'!AD2145 -> 0 | AG143: ='Resumen-DiarioHorario-Solar'!AD2222 -> 0 | AH143: ='Resumen-DiarioHorario-Solar'!AD2299 -> 0 | AI143: =+'Resumen-DiarioHorario-Solar'!AD2376 -> 0 | AK143: =SUM(E143:AI143) -> 435.5555
B144: PFV-ELENA | E144: ='Resumen-DiarioHorario-Solar'!AD67 -> 107.88983 | F144: ='Resumen-DiarioHorario-Solar'!AD144 -> 35.695 | G144: ='Resumen-DiarioHorario-Solar'!AD221 -> 2.7438333 | H144: ='Resumen-DiarioHorario-Solar'!AD298 -> 2.8808333 | I144: ='Resumen-DiarioHorario-Solar'!AD375 -> 0 | J144: ='Resumen-DiarioHorario-Solar'!AD452 -> 0 | K144: ='Resumen-DiarioHorario-Solar'!AD529 -> 0 | L144: ='Resumen-DiarioHorario-Solar'!AD606 -> 0 | M144: ='Resumen-DiarioHorario-Solar'!AD683 -> 0 | N144: ='Resumen-DiarioHorario-Solar'!AD760 -> 0 | O144: ='Resumen-DiarioHorario-Solar'!AD837 -> 138.68967 | P144: ='Resumen-DiarioHorario-Solar'!AD914 -> 21.593167 | Q144: ='Resumen-DiarioHorario-Solar'!AD991 -> 14.110833 | R144: ='Resumen-DiarioHorario-Solar'!AD1068 -> 10.407 | S144: ='Resumen-DiarioHorario-Solar'!AD1145 -> 0 | T144: ='Resumen-DiarioHorario-Solar'!AD1222 -> 0 | U144: ='Resumen-DiarioHorario-Solar'!AD1299 -> 0 | V144: ='Resumen-DiarioHorario-Solar'!AD1376 -> 152.481 | W144: ='Resumen-DiarioHorario-Solar'!AD1453 -> 0 | X144: ='Resumen-DiarioHorario-Solar'!AD1530 -> 0.83683333 | Y144: ='Resumen-DiarioHorario-Solar'!AD1607 -> 10.652333 | Z144: ='Resumen-DiarioHorario-Solar'!AD1684 -> 0 | AA144: ='Resumen-DiarioHorario-Solar'!AD1761 -> 0 | AB144: ='Resumen-DiarioHorario-Solar'!AD1838 -> 0 | AC144: ='Resumen-DiarioHorario-Solar'!AD1915 -> 0 | AD144: ='Resumen-DiarioHorario-Solar'!AD1992 -> 0.41816667 | AE144: ='Resumen-DiarioHorario-Solar'!AD2069 -> 20.986667 | AF144: ='Resumen-DiarioHorario-Solar'!AD2146 -> 15.129 | AG144: ='Resumen-DiarioHorario-Solar'!AD2223 -> 0 | AH144: ='Resumen-DiarioHorario-Solar'!AD2300 -> 30.452833 | AI144: =+'Resumen-DiarioHorario-Solar'!AD2377 -> 6.665 | AK144: =SUM(E144:AI144) -> 571.632
B145: PFV-WILLKA | E145: ='Resumen-DiarioHorario-Solar'!AD68 -> 0 | F145: ='Resumen-DiarioHorario-Solar'!AD145 -> 19.102667 | G145: ='Resumen-DiarioHorario-Solar'!AD222 -> 0 | H145: ='Resumen-DiarioHorario-Solar'!AD299 -> 0 | I145: ='Resumen-DiarioHorario-Solar'!AD376 -> 0 | J145: ='Resumen-DiarioHorario-Solar'!AD453 -> 0 | K145: ='Resumen-DiarioHorario-Solar'!AD530 -> 4.666 | L145: ='Resumen-DiarioHorario-Solar'!AD607 -> 186.60867 | M145: ='Resumen-DiarioHorario-Solar'!AD684 -> 402.649 | N145: ='Resumen-DiarioHorario-Solar'!AD761 -> 371.2065 | O145: ='Resumen-DiarioHorario-Solar'!AD838 -> 126.22367 | P145: ='Resumen-DiarioHorario-Solar'!AD915 -> 12.162167 | Q145: ='Resumen-DiarioHorario-Solar'!AD992 -> 72.618833 | R145: ='Resumen-DiarioHorario-Solar'!AD1069 -> 5.3901667 | S145: ='Resumen-DiarioHorario-Solar'!AD1146 -> 0 | T145: ='Resumen-DiarioHorario-Solar'!AD1223 -> 0 | U145: ='Resumen-DiarioHorario-Solar'!AD1300 -> 0.54683333 | V145: ='Resumen-DiarioHorario-Solar'!AD1377 -> 151.24483 | W145: ='Resumen-DiarioHorario-Solar'!AD1454 -> 0 | X145: ='Resumen-DiarioHorario-Solar'!AD1531 -> 7.3323333 | Y145: ='Resumen-DiarioHorario-Solar'!AD1608 -> 79.509667 | Z145: ='Resumen-DiarioHorario-Solar'!AD1685 -> 50.979167 | AA145: ='Resumen-DiarioHorario-Solar'!AD1762 -> 0 | AB145: ='Resumen-DiarioHorario-Solar'!AD1839 -> 0 | AC145: ='Resumen-DiarioHorario-Solar'!AD1916 -> 53.498 | AD145: ='Resumen-DiarioHorario-Solar'!AD1993 -> 0.696 | AE145: ='Resumen-DiarioHorario-Solar'!AD2070 -> 276.15267 | AF145: ='Resumen-DiarioHorario-Solar'!AD2147 -> 176.36717 | AG145: ='Resumen-DiarioHorario-Solar'!AD2224 -> 0 | AH145: ='Resumen-DiarioHorario-Solar'!AD2301 -> 146.32283 | AI145: =+'Resumen-DiarioHorario-Solar'!AD2378 -> 148.97533 | AK145: =SUM(E145:AI145) -> 2292.2525
B146: PFV-LASSALINAS | E146: ='Resumen-DiarioHorario-Solar'!AD69 -> 789.63 | F146: ='Resumen-DiarioHorario-Solar'!AD146 -> 189.62 | G146: ='Resumen-DiarioHorario-Solar'!AD223 -> 167.58 | H146: ='Resumen-DiarioHorario-Solar'!AD300 -> 155.18 | I146: ='Resumen-DiarioHorario-Solar'!AD377 -> 0 | J146: ='Resumen-DiarioHorario-Solar'!AD454 -> 154.8 | K146: ='Resumen-DiarioHorario-Solar'!AD531 -> 177.92 | L146: ='Resumen-DiarioHorario-Solar'!AD608 -> 660.09717 | M146: ='Resumen-DiarioHorario-Solar'!AD685 -> 965.49933 | N146: ='Resumen-DiarioHorario-Solar'!AD762 -> 763.28933 | O146: ='Resumen-DiarioHorario-Solar'!AD839 -> 703.21417 | P146: ='Resumen-DiarioHorario-Solar'!AD916 -> 229.29 | Q146: ='Resumen-DiarioHorario-Solar'!AD993 -> 310.11 | R146: ='Resumen-DiarioHorario-Solar'!AD1070 -> 137.09 | S146: ='Resumen-DiarioHorario-Solar'!AD1147 -> 0 | T146: ='Resumen-DiarioHorario-Solar'!AD1224 -> 0 | U146: ='Resumen-DiarioHorario-Solar'!AD1301 -> 102.28 | V146: ='Resumen-DiarioHorario-Solar'!AD1378 -> 778.84583 | W146: ='Resumen-DiarioHorario-Solar'!AD1455 -> 0 | X146: ='Resumen-DiarioHorario-Solar'!AD1532 -> 48.16 | Y146: ='Resumen-DiarioHorario-Solar'!AD1609 -> 173.13 | Z146: ='Resumen-DiarioHorario-Solar'!AD1686 -> 104.14 | AA146: ='Resumen-DiarioHorario-Solar'!AD1763 -> 0 | AB146: ='Resumen-DiarioHorario-Solar'!AD1840 -> 0 | AC146: ='Resumen-DiarioHorario-Solar'!AD1917 -> 38.9 | AD146: ='Resumen-DiarioHorario-Solar'!AD1994 -> 119.74 | AE146: ='Resumen-DiarioHorario-Solar'!AD2071 -> 484.04933 | AF146: ='Resumen-DiarioHorario-Solar'!AD2148 -> 0 | AG146: ='Resumen-DiarioHorario-Solar'!AD2225 -> 0 | AH146: ='Resumen-DiarioHorario-Solar'!AD2302 -> 471.31 | AI146: =+'Resumen-DiarioHorario-Solar'!AD2379 -> 287.09 | AK146: =SUM(E146:AI146) -> 8010.9652
B147: PFV-LALACKAMA-2 | E147: ='Resumen-DiarioHorario-Solar'!AD70 -> 24.8555 | F147: ='Resumen-DiarioHorario-Solar'!AD147 -> 4.6196667 | G147: ='Resumen-DiarioHorario-Solar'!AD224 -> 3.0373333 | H147: ='Resumen-DiarioHorario-Solar'!AD301 -> 1.6293333 | I147: ='Resumen-DiarioHorario-Solar'!AD378 -> 16.7605 | J147: ='Resumen-DiarioHorario-Solar'!AD455 -> 4.7891667 | K147: ='Resumen-DiarioHorario-Solar'!AD532 -> 44.932833 | L147: ='Resumen-DiarioHorario-Solar'!AD609 -> 30.487 | M147: ='Resumen-DiarioHorario-Solar'!AD686 -> 57.004833 | N147: ='Resumen-DiarioHorario-Solar'!AD763 -> 37.058333 | O147: ='Resumen-DiarioHorario-Solar'!AD840 -> 29.099333 | P147: ='Resumen-DiarioHorario-Solar'!AD917 -> 8.0391667 | Q147: ='Resumen-DiarioHorario-Solar'!AD994 -> 10.743333 | R147: ='Resumen-DiarioHorario-Solar'!AD1071 -> 2.5478333 | S147: ='Resumen-DiarioHorario-Solar'!AD1148 -> 0 | T147: ='Resumen-DiarioHorario-Solar'!AD1225 -> 14.966 | U147: ='Resumen-DiarioHorario-Solar'!AD1302 -> 7.1913333 | V147: ='Resumen-DiarioHorario-Solar'!AD1379 -> 31.828167 | W147: ='Resumen-DiarioHorario-Solar'!AD1456 -> 0 | X147: ='Resumen-DiarioHorario-Solar'!AD1533 -> 0.69583333 | Y147: ='Resumen-DiarioHorario-Solar'!AD1610 -> 1.5533333 | Z147: ='Resumen-DiarioHorario-Solar'!AD1687 -> 0.45783333 | AA147: ='Resumen-DiarioHorario-Solar'!AD1764 -> 5.4961667 | AB147: ='Resumen-DiarioHorario-Solar'!AD1841 -> 0 | AC147: ='Resumen-DiarioHorario-Solar'!AD1918 -> 0.77666667 | AD147: ='Resumen-DiarioHorario-Solar'!AD1995 -> 0.31133333 | AE147: ='Resumen-DiarioHorario-Solar'!AD2072 -> 4.479 | AF147: ='Resumen-DiarioHorario-Solar'!AD2149 -> 3.9948333 | AG147: ='Resumen-DiarioHorario-Solar'!AD2226 -> 0 | AH147: ='Resumen-DiarioHorario-Solar'!AD2303 -> 11.972667 | AI147: =+'Resumen-DiarioHorario-Solar'!AD2380 -> 1.4286667 | AK147: =SUM(E147:AI147) -> 360.756
B148: PFV-CEME1 | E148: ='Resumen-DiarioHorario-Solar'!AD71 -> 1247.0775 | F148: ='Resumen-DiarioHorario-Solar'!AD148 -> 369.77333 | G148: ='Resumen-DiarioHorario-Solar'!AD225 -> 992.85083 | H148: ='Resumen-DiarioHorario-Solar'!AD302 -> 189.92733 | I148: ='Resumen-DiarioHorario-Solar'!AD379 -> 0 | J148: ='Resumen-DiarioHorario-Solar'!AD456 -> 162.72117 | K148: ='Resumen-DiarioHorario-Solar'!AD533 -> 79.187 | L148: ='Resumen-DiarioHorario-Solar'!AD610 -> 24.372833 | M148: ='Resumen-DiarioHorario-Solar'!AD687 -> 1793.5515 | N148: ='Resumen-DiarioHorario-Solar'!AD764 -> 1279.96 | O148: ='Resumen-DiarioHorario-Solar'!AD841 -> 1025.4565 | P148: ='Resumen-DiarioHorario-Solar'!AD918 -> 294.03533 | Q148: ='Resumen-DiarioHorario-Solar'!AD995 -> 487.65417 | R148: ='Resumen-DiarioHorario-Solar'!AD1072 -> 81.227 | S148: ='Resumen-DiarioHorario-Solar'!AD1149 -> 0 | T148: ='Resumen-DiarioHorario-Solar'!AD1226 -> 0 | U148: ='Resumen-DiarioHorario-Solar'!AD1303 -> 110.2175 | V148: ='Resumen-DiarioHorario-Solar'!AD1380 -> 1154.6395 | W148: ='Resumen-DiarioHorario-Solar'!AD1457 -> 0 | X148: ='Resumen-DiarioHorario-Solar'!AD1534 -> 86.5275 | Y148: ='Resumen-DiarioHorario-Solar'!AD1611 -> 165.4255 | Z148: ='Resumen-DiarioHorario-Solar'!AD1688 -> 117.29717 | AA148: ='Resumen-DiarioHorario-Solar'!AD1765 -> 0 | AB148: ='Resumen-DiarioHorario-Solar'!AD1842 -> 0 | AC148: ='Resumen-DiarioHorario-Solar'!AD1919 -> 71.400167 | AD148: ='Resumen-DiarioHorario-Solar'!AD1996 -> 27.829667 | AE148: ='Resumen-DiarioHorario-Solar'!AD2073 -> 0 | AF148: ='Resumen-DiarioHorario-Solar'!AD2150 -> 2271.3245 | AG148: ='Resumen-DiarioHorario-Solar'!AD2227 -> 0 | AH148: ='Resumen-DiarioHorario-Solar'!AD2304 -> 620.654 | AI148: =+'Resumen-DiarioHorario-Solar'!AD2381 -> 372.892 | AK148: =SUM(E148:AI148) -> 13026.002
B149: PFV TAMANGO | E149: ='Resumen-DiarioHorario-Solar'!AD72 -> 92.078 | F149: ='Resumen-DiarioHorario-Solar'!AD149 -> 18.771 | G149: ='Resumen-DiarioHorario-Solar'!AD226 -> 29.778667 | H149: ='Resumen-DiarioHorario-Solar'!AD303 -> 21.432 | I149: ='Resumen-DiarioHorario-Solar'!AD380 -> 0 | J149: ='Resumen-DiarioHorario-Solar'!AD457 -> 0 | K149: ='Resumen-DiarioHorario-Solar'!AD534 -> 0 | L149: ='Resumen-DiarioHorario-Solar'!AD611 -> 0 | M149: ='Resumen-DiarioHorario-Solar'!AD688 -> 0 | N149: ='Resumen-DiarioHorario-Solar'!AD765 -> 62.974 | O149: ='Resumen-DiarioHorario-Solar'!AD842 -> 8.0843333 | P149: ='Resumen-DiarioHorario-Solar'!AD919 -> 18.9545 | Q149: ='Resumen-DiarioHorario-Solar'!AD996 -> 0 | R149: ='Resumen-DiarioHorario-Solar'!AD1073 -> 10.241833 | S149: ='Resumen-DiarioHorario-Solar'!AD1150 -> 0 | T149: ='Resumen-DiarioHorario-Solar'!AD1227 -> 0 | U149: ='Resumen-DiarioHorario-Solar'!AD1304 -> 0 | V149: ='Resumen-DiarioHorario-Solar'!AD1381 -> 0 | W149: ='Resumen-DiarioHorario-Solar'!AD1458 -> 70.314833 | X149: ='Resumen-DiarioHorario-Solar'!AD1535 -> 36.310833 | Y149: ='Resumen-DiarioHorario-Solar'!AD1612 -> 120.826 | Z149: ='Resumen-DiarioHorario-Solar'!AD1689 -> 33.9285 | AA149: ='Resumen-DiarioHorario-Solar'!AD1766 -> 57.290333 | AB149: ='Resumen-DiarioHorario-Solar'!AD1843 -> 0 | AC149: ='Resumen-DiarioHorario-Solar'!AD1920 -> 3.8266667 | AD149: ='Resumen-DiarioHorario-Solar'!AD1997 -> 0 | AE149: ='Resumen-DiarioHorario-Solar'!AD2074 -> 0 | AF149: ='Resumen-DiarioHorario-Solar'!AD2151 -> 0 | AG149: ='Resumen-DiarioHorario-Solar'!AD2228 -> 0 | AH149: ='Resumen-DiarioHorario-Solar'!AD2305 -> 2.742 | AI149: =+'Resumen-DiarioHorario-Solar'!AD2382 -> 62.512833 | AK149: =SUM(E149:AI149) -> 650.06633
B150: PFV-DONAANTONIA | E150: ='Resumen-DiarioHorario-Solar'!AD73 -> 45.475833 | F150: ='Resumen-DiarioHorario-Solar'!AD150 -> 26.0655 | G150: ='Resumen-DiarioHorario-Solar'!AD227 -> 2.1921667 | H150: ='Resumen-DiarioHorario-Solar'!AD304 -> 26.507333 | I150: ='Resumen-DiarioHorario-Solar'!AD381 -> 0 | J150: ='Resumen-DiarioHorario-Solar'!AD458 -> 45.638833 | K150: ='Resumen-DiarioHorario-Solar'!AD535 -> 93.972833 | L150: ='Resumen-DiarioHorario-Solar'!AD612 -> 3.4465 | M150: ='Resumen-DiarioHorario-Solar'!AD689 -> 212.67833 | N150: ='Resumen-DiarioHorario-Solar'!AD766 -> 233.182 | O150: ='Resumen-DiarioHorario-Solar'!AD843 -> 93.456333 | P150: ='Resumen-DiarioHorario-Solar'!AD920 -> 4.3058333 | Q150: ='Resumen-DiarioHorario-Solar'!AD997 -> 62.841333 | R150: ='Resumen-DiarioHorario-Solar'!AD1074 -> 8.1585 | S150: ='Resumen-DiarioHorario-Solar'!AD1151 -> 46.487833 | T150: ='Resumen-DiarioHorario-Solar'!AD1228 -> 0 | U150: ='Resumen-DiarioHorario-Solar'!AD1305 -> 2.447 | V150: ='Resumen-DiarioHorario-Solar'!AD1382 -> 67.670167 | W150: ='Resumen-DiarioHorario-Solar'!AD1459 -> 90.420667 | X150: ='Resumen-DiarioHorario-Solar'!AD1536 -> 172.91783 | Y150: ='Resumen-DiarioHorario-Solar'!AD1613 -> 161.82533 | Z150: ='Resumen-DiarioHorario-Solar'!AD1690 -> 173.86483 | AA150: ='Resumen-DiarioHorario-Solar'!AD1767 -> 45.367333 | AB150: ='Resumen-DiarioHorario-Solar'!AD1844 -> 198.36917 | AC150: ='Resumen-DiarioHorario-Solar'!AD1921 -> 168.70117 | AD150: ='Resumen-DiarioHorario-Solar'!AD1998 -> 0.3835 | AE150: ='Resumen-DiarioHorario-Solar'!AD2075 -> 153.99067 | AF150: ='Resumen-DiarioHorario-Solar'!AD2152 -> 179.09567 | AG150: ='Resumen-DiarioHorario-Solar'!AD2229 -> 0 | AH150: ='Resumen-DiarioHorario-Solar'!AD2306 -> 138.49367 | AI150: =+'Resumen-DiarioHorario-Solar'!AD2383 -> 76.2185 | AK150: =SUM(E150:AI150) -> 2534.1747
B151: PFV-DONHUMBERTO | D151: † | E151: ='Resumen-DiarioHorario-Solar'!AD74 -> 0 | F151: ='Resumen-DiarioHorario-Solar'!AD151 -> 0 | G151: ='Resumen-DiarioHorario-Solar'!AD228 -> 0 | H151: ='Resumen-DiarioHorario-Solar'!AD305 -> 0 | I151: ='Resumen-DiarioHorario-Solar'!AD382 -> 0 | J151: ='Resumen-DiarioHorario-Solar'!AD459 -> 0 | K151: ='Resumen-DiarioHorario-Solar'!AD536 -> 0 | L151: ='Resumen-DiarioHorario-Solar'!AD613 -> 0 | M151: ='Resumen-DiarioHorario-Solar'!AD690 -> 0 | N151: ='Resumen-DiarioHorario-Solar'!AD767 -> 0 | O151: ='Resumen-DiarioHorario-Solar'!AD844 -> 0 | P151: ='Resumen-DiarioHorario-Solar'!AD921 -> 0 | Q151: ='Resumen-DiarioHorario-Solar'!AD998 -> 0 | R151: ='Resumen-DiarioHorario-Solar'!AD1075 -> 0 | S151: ='Resumen-DiarioHorario-Solar'!AD1152 -> 0 | T151: ='Resumen-DiarioHorario-Solar'!AD1229 -> 0 | U151: ='Resumen-DiarioHorario-Solar'!AD1306 -> 0 | V151: ='Resumen-DiarioHorario-Solar'!AD1383 -> 0 | W151: ='Resumen-DiarioHorario-Solar'!AD1460 -> 0 | X151: ='Resumen-DiarioHorario-Solar'!AD1537 -> 0 | Y151: ='Resumen-DiarioHorario-Solar'!AD1614 -> 0 | Z151: ='Resumen-DiarioHorario-Solar'!AD1691 -> 0 | AA151: ='Resumen-DiarioHorario-Solar'!AD1768 -> 0 | AB151: ='Resumen-DiarioHorario-Solar'!AD1845 -> 0 | AC151: ='Resumen-DiarioHorario-Solar'!AD1922 -> 0 | AD151: ='Resumen-DiarioHorario-Solar'!AD1999 -> 0 | AE151: ='Resumen-DiarioHorario-Solar'!AD2076 -> 0 | AF151: ='Resumen-DiarioHorario-Solar'!AD2153 -> 0 | AG151: ='Resumen-DiarioHorario-Solar'!AD2230 -> 0 | AH151: ='Resumen-DiarioHorario-Solar'!AD2307 -> 0 | AI151: =+'Resumen-DiarioHorario-Solar'!AD2384 -> 0 | AK151: =SUM(E151:AI151) -> 0
B152: PFV-GRANTENO | E152: ='Resumen-DiarioHorario-Solar'!AD75 -> 0 | F152: ='Resumen-DiarioHorario-Solar'!AD152 -> 0 | G152: ='Resumen-DiarioHorario-Solar'!AD229 -> 0 | H152: ='Resumen-DiarioHorario-Solar'!AD306 -> 0 | I152: ='Resumen-DiarioHorario-Solar'!AD383 -> 0 | J152: ='Resumen-DiarioHorario-Solar'!AD460 -> 0 | K152: ='Resumen-DiarioHorario-Solar'!AD537 -> 0 | L152: ='Resumen-DiarioHorario-Solar'!AD614 -> 0 | M152: ='Resumen-DiarioHorario-Solar'!AD691 -> 0 | N152: ='Resumen-DiarioHorario-Solar'!AD768 -> 0 | O152: ='Resumen-DiarioHorario-Solar'!AD845 -> 0 | P152: ='Resumen-DiarioHorario-Solar'!AD922 -> 0 | Q152: ='Resumen-DiarioHorario-Solar'!AD999 -> 0 | R152: ='Resumen-DiarioHorario-Solar'!AD1076 -> 0 | S152: ='Resumen-DiarioHorario-Solar'!AD1153 -> 0 | T152: ='Resumen-DiarioHorario-Solar'!AD1230 -> 0 | U152: ='Resumen-DiarioHorario-Solar'!AD1307 -> 0 | V152: ='Resumen-DiarioHorario-Solar'!AD1384 -> 0 | W152: ='Resumen-DiarioHorario-Solar'!AD1461 -> 0 | X152: ='Resumen-DiarioHorario-Solar'!AD1538 -> 0 | Y152: ='Resumen-DiarioHorario-Solar'!AD1615 -> 0 | Z152: ='Resumen-DiarioHorario-Solar'!AD1692 -> 0 | AA152: ='Resumen-DiarioHorario-Solar'!AD1769 -> 0 | AB152: ='Resumen-DiarioHorario-Solar'!AD1846 -> 0 | AC152: ='Resumen-DiarioHorario-Solar'!AD1923 -> 0 | AD152: ='Resumen-DiarioHorario-Solar'!AD2000 -> 0 | AE152: ='Resumen-DiarioHorario-Solar'!AD2077 -> 0 | AF152: ='Resumen-DiarioHorario-Solar'!AD2154 -> 0 | AG152: ='Resumen-DiarioHorario-Solar'!AD2231 -> 0 | AH152: ='Resumen-DiarioHorario-Solar'!AD2308 -> 0 | AI152: =+'Resumen-DiarioHorario-Solar'!AD2385 -> 0 | AK152: =SUM(E152:AI152) -> 0
B153: PFV-ANDESIV | D153: † | E153: ='Resumen-DiarioHorario-Solar'!AD76 -> 584.35217 | F153: ='Resumen-DiarioHorario-Solar'!AD153 -> 155.38283 | G153: ='Resumen-DiarioHorario-Solar'!AD230 -> 269.05567 | H153: ='Resumen-DiarioHorario-Solar'!AD307 -> 92.691333 | I153: ='Resumen-DiarioHorario-Solar'!AD384 -> 0 | J153: ='Resumen-DiarioHorario-Solar'!AD461 -> 257.83767 | K153: ='Resumen-DiarioHorario-Solar'!AD538 -> 476.52833 | L153: ='Resumen-DiarioHorario-Solar'!AD615 -> 845.20317 | M153: ='Resumen-DiarioHorario-Solar'!AD692 -> 702.27317 | N153: ='Resumen-DiarioHorario-Solar'!AD769 -> 635.25117 | O153: ='Resumen-DiarioHorario-Solar'!AD846 -> 566.30017 | P153: ='Resumen-DiarioHorario-Solar'!AD923 -> 318.63233 | Q153: ='Resumen-DiarioHorario-Solar'!AD1000 -> 446.46733 | R153: ='Resumen-DiarioHorario-Solar'!AD1077 -> 35.982833 | S153: ='Resumen-DiarioHorario-Solar'!AD1154 -> 0 | T153: ='Resumen-DiarioHorario-Solar'!AD1231 -> 0 | U153: ='Resumen-DiarioHorario-Solar'!AD1308 -> 654.907 | V153: ='Resumen-DiarioHorario-Solar'!AD1385 -> 460.213 | W153: ='Resumen-DiarioHorario-Solar'!AD1462 -> 0 | X153: ='Resumen-DiarioHorario-Solar'!AD1539 -> 5.969 | Y153: ='Resumen-DiarioHorario-Solar'!AD1616 -> 66.737333 | Z153: ='Resumen-DiarioHorario-Solar'!AD1693 -> 83.271333 | AA153: ='Resumen-DiarioHorario-Solar'!AD1770 -> 0 | AB153: ='Resumen-DiarioHorario-Solar'!AD1847 -> 0 | AC153: ='Resumen-DiarioHorario-Solar'!AD1924 -> 0 | AD153: ='Resumen-DiarioHorario-Solar'!AD2001 -> 17.184167 | AE153: ='Resumen-DiarioHorario-Solar'!AD2078 -> 491.4295 | AF153: ='Resumen-DiarioHorario-Solar'!AD2155 -> 409.79483 | AG153: ='Resumen-DiarioHorario-Solar'!AD2232 -> 0 | AH153: ='Resumen-DiarioHorario-Solar'!AD2309 -> 346.86833 | AI153: =+'Resumen-DiarioHorario-Solar'!AD2386 -> 249.32883 | AK153: =SUM(E153:AI153) -> 8171.6615
B154: PFV-TAMARICO | E154: ='Resumen-DiarioHorario-Solar'!AD77 -> 84.048333 | F154: ='Resumen-DiarioHorario-Solar'!AD154 -> 11.731833 | G154: ='Resumen-DiarioHorario-Solar'!AD231 -> 0 | H154: ='Resumen-DiarioHorario-Solar'!AD308 -> 113.609 | I154: ='Resumen-DiarioHorario-Solar'!AD385 -> 0 | J154: ='Resumen-DiarioHorario-Solar'!AD462 -> 0 | K154: ='Resumen-DiarioHorario-Solar'!AD539 -> 19.661667 | L154: ='Resumen-DiarioHorario-Solar'!AD616 -> 6.4106667 | M154: ='Resumen-DiarioHorario-Solar'!AD693 -> 261.22483 | N154: ='Resumen-DiarioHorario-Solar'!AD770 -> 119.21683 | O154: ='Resumen-DiarioHorario-Solar'!AD847 -> 219.2085 | P154: ='Resumen-DiarioHorario-Solar'!AD924 -> 57.253167 | Q154: ='Resumen-DiarioHorario-Solar'!AD1001 -> 25.410167 | R154: ='Resumen-DiarioHorario-Solar'!AD1078 -> 0 | S154: ='Resumen-DiarioHorario-Solar'!AD1155 -> 0 | T154: ='Resumen-DiarioHorario-Solar'!AD1232 -> 0 | U154: ='Resumen-DiarioHorario-Solar'!AD1309 -> 0 | V154: ='Resumen-DiarioHorario-Solar'!AD1386 -> 157.22283 | W154: ='Resumen-DiarioHorario-Solar'!AD1463 -> 0 | X154: ='Resumen-DiarioHorario-Solar'!AD1540 -> 0 | Y154: ='Resumen-DiarioHorario-Solar'!AD1617 -> 0.061 | Z154: ='Resumen-DiarioHorario-Solar'!AD1694 -> 0 | AA154: ='Resumen-DiarioHorario-Solar'!AD1771 -> 0 | AB154: ='Resumen-DiarioHorario-Solar'!AD1848 -> 0 | AC154: ='Resumen-DiarioHorario-Solar'!AD1925 -> 18.086833 | AD154: ='Resumen-DiarioHorario-Solar'!AD2002 -> 0 | AE154: ='Resumen-DiarioHorario-Solar'!AD2079 -> 0 | AF154: ='Resumen-DiarioHorario-Solar'!AD2156 -> 0.14583333 | AG154: ='Resumen-DiarioHorario-Solar'!AD2233 -> 0 | AH154: ='Resumen-DiarioHorario-Solar'!AD2310 -> 0 | AI154: =+'Resumen-DiarioHorario-Solar'!AD2387 -> 1.5568333 | AK154: =SUM(E154:AI154) -> 1094.8483
B155: PFV-TAIRA | E155: ='Resumen-DiarioHorario-Solar'!AD78 -> 0 | F155: ='Resumen-DiarioHorario-Solar'!AD155 -> 0 | G155: ='Resumen-DiarioHorario-Solar'!AD232 -> 0 | H155: ='Resumen-DiarioHorario-Solar'!AD309 -> 0 | I155: ='Resumen-DiarioHorario-Solar'!AD386 -> 0 | J155: ='Resumen-DiarioHorario-Solar'!AD463 -> 0 | K155: ='Resumen-DiarioHorario-Solar'!AD540 -> 0 | L155: ='Resumen-DiarioHorario-Solar'!AD617 -> 0 | M155: ='Resumen-DiarioHorario-Solar'!AD694 -> 0 | N155: ='Resumen-DiarioHorario-Solar'!AD771 -> 0 | O155: ='Resumen-DiarioHorario-Solar'!AD848 -> 0 | P155: ='Resumen-DiarioHorario-Solar'!AD925 -> 0 | Q155: ='Resumen-DiarioHorario-Solar'!AD1002 -> 0 | R155: ='Resumen-DiarioHorario-Solar'!AD1079 -> 0 | S155: ='Resumen-DiarioHorario-Solar'!AD1156 -> 0 | T155: ='Resumen-DiarioHorario-Solar'!AD1233 -> 0 | U155: ='Resumen-DiarioHorario-Solar'!AD1310 -> 0 | V155: ='Resumen-DiarioHorario-Solar'!AD1387 -> 0 | W155: ='Resumen-DiarioHorario-Solar'!AD1464 -> 0 | X155: ='Resumen-DiarioHorario-Solar'!AD1541 -> 0 | Y155: ='Resumen-DiarioHorario-Solar'!AD1618 -> 0 | Z155: ='Resumen-DiarioHorario-Solar'!AD1695 -> 0 | AA155: ='Resumen-DiarioHorario-Solar'!AD1772 -> 0 | AB155: ='Resumen-DiarioHorario-Solar'!AD1849 -> 0 | AC155: ='Resumen-DiarioHorario-Solar'!AD1926 -> 0 | AD155: ='Resumen-DiarioHorario-Solar'!AD2003 -> 0 | AE155: ='Resumen-DiarioHorario-Solar'!AD2080 -> 0 | AF155: ='Resumen-DiarioHorario-Solar'!AD2157 -> 0 | AG155: ='Resumen-DiarioHorario-Solar'!AD2234 -> 0 | AH155: ='Resumen-DiarioHorario-Solar'!AD2311 -> 0 | AI155: =+'Resumen-DiarioHorario-Solar'!AD2388 -> 0 | AK155: =SUM(E155:AI155) -> 0
B158: DESGLOSE DIARIO DE CURTAILMENTS DE HIDROELÉCTRICAS DE PASADA
B160: Central / Día | E160: =E83 -> 45778 | F160: =F83 -> 45779 | G160: =G83 -> 45780 | H160: =H83 -> 45781 | I160: =I83 -> 45782 | J160: =J83 -> 45783 | K160: =K83 -> 45784 | L160: =L83 -> 45785 | ... AI160: =AI83 -> 45808 | AJ160: Total
B161: Total | E161: =SUM(E162:E297) -> 226.97364 | F161: =SUM(F162:F297) -> 32.891825 | G161: =SUM(G162:G297) -> 147.32261 | H161: =SUM(H162:H297) -> 243.5271 | I161: =SUM(I162:I297) -> 0 | J161: =SUM(J162:J297) -> 0 | K161: =SUM(K162:K297) -> 0 | L161: =SUM(L162:L297) -> 0 | ... AI161: =SUM(AI162:AI297) -> 107.36877 | AK161: =SUM(AK162:AK297) -> 2331.6291
B162: ABANICO-1 | E162: =+'Resumen-DiarioHorario-HP'!AD8 -> 4.5468316 | F162: =+'Resumen-DiarioHorario-HP'!AD150 -> 0 | G162: =+'Resumen-DiarioHorario-HP'!AD292 -> 0 | H162: =+'Resumen-DiarioHorario-HP'!AD434 -> 34.971809 | I162: =+'Resumen-DiarioHorario-HP'!AD576 -> 0 | J162: =+'Resumen-DiarioHorario-HP'!AD718 -> 0 | K162: =+'Resumen-DiarioHorario-HP'!AD860 -> 0 | L162: =+'Resumen-DiarioHorario-HP'!AD1002 -> 0 | M162: =+'Resumen-DiarioHorario-HP'!AD1144 -> 0 | N162: =+'Resumen-DiarioHorario-HP'!AD1286 -> 23.272507 | O162: =+'Resumen-DiarioHorario-HP'!AD1428 -> 3.2468239 | P162: =+'Resumen-DiarioHorario-HP'!AD1570 -> 0 | Q162: =+'Resumen-DiarioHorario-HP'!AD1712 -> 0 | R162: =+'Resumen-DiarioHorario-HP'!AD1854 -> 0.0085901874 | S162: =+'Resumen-DiarioHorario-HP'!AD1996 -> 0 | T162: =+'Resumen-DiarioHorario-HP'!AD2138 -> 0 | U162: =+'Resumen-DiarioHorario-HP'!AD2280 -> 0 | V162: =+'Resumen-DiarioHorario-HP'!AD2422 -> 0 | W162: =+'Resumen-DiarioHorario-HP'!AD2564 -> 0 | X162: =+'Resumen-DiarioHorario-HP'!AD2706 -> 0 | Y162: =+'Resumen-DiarioHorario-HP'!AD2848 -> 1.3098422 | Z162: =+'Resumen-DiarioHorario-HP'!AD2990 -> 0 | AA162: =+'Resumen-DiarioHorario-HP'!AD3132 -> 0 | AB162: =+'Resumen-DiarioHorario-HP'!AD3274 -> 0 | AC162: =+'Resumen-DiarioHorario-HP'!AD3416 -> 2.5210785 | AD162: =+'Resumen-DiarioHorario-HP'!AD3558 -> 0 | AE162: =+'Resumen-DiarioHorario-HP'!AD3700 -> 0 | AF162: =+'Resumen-DiarioHorario-HP'!AD3842 -> 14.546509 | AG162: =+'Resumen-DiarioHorario-HP'!AD3984 -> 7.2451942 | AH162: =+'Resumen-DiarioHorario-HP'!AD4126 -> 11.576751 | AI162: =+'Resumen-DiarioHorario-HP'!AD4268 -> 14.116627 | AK162: =SUM(E162:AI162) -> 117.36256
B163: ABANICO-3 | E163: =+'Resumen-DiarioHorario-HP'!AD9 -> 4.5468316 | F163: =+'Resumen-DiarioHorario-HP'!AD151 -> 0 | G163: =+'Resumen-DiarioHorario-HP'!AD293 -> 0 | H163: =+'Resumen-DiarioHorario-HP'!AD435 -> 34.971809 | I163: =+'Resumen-DiarioHorario-HP'!AD577 -> 0 | J163: =+'Resumen-DiarioHorario-HP'!AD719 -> 0 | K163: =+'Resumen-DiarioHorario-HP'!AD861 -> 0 | L163: =+'Resumen-DiarioHorario-HP'!AD1003 -> 0 | M163: =+'Resumen-DiarioHorario-HP'!AD1145 -> 0 | N163: =+'Resumen-DiarioHorario-HP'!AD1287 -> 23.272507 | O163: =+'Resumen-DiarioHorario-HP'!AD1429 -> 3.2468239 | P163: =+'Resumen-DiarioHorario-HP'!AD1571 -> 0 | Q163: =+'Resumen-DiarioHorario-HP'!AD1713 -> 0 | R163: =+'Resumen-DiarioHorario-HP'!AD1855 -> 0.0085901874 | S163: =+'Resumen-DiarioHorario-HP'!AD1997 -> 0 | T163: =+'Resumen-DiarioHorario-HP'!AD2139 -> 0 | U163: =+'Resumen-DiarioHorario-HP'!AD2281 -> 0 | V163: =+'Resumen-DiarioHorario-HP'!AD2423 -> 0 | W163: =+'Resumen-DiarioHorario-HP'!AD2565 -> 0 | X163: =+'Resumen-DiarioHorario-HP'!AD2707 -> 0 | Y163: =+'Resumen-DiarioHorario-HP'!AD2849 -> 1.3098422 | Z163: =+'Resumen-DiarioHorario-HP'!AD2991 -> 0 | AA163: =+'Resumen-DiarioHorario-HP'!AD3133 -> 0 | AB163: =+'Resumen-DiarioHorario-HP'!AD3275 -> 0 | AC163: =+'Resumen-DiarioHorario-HP'!AD3417 -> 2.5210785 | AD163: =+'Resumen-DiarioHorario-HP'!AD3559 -> 0 | AE163: =+'Resumen-DiarioHorario-HP'!AD3701 -> 0 | AF163: =+'Resumen-DiarioHorario-HP'!AD3843 -> 14.546509 | AG163: =+'Resumen-DiarioHorario-HP'!AD3985 -> 7.2451942 | AH163: =+'Resumen-DiarioHorario-HP'!AD4127 -> 11.576751 | AI163: =+'Resumen-DiarioHorario-HP'!AD4269 -> 14.116627 | AK163: =SUM(E163:AI163) -> 117.36256
B164: ABANICO-5 | E164: =+'Resumen-DiarioHorario-HP'!AD10 -> 4.5468316 | F164: =+'Resumen-DiarioHorario-HP'!AD152 -> 0 | G164: =+'Resumen-DiarioHorario-HP'!AD294 -> 0 | H164: =+'Resumen-DiarioHorario-HP'!AD436 -> 34.971809 | I164: =+'Resumen-DiarioHorario-HP'!AD578 -> 0 | J164: =+'Resumen-DiarioHorario-HP'!AD720 -> 0 | K164: =+'Resumen-DiarioHorario-HP'!AD862 -> 0 | L164: =+'Resumen-DiarioHorario-HP'!AD1004 -> 0 | M164: =+'Resumen-DiarioHorario-HP'!AD1146 -> 0 | N164: =+'Resumen-DiarioHorario-HP'!AD1288 -> 23.272507 | O164: =+'Resumen-DiarioHorario-HP'!AD1430 -> 3.2468239 | P164: =+'Resumen-DiarioHorario-HP'!AD1572 -> 0 | Q164: =+'Resumen-DiarioHorario-HP'!AD1714 -> 0 | R164: =+'Resumen-DiarioHorario-HP'!AD1856 -> 0.0085901874 | S164: =+'Resumen-DiarioHorario-HP'!AD1998 -> 0 | T164: =+'Resumen-DiarioHorario-HP'!AD2140 -> 0 | U164: =+'Resumen-DiarioHorario-HP'!AD2282 -> 0 | V164: =+'Resumen-DiarioHorario-HP'!AD2424 -> 0 | W164: =+'Resumen-DiarioHorario-HP'!AD2566 -> 0 | X164: =+'Resumen-DiarioHorario-HP'!AD2708 -> 0 | Y164: =+'Resumen-DiarioHorario-HP'!AD2850 -> 1.3098422 | Z164: =+'Resumen-DiarioHorario-HP'!AD2992 -> 0 | AA164: =+'Resumen-DiarioHorario-HP'!AD3134 -> 0 | AB164: =+'Resumen-DiarioHorario-HP'!AD3276 -> 0 | AC164: =+'Resumen-DiarioHorario-HP'!AD3418 -> 2.5210785 | AD164: =+'Resumen-DiarioHorario-HP'!AD3560 -> 0 | AE164: =+'Resumen-DiarioHorario-HP'!AD3702 -> 0 | AF164: =+'Resumen-DiarioHorario-HP'!AD3844 -> 14.546509 | AG164: =+'Resumen-DiarioHorario-HP'!AD3986 -> 7.2451942 | AH164: =+'Resumen-DiarioHorario-HP'!AD4128 -> 11.576751 | AI164: =+'Resumen-DiarioHorario-HP'!AD4270 -> 14.116627 | AK164: =SUM(E164:AI164) -> 117.36256
B165: ABANICO-6 | E165: =+'Resumen-DiarioHorario-HP'!AD11 -> 4.5468316 | F165: =+'Resumen-DiarioHorario-HP'!AD153 -> 0 | G165: =+'Resumen-DiarioHorario-HP'!AD295 -> 0 | H165: =+'Resumen-DiarioHorario-HP'!AD437 -> 34.971809 | I165: =+'Resumen-DiarioHorario-HP'!AD579 -> 0 | J165: =+'Resumen-DiarioHorario-HP'!AD721 -> 0 | K165: =+'Resumen-DiarioHorario-HP'!AD863 -> 0 | L165: =+'Resumen-DiarioHorario-HP'!AD1005 -> 0 | M165: =+'Resumen-DiarioHorario-HP'!AD1147 -> 0 | N165: =+'Resumen-DiarioHorario-HP'!AD1289 -> 23.272507 | O165: =+'Resumen-DiarioHorario-HP'!AD1431 -> 3.2468239 | P165: =+'Resumen-DiarioHorario-HP'!AD1573 -> 0 | Q165: =+'Resumen-DiarioHorario-HP'!AD1715 -> 0 | R165: =+'Resumen-DiarioHorario-HP'!AD1857 -> 0.0085901874 | S165: =+'Resumen-DiarioHorario-HP'!AD1999 -> 0 | T165: =+'Resumen-DiarioHorario-HP'!AD2141 -> 0 | U165: =+'Resumen-DiarioHorario-HP'!AD2283 -> 0 | V165: =+'Resumen-DiarioHorario-HP'!AD2425 -> 0 | W165: =+'Resumen-DiarioHorario-HP'!AD2567 -> 0 | X165: =+'Resumen-DiarioHorario-HP'!AD2709 -> 0 | Y165: =+'Resumen-DiarioHorario-HP'!AD2851 -> 1.3098422 | Z165: =+'Resumen-DiarioHorario-HP'!AD2993 -> 0 | AA165: =+'Resumen-DiarioHorario-HP'!AD3135 -> 0 | AB165: =+'Resumen-DiarioHorario-HP'!AD3277 -> 0 | AC165: =+'Resumen-DiarioHorario-HP'!AD3419 -> 2.5210785 | AD165: =+'Resumen-DiarioHorario-HP'!AD3561 -> 0 | AE165: =+'Resumen-DiarioHorario-HP'!AD3703 -> 0 | AF165: =+'Resumen-DiarioHorario-HP'!AD3845 -> 14.546509 | AG165: =+'Resumen-DiarioHorario-HP'!AD3987 -> 7.2451942 | AH165: =+'Resumen-DiarioHorario-HP'!AD4129 -> 11.576751 | AI165: =+'Resumen-DiarioHorario-HP'!AD4271 -> 14.116627 | AK165: =SUM(E165:AI165) -> 117.36256
B166: AILLÍN | E166: =+'Resumen-DiarioHorario-HP'!AD12 -> 0 | F166: =+'Resumen-DiarioHorario-HP'!AD154 -> 0 | G166: =+'Resumen-DiarioHorario-HP'!AD296 -> 0 | H166: =+'Resumen-DiarioHorario-HP'!AD438 -> 0 | I166: =+'Resumen-DiarioHorario-HP'!AD580 -> 0 | J166: =+'Resumen-DiarioHorario-HP'!AD722 -> 0 | K166: =+'Resumen-DiarioHorario-HP'!AD864 -> 0 | L166: =+'Resumen-DiarioHorario-HP'!AD1006 -> 0 | M166: =+'Resumen-DiarioHorario-HP'!AD1148 -> 0 | N166: =+'Resumen-DiarioHorario-HP'!AD1290 -> 0 | O166: =+'Resumen-DiarioHorario-HP'!AD1432 -> 0 | P166: =+'Resumen-DiarioHorario-HP'!AD1574 -> 0 | Q166: =+'Resumen-DiarioHorario-HP'!AD1716 -> 0 | R166: =+'Resumen-DiarioHorario-HP'!AD1858 -> 0 | S166: =+'Resumen-DiarioHorario-HP'!AD2000 -> 0 | T166: =+'Resumen-DiarioHorario-HP'!AD2142 -> 0 | U166: =+'Resumen-DiarioHorario-HP'!AD2284 -> 0 | V166: =+'Resumen-DiarioHorario-HP'!AD2426 -> 0 | W166: =+'Resumen-DiarioHorario-HP'!AD2568 -> 0 | X166: =+'Resumen-DiarioHorario-HP'!AD2710 -> 0 | Y166: =+'Resumen-DiarioHorario-HP'!AD2852 -> 0 | Z166: =+'Resumen-DiarioHorario-HP'!AD2994 -> 0 | AA166: =+'Resumen-DiarioHorario-HP'!AD3136 -> 0 | AB166: =+'Resumen-DiarioHorario-HP'!AD3278 -> 0 | AC166: =+'Resumen-DiarioHorario-HP'!AD3420 -> 0 | AD166: =+'Resumen-DiarioHorario-HP'!AD3562 -> 0 | AE166: =+'Resumen-DiarioHorario-HP'!AD3704 -> 0 | AF166: =+'Resumen-DiarioHorario-HP'!AD3846 -> 0 | AG166: =+'Resumen-DiarioHorario-HP'!AD3988 -> 0 | AH166: =+'Resumen-DiarioHorario-HP'!AD4130 -> 0 | AI166: =+'Resumen-DiarioHorario-HP'!AD4272 -> 0 | AK166: =SUM(E166:AI166) -> 0
B167: ALFALFAL II-1 | E167: =+'Resumen-DiarioHorario-HP'!AD13 -> 0 | F167: =+'Resumen-DiarioHorario-HP'!AD155 -> 0 | G167: =+'Resumen-DiarioHorario-HP'!AD297 -> 0 | H167: =+'Resumen-DiarioHorario-HP'!AD439 -> 0 | I167: =+'Resumen-DiarioHorario-HP'!AD581 -> 0 | J167: =+'Resumen-DiarioHorario-HP'!AD723 -> 0 | K167: =+'Resumen-DiarioHorario-HP'!AD865 -> 0 | L167: =+'Resumen-DiarioHorario-HP'!AD1007 -> 0 | M167: =+'Resumen-DiarioHorario-HP'!AD1149 -> 0 | N167: =+'Resumen-DiarioHorario-HP'!AD1291 -> 0 | O167: =+'Resumen-DiarioHorario-HP'!AD1433 -> 0 | P167: =+'Resumen-DiarioHorario-HP'!AD1575 -> 0 | Q167: =+'Resumen-DiarioHorario-HP'!AD1717 -> 0 | R167: =+'Resumen-DiarioHorario-HP'!AD1859 -> 0 | S167: =+'Resumen-DiarioHorario-HP'!AD2001 -> 0 | T167: =+'Resumen-DiarioHorario-HP'!AD2143 -> 0 | U167: =+'Resumen-DiarioHorario-HP'!AD2285 -> 0 | V167: =+'Resumen-DiarioHorario-HP'!AD2427 -> 0 | W167: =+'Resumen-DiarioHorario-HP'!AD2569 -> 0 | X167: =+'Resumen-DiarioHorario-HP'!AD2711 -> 0 | Y167: =+'Resumen-DiarioHorario-HP'!AD2853 -> 0 | Z167: =+'Resumen-DiarioHorario-HP'!AD2995 -> 0 | AA167: =+'Resumen-DiarioHorario-HP'!AD3137 -> 0 | AB167: =+'Resumen-DiarioHorario-HP'!AD3279 -> 0 | AC167: =+'Resumen-DiarioHorario-HP'!AD3421 -> 0 | AD167: =+'Resumen-DiarioHorario-HP'!AD3563 -> 0 | AE167: =+'Resumen-DiarioHorario-HP'!AD3705 -> 0 | AF167: =+'Resumen-DiarioHorario-HP'!AD3847 -> 0 | AG167: =+'Resumen-DiarioHorario-HP'!AD3989 -> 0 | AH167: =+'Resumen-DiarioHorario-HP'!AD4131 -> 0 | AI167: =+'Resumen-DiarioHorario-HP'!AD4273 -> 0 | AK167: =SUM(E167:AI167) -> 0
...

Sheet Resumen-DiarioHorario-Eólico
B2: CURTAILMENTS EÓLICAS POR CENTRALES EN FORMA DIARIA/HORARIA
B5: ='Resumen-Mensual'!$E$26 -> 45778
B7: Central/Hora | E7: 1 | F7: 2 | G7: 3 | H7: 4 | I7: 5 | J7: 6 | K7: 7 | L7: 8 | M7: 9 | N7: 10 | O7: 11 | P7: 12 | Q7: 13 | R7: 14 | S7: 15 | T7: 16 | U7: 17 | V7: 18 | W7: 19 | X7: 20 | Y7: 21 | Z7: 22 | AA7: 23 | AB7: 24 | AC7: Total
B8: PE-TCHAMMA | E8: 0 | F8: 0 | G8: 0 | H8: 0 | I8: 0 | J8: 0 | K8: 0 | L8: 0 | M8: 7.3685 | N8: 0 | O8: 0 | P8: 1.5455 | Q8: 0.91716667 | R8: 16.6015 | S8: 21.232167 | T8: 13.809 | U8: 0.278 | V8: 0 | W8: 0 | X8: 0 | Y8: 0 | Z8: 0 | AA8: 0 | AB8: 0 | AD8: =SUM(E8:AB8) -> 61.751833
B9: PE-SIERRAGORDA | E9: 0 | F9: 0 | G9: 0 | H9: 0 | I9: 0 | J9: 0 | K9: 0 | L9: 0 | M9: 0.3535 | N9: 3.1781667 | O9: 1.6293333 | P9: 9.717 | Q9: 0 | R9: 0.70033333 | S9: 18.381667 | T9: 19.398167 | U9: 2.259 | V9: 0 | W9: 0 | X9: 0 | Y9: 0 | Z9: 0 | AA9: 0 | AB9: 0 | AD9: =SUM(E9:AB9) -> 55.617167
B10: PE-VALLEDELOSVIENTOS | E10: 0 | F10: 0 | G10: 0 | H10: 0 | I10: 0 | J10: 0 | K10: 0 | L10: 0 | M10: 3.6333333 | N10: 3.8551667 | O10: 1.3486667 | P10: 6.1821667 | Q10: 7.7065 | R10: 2.3793333 | S10: 11.745 | T10: 21.015333 | U10: 1.5761667 | V10: 0 | W10: 0 | X10: 0 | Y10: 0 | Z10: 0 | AA10: 0 | AB10: 0 | AD10: =SUM(E10:AB10) -> 59.441667
B11: PE-CERROTIGRE | E11: 0 | F11: 0 | G11: 0 | H11: 0 | I11: 0 | J11: 0 | K11: 0 | L11: 0 | M11: 0.0255 | N11: 0.147 | O11: 0.132 | P11: 4.628 | Q11: 18.231167 | R11: 69.328333 | S11: 93.9075 | T11: 65.843 | U11: 6.233 | V11: 0 | W11: 0 | X11: 0 | Y11: 0 | Z11: 0 | AA11: 0 | AB11: 0 | AD11: =SUM(E11:AB11) -> 258.4755
B12: PE-CALAMA | E12: 0 | F12: 0 | G12: 0 | H12: 0 | I12: 0 | J12: 0 | K12: 0 | L12: 0 | M12: 6.8191667 | N12: 5.8216667 | O12: 0.568 | P12: 8.4375 | Q12: 23.7385 | R12: 14.101 | S12: 4.7521667 | T12: 23.5975 | U12: 1.14 | V12: 0 | W12: 0 | X12: 0 | Y12: 0 | Z12: 0 | AA12: 0 | AB12: 0 | AD12: =SUM(E12:AB12) -> 88.9755
B13: PE-TALTAL | E13: 0 | F13: 0 | G13: 0 | H13: 0 | I13: 0 | J13: 0 | K13: 0 | L13: 0 | M13: 27.958167 | N13: 60.041667 | O13: 8.7341667 | P13: 29.658167 | Q13: 15.2 | R13: 35.972333 | S13: 19.086 | T13: 12.096333 | U13: 0.82033333 | V13: 0 | W13: 0 | X13: 0 | Y13: 0 | Z13: 0 | AA13: 0 | AB13: 0 | AD13: =SUM(E13:AB13) -> 209.56717
B14: PE-SARCO | E14: 0 | F14: 0 | G14: 0 | H14: 0 | I14: 0 | J14: 0 | K14: 0 | L14: 0 | M14: 8.3303333 | N14: 6.3368333 | O14: 2.5951667 | P14: 8.272 | Q14: 9.725 | R14: 0 | S14: 0 | T14: 4.0601667 | U14: 1.302 | V14: 0 | W14: 0 | X14: 0 | Y14: 0 | Z14: 0 | AA14: 0 | AB14: 0 | AD14: =SUM(E14:AB14) -> 40.6215
B15: PE-CABOLEONES-1 | E15: 0 | F15: 0 | G15: 0 | H15: 0 | I15: 0 | J15: 0 | K15: 0 | L15: 0 | M15: 3.4618333 | N15: 4.991 | O15: 0.41116667 | P15: 0 | Q15: 0 | R15: 0 | S15: 0 | T15: 0 | U15: 0 | V15: 0 | W15: 0 | X15: 0 | Y15: 0 | Z15: 0 | AA15: 0 | AB15: 0 | AD15: =SUM(E15:AB15) -> 8.864
B16: PE-CABOLEONES-2 | E16: 0 | F16: 0 | G16: 0 | H16: 0 | I16: 0 | J16: 0 | K16: 0 | L16: 0 | M16: 4.2683333 | N16: 3.7023333 | O16: 0.42366667 | P16: 0 | Q16: 0 | R16: 0 | S16: 0 | T16: 0 | U16: 0 | V16: 0 | W16: 0 | X16: 0 | Y16: 0 | Z16: 0 | AA16: 0 | AB16: 0 | AD16: =SUM(E16:AB16) -> 8.3943333
B17: PE-CABOLEONES-3 | E17: 0 | F17: 0 | G17: 0 | H17: 0 | I17: 0 | J17: 0 | K17: 0 | L17: 0 | M17: 8.7688333 | N17: 12.221167 | O17: 5.2726667 | P17: 5.4028333 | Q17: 0 | R17: 0 | S17: 0 | T17: 0 | U17: 0 | V17: 0 | W17: 0 | X17: 0 | Y17: 0 | Z17: 0 | AA17: 0 | AB17: 0 | AD17: =SUM(E17:AB17) -> 31.6655
B18: PE-SANJUAN | E18: 0 | F18: 0 | G18: 0 | H18: 0 | I18: 0 | J18: 0 | K18: 0 | L18: 0 | M18: 5.349 | N18: 7.0565 | O18: 0.302 | P18: 0.73866667 | Q18: 1.1425 | R18: 0 | S18: 11.8215 | T18: 8.7435 | U18: 0 | V18: 0 | W18: 0 | X18: 0 | Y18: 0 | Z18: 0 | AA18: 0 | AB18: 0 | AD18: =SUM(E18:AB18) -> 35.153667
B19: PE-PUNTACOLORADA | E19: 0 | F19: 0 | G19: 0 | H19: 0 | I19: 0 | J19: 0 | K19: 0 | L19: 0 | M19: 0 | N19: 0 | O19: 0 | P19: 0 | Q19: 0 | R19: 0 | S19: 0 | T19: 0 | U19: 0 | V19: 0 | W19: 0 | X19: 0 | Y19: 0 | Z19: 0 | AA19: 0 | AB19: 0 | AD19: =SUM(E19:AB19) -> 0
... B58: PE-KALLPA | E58: 0 | F58: 0 | G58: 0 | H58: 0 | I58: 0 | J58: 0 | K58: 0 | L58: 0 | M58: 23.235167 | N58: 62.105167 | O58: 55.110833 | P58: 53.773167 | Q58: 39.520333 | R58: 39.606667 | S58: 50.077 | T58: 44.532167 | U58: 3.0906667 | V58: 0 | W58: 0 | X58: 0 | Y58: 0 | Z58: 0 | AA58: 0 | AB58: 0 | AD58: =SUM(E58:AB58) -> 371.05117
B59: Total | E59: =SUM(E8:E58) -> 0 | F59: =SUM(F8:F58) -> 0 | G59: =SUM(G8:G58) -> 0 | H59: =SUM(H8:H58) -> 0 | I59: =SUM(I8:I58) -> 0 | J59: =SUM(J8:J58) -> 0 | K59: =SUM(K8:K58) -> 0 | L59: =SUM(L8:L58) -> 0 | ... AB59: =SUM(AB8:AB58) -> 0 | AC59: =SUM(AC8:AE58) -> 2789.0277
B62: ='Resumen-Mensual'!$F$26 -> 45779
B64: Central/Hora | E64: 1 | F64: 2 | G64: 3 | H64: 4 | I64: 5 | J64: 6 | K64: 7 | L64: 8 | M64: 9 | N64: 10 | O64: 11 | P64: 12 | Q64: 13 | R64: 14 | S64: 15 | T64: 16 | U64: 17 | V64: 18 | W64: 19 | X64: 20 | Y64: 21 | Z64: 22 | AA64: 23 | AB64: 24 | AC64: Total
B65: PE-TCHAMMA | E65: 0 | F65: 0 | G65: 0 | H65: 0 | I65: 0 | J65: 0 | K65: 0 | L65: 0 | M65: 10.145833 | N65: 26.471167 | O65: 0 | P65: 0 | Q65: 0 | R65: 0 | S65: 6.2641667 | T65: 30.610833 | U65: 24.39 | V65: 0 | W65: 0 | X65: 0 | Y65: 0 | Z65: 0 | AA65: 0 | AB65: 0 | AD65: =SUM(E65:AB65) -> 97.882
B66: PE-SIERRAGORDA | E66: 0 | F66: 0 | G66: 0 | H66: 0 | I66: 0 | J66: 0 | K66: 0 | L66: 0 | M66: 1.8908333 | N66: 8.9411667 | O66: 8.3151667 | P66: 0 | Q66: 0 | R66: 0 | S66: 3.1638333 | T66: 16.287833 | U66: 4.973 | V66: 0 | W66: 0 | X66: 0 | Y66: 0 | Z66: 0 | AA66: 0 | AB66: 0 | AD66: =SUM(E66:AB66) -> 43.571833
B67: PE-VALLEDELOSVIENTOS | E67: 0 | F67: 0 | G67: 0 | H67: 0 | I67: 0 | J67: 0 | K67: 0 | L67: 0 | M67: 1.9756667 | N67: 7.0293333 | O67: 2.6031667 | P67: 0 | Q67: 0 | R67: 0 | S67: 1.5683333 | T67: 23.0985 | U67: 15.534833 | V67: 0 | W67: 0 | X67: 0 | Y67: 0 | Z67: 0 | AA67: 0 | AB67: 0 | AD67: =SUM(E67:AB67) -> 51.809833
B68: PE-CERROTIGRE | E68: 0 | F68: 0 | G68: 0 | H68: 0 | I68: 0 | J68: 0 | K68: 0 | L68: 0 | M68: 0.07 | N68: 0.18 | O68: 0.075 | P68: 0 | Q68: 0 | R68: 0 | S68: 0 | T68: 24.876333 | U68: 24.347333 | V68: 0 | W68: 0 | X68: 0 | Y68: 0 | Z68: 0 | AA68: 0 | AB68: 0 | AD68: =SUM(E68:AB68) -> 49.548667
B69: PE-CALAMA | E69: 0 | F69: 0 | G69: 0 | H69: 0 | I69: 0 | J69: 0 | K69: 0 | L69: 0 | M69: 0.40033333 | N69: 4.6205 | O69: 0.003 | P69: 0 | Q69: 0 | R69: 0 | S69: 12.8315 | T69: 89.052833 | U69: 56.679333 | V69: 0 | W69: 0 | X69: 0 | Y69: 0 | Z69: 0 | AA69: 0 | AB69: 0 | AD69: =SUM(E69:AB69) -> 163.5875
B70: PE-TALTAL | E70: 0 | F70: 0 | G70: 0 | H70: 0 | I70: 0 | J70: 0 | K70: 0 | L70: 0 | M70: 0.82366667 | N70: 6.9965 | O70: 4.4653333 | P70: 0 | Q70: 0 | R70: 0 | S70: 0.672 | T70: 9.5358333 | U70: 8.0043333 | V70: 0 | W70: 0 | X70: 0 | Y70: 0 | Z70: 0 | AA70: 0 | AB70: 0 | AD70: =SUM(E70:AB70) -> 30.497667
B71: PE-SARCO | E71: 0 | F71: 0 | G71: 0 | H71: 0 | I71: 0 | J71: 0 | K71: 0 | L71: 0 | M71: 4.123 | N71: 3.4695 | O71: 1.096 | P71: 0 | Q71: 0 | R71: 0 | S71: 0.60066667 | T71: 6.667 | U71: 0 | V71: 0 | W71: 0 | X71: 0 | Y71: 0 | Z71: 0 | AA71: 0 | AB71: 0 | AD71: =SUM(E71:AB71) -> 15.956167
B72: PE-CABOLEONES-1 | E72: 0 | F72: 0 | G72: 0 | H72: 0 | I72: 0 | J72: 0 | K72: 0 | L72: 0 | M72: 5.5438333 | N72: 3.8113333 | O72: 0 | P72: 0 | Q72: 0 | R72: 0 | S72: 0 | T72: 6.3575 | U72: 0 | V72: 0 | W72: 0 | X72: 0 | Y72: 0 | Z72: 0 | AA72: 0 | AB72: 0 | AD72: =SUM(E72:AB72) -> 15.712667
B73: PE-CABOLEONES-2 | E73: 0 | F73: 0 | G73: 0 | H73: 0 | I73: 0 | J73: 0 | K73: 0 | L73: 0 | M73: 4.9046667 | N73: 8.5671667 | O73: 2.34 | P73: 0 | Q73: 0 | R73: 0 | S73: 0 | T73: 5.5681667 | U73: 0 | V73: 0 | W73: 0 | X73: 0 | Y73: 0 | Z73: 0 | AA73: 0 | AB73: 0 | AD73: =SUM(E73:AB73) -> 21.38
B74: PE-CABOLEONES-3 | E74: 0 | F74: 0 | G74: 0 | H74: 0 | I74: 0 | J74: 0 | K74: 0 | L74: 0 | M74: 2.2271667 | N74: 0.0071666667 | O74: 0 | P74: 0 | Q74: 0 | R74: 0 | S74: 0.22866667 | T74: 5.9851667 | U74: 0 | V74: 0 | W74: 0 | X74: 0 | Y74: 0 | Z74: 0 | AA74: 0 | AB74: 0 | AD74: =SUM(E74:AB74) -> 8.4481667
B75: PE-SANJUAN | E75: 0 | F75: 0 | G75: 0 | H75: 0 | I75: 0 | J75: 0 | K75: 0 | L75: 0 | M75: 4.0045 | N75: 0 | O75: 0 | P75: 0 | Q75: 0 | R75: 0 | S75: 2.0596667 | T75: 8.4686667 | U75: 0.56283333 | V75: 0 | W75: 0 | X75: 0 | Y75: 0 | Z75: 0 | AA75: 0 | AB75: 0 | AD75: =SUM(E75:AB75) -> 15.095667
B76: PE-PUNTACOLORADA | E76: 0 | F76: 0 | G76: 0 | H76: 0 | I76: 0 | J76: 0 | K76: 0 | L76: 0 | M76: 0 | N76: 0 | O76: 0 | P76: 0 | Q76: 0 | R76: 0 | S76: 0 | T76: 0 | U76: 0 | V76: 0 | W76: 0 | X76: 0 | Y76: 0 | Z76: 0 | AA76: 0 | AB76: 0 | AD76: =SUM(E76:AB76) -> 0
... B115: PE-KALLPA | E115: 0 | F115: 0 | G115: 0 | H115: 0 | I115: 0 | J115: 0 | K115: 0 | L115: 0 | M115: 9.0788333 | N115: 0 | O115: 0 | P115: 0 | Q115: 0 | R115: 0 | S115: 0 | T115: 2.9736667 | U115: 11.351333 | V115: 0 | W115: 0 | X115: 0 | Y115: 0 | Z115: 0 | AA115: 0 | AB115: 0 | AD115: =SUM(E115:AB115) -> 23.403833
B116: Total | E116: =SUM(E65:E115) -> 0 | F116: =SUM(F65:F115) -> 0 | G116: =SUM(G65:G115) -> 0 | H116: =SUM(H65:H115) -> 0 | I116: =SUM(I65:I115) -> 0 | J116: =SUM(J65:J115) -> 0 | K116: =SUM(K65:K115) -> 0 | L116: =SUM(L65:L115) -> 0 | ... AB116: =SUM(AB65:AB115) -> 0 | AC116: =SUM(AC65:AE115) -> 964.86658
B119: ='Resumen-Mensual'!$G$26 -> 45780
B121: Central/Hora | E121: 1 | F121: 2 | G121: 3 | H121: 4 | I121: 5 | J121: 6 | K121: 7 | L121: 8 | M121: 9 | N121: 10 | O121: 11 | P121: 12 | Q121: 13 | R121: 14 | S121: 15 | T121: 16 | U121: 17 | V121: 18 | W121: 19 | X121: 20 | Y121: 21 | Z121: 22 | AA121: 23 | AB121: 24 | AC121: Total
B122: PE-TCHAMMA | E122: 0 | F122: 0 | G122: 0 | H122: 0 | I122: 0 | J122: 0 | K122: 0 | L122: 0 | M122: 28.262167 | N122: 20.574667 | O122: 0.9485 | P122: 0 | Q122: 0 | R122: 0 | S122: 1.1615 | T122: 8.9341667 | U122: 6.5056667 | V122: 0 | W122: 0 | X122: 0 | Y122: 0 | Z122: 0 | AA122: 0 | AB122: 0 | AD122: =SUM(E122:AB122) -> 66.386667
B123: PE-SIERRAGORDA | E123: 0 | F123: 0 | G123: 0 | H123: 0 | I123: 0 | J123: 0 | K123: 0 | L123: 0 | M123: 0 | N123: 0.47016667 | O123: 0.0915 | P123: 0 | Q123: 0 | R123: 0 | S123: 2.7906667 | T123: 12.837167 | U123: 9.7238333 | V123: 0 | W123: 0 | X123: 0 | Y123: 0 | Z123: 0 | AA123: 0 | AB123: 0 | AD123: =SUM(E123:AB123) -> 25.913333
B124: PE-VALLEDELOSVIENTOS | E124: 0 | F124: 0 | G124: 0 | H124: 0 | I124: 0 | J124: 0 | K124: 0 | L124: 0 | M124: 0 | N124: 0.274 | O124: 0.75116667 | P124: 0 | Q124: 0 | R124: 0 | S124: 4.8176667 | T124: 11.766 | U124: 8.2465 | V124: 0 | W124: 0 | X124: 0 | Y124: 0 | Z124: 0 | AA124: 0 | AB124: 0 | AD124: =SUM(E124:AB124) -> 25.855333
B125: PE-CERROTIGRE | E125: 0 | F125: 0 | G125: 0 | H125: 0 | I125: 0 | J125: 0 | K125: 0 | L125: 0 | M125: 0.68233333 | N125: 0.09 | O125: 0.024 | P125: 0 | Q125: 0 | R125: 0 | S125: 4.2415 | T125: 19.363833 | U125: 13.7455 | V125: 0 | W125: 0 | X125: 0 | Y125: 0 | Z125: 0 | AA125: 0 | AB125: 0 | AD125: =SUM(E125:AB125) -> 38.147167
B126: PE-CALAMA | E126: 0 | F126: 0 | G126: 0 | H126: 0 | I126: 0 | J126: 0 | K126: 0 | L126: 0 | M126: 0 | N126: 0.766 | O126: 0.022166667 | P126: 0 | Q126: 0 | R126: 10.031833 | S126: 73.227167 | T126: 37.008833 | U126: 25.441667 | V126: 0 | W126: 0 | X126: 0 | Y126: 0 | Z126: 0 | AA126: 0 | AB126: 0 | AD126: =SUM(E126:AB126) -> 146.49767
B127: PE-TALTAL | E127: 0 | F127: 0 | G127: 0 | H127: 0 | I127: 0 | J127: 0 | K127: 0 | L127: 0 | M127: 0 | N127: 0 | O127: 0 | P127: 0 | Q127: 0 | R127: 1.0291667 | S127: 16.4365 | T127: 19.368833 | U127: 7.004 | V127: 0 | W127: 0 | X127: 0 | Y127: 0 | Z127: 0 | AA127: 0 | AB127: 0 | AD127: =SUM(E127:AB127) -> 43.8385
B128: PE-SARCO | E128: 0 | F128: 0 | G128: 0 | H128: 0 | I128: 0 | J128: 0 | K128: 0 | L128: 0 | M128: 1.5071667 | N128: 1.5766667 | O128: 0.44116667 | P128: 0 | Q128: 0 | R128: 0 | S128: 0 | T128: 4.8268333 | U128: 8.7668333 | V128: 0 | W128: 0 | X128: 0 | Y128: 0 | Z128: 0 | AA128: 0 | AB128: 0 | AD128: =SUM(E128:AB128) -> 17.118667
B129: PE-CABOLEONES-1 | E129: 0 | F129: 0 | G129: 0 | H129: 0 | I129: 0 | J129: 0 | K129: 0 | L129: 0 | M129: 1.8003333 | N129: 1.6508333 | O129: 0.58866667 | P129: 0 | Q129: 0 | R129: 0 | S129: 0 | T129: 0.534 | U129: 0.4865 | V129: 0 | W129: 0 | X129: 0 | Y129: 0 | Z129: 0 | AA129: 0 | AB129: 0 | AD129: =SUM(E129:AB129) -> 5.0603333
B130: PE-CABOLEONES-2 | E130: 0 | F130: 0 | G130: 0 | H130: 0 | I130: 0 | J130: 0 | K130: 0 | L130: 0 | M130: 2.9416667 | N130: 2.96 | O130: 1.3791667 | P130: 0 | Q130: 0 | R130: 0 | S130: 0 | T130: 0.985 | U130: 0.26066667 | V130: 0 | W130: 0 | X130: 0 | Y130: 0 | Z130: 0 | AA130: 0 | AB130: 0 | AD130: =SUM(E130:AB130) -> 8.5265
B131: PE-CABOLEONES-3 | E131: 0 | F131: 0 | G131: 0 | H131: 0 | I131: 0 | J131: 0 | K131: 0 | L131: 0 | M131: 4.8006667 | N131: 4.747 | O131: 2.4745 | P131: 0 | Q131: 0 | R131: 0 | S131: 0 | T131: 3.6195 | U131: 9.5545 | V131: 0 | W131: 0 | X131: 0 | Y131: 0 | Z131: 0 | AA131: 0 | AB131: 0 | AD131: =SUM(E131:AB131) -> 25.196167
B132: PE-SANJUAN | E132: 0 | F132: 0 | G132: 0 | H132: 0 | I132: 0 | J132: 0 | K132: 0 | L132: 0 | M132: 0.001 | N132: 0.0041666667 | O132: 0.0091666667 | P132: 0 | Q132: 0 | R132: 0 | S132: 0 | T132: 0 | U132: 0 | V132: 0 | W132: 0 | X132: 0 | Y132: 0 | Z132: 0 | AA132: 0 | AB132: 0 | AD132: =SUM(E132:AB132) -> 0.014333333
B133: PE-PUNTACOLORADA | E133: 0 | F133: 0 | G133: 0 | H133: 0 | I133: 0 | J133: 0 | K133: 0 | L133: 0 | M133: 0 | N133: 0 | O133: 0 | P133: 0 | Q133: 0 | R133: 0 | S133: 0 | T133: 0 | U133: 0 | V133: 0 | W133: 0 | X133: 0 | Y133: 0 | Z133: 0 | AA133: 0 | AB133: 0 | AD133: =SUM(E133:AB133) -> 0
... B172: PE-KALLPA | E172: 0 | F172: 0 | G172: 0 | H172: 0 | I172: 0 | J172: 0 | K172: 0 | L172: 0 | M172: 6.5463333 | N172: 6.7523333 | O172: 7.533 | P172: 13.096167 | Q172: 29.537167 | R172: 54.3685 | S172: 75.1745 | T172: 77.3445 | U172: 47.881 | V172: 0 | W172: 0 | X172: 0 | Y172: 0 | Z172: 0 | AA172: 0 | AB172: 0 | AD172: =SUM(E172:AB172) -> 318.2335
B173: Total | E173: =SUM(E122:E172) -> 0 | F173: =SUM(F122:F172) -> 0 | G173: =SUM(G122:G172) -> 0 | H173: =SUM(H122:H172) -> 0 | I173: =SUM(I122:I172) -> 0.042833333 | J173: =SUM(J122:J172) -> 2.5916667 | K173: =SUM(K122:K172) -> 1.803 | L173: =SUM(L122:L172) -> 0 | ... AB173: =SUM(AB122:AB172) -> 0 | AC173: =SUM(AC122:AE172) -> 1713.2131
B176: ='Resumen-Mensual'!$H$26 -> 45781
B178: Central/Hora | E178: 1 | F178: 2 | G178: 3 | H178: 4 | I178: 5 | J178: 6 | K178: 7 | L178: 8 | M178: 9 | N178: 10 | O178: 11 | P178: 12 | Q178: 13 | R178: 14 | S178: 15 | T178: 16 | U178: 17 | V178: 18 | W178: 19 | X178: 20 | Y178: 21 | Z178: 22 | AA178: 23 | AB178: 24 | AC178: Total
B179: PE-TCHAMMA | E179: 0 | F179: 0 | G179: 0 | H179: 0 | I179: 0 | J179: 0 | K179: 0 | L179: 0 | M179: 25.294667 | N179: 19.923333 | O179: 7.8028333 | P179: 0 | Q179: 0 | R179: 0 | S179: 1.4028333 | T179: 4.6465 | U179: 2.9303333 | V179: 0 | W179: 0 | X179: 0 | Y179: 0 | Z179: 0 | AA179: 0 | AB179: 0 | AD179: =SUM(E179:AB179) -> 62.0005
B180: PE-SIERRAGORDA | E180: 0 | F180: 0 | G180: 0 | H180: 0 | I180: 0 | J180: 0 | K180: 0 | L180: 0 | M180: 13.205333 | N180: 33.124333 | O180: 9.1408333 | P180: 0 | Q180: 0 | R180: 0 | S180: 0 | T180: 0 | U180: 0.86583333 | V180: 0 | W180: 0 | X180: 0 | Y180: 0 | Z180: 0 | AA180: 0 | AB180: 0 | AD180: =SUM(E180:AB180) -> 56.336333
B181: PE-VALLEDELOSVIENTOS | E181: 0 | F181: 0 | G181: 0 | H181: 0 | I181: 0 | J181: 0 | K181: 0 | L181: 0 | M181: 0 | N181: 0.74966667 | O181: 0.24566667 | P181: 0 | Q181: 0 | R181: 0 | S181: 0 | T181: 0.69983333 | U181: 3.3011667 | V181: 0 | W181: 0 | X181: 0 | Y181: 0 | Z181: 0 | AA181: 0 | AB181: 0 | AD181: =SUM(E181:AB181) -> 4.9963333
B182: PE-CERROTIGRE | E182: 0 | F182: 0 | G182: 0 | H182: 0 | I182: 0 | J182: 0 | K182: 0 | L182: 0 | M182: 0.378 | N182: 0.16 | O182: 0 | P182: 0 | Q182: 0 | R182: 0 | S182: 0.019 | T182: 1.214 | U182: 25.007333 | V182: 0 | W182: 0 | X182: 0 | Y182: 0 | Z182: 0 | AA182: 0 | AB182: 0 | AD182: =SUM(E182:AB182) -> 26.778333
B183: PE-CALAMA | E183: 0 | F183: 0 | G183: 0 | H183: 0 | I183: 0 | J183: 0 | K183: 0 | L183: 0 | M183: 1.5456667 | N183: 0 | O183: 0 | P183: 0 | Q183: 0 | R183: 0 | S183: 1.7621667 | T183: 22.9995 | U183: 24.925 | V183: 0 | W183: 0 | X183: 0 | Y183: 0 | Z183: 0 | AA183: 0 | AB183: 0 | AD183: =SUM(E183:AB183) -> 51.232333
B184: PE-TALTAL | E184: 0 | F184: 0 | G184: 0 | H184: 0 | I184: 0 | J184: 0 | K184: 0 | L184: 0 | M184: 2.8551667 | N184: 8.7138333 | O184: 9.3458333 | P184: 0 | Q184: 0 | R184: 0 | S184: 2.02 | T184: 3.9258333 | U184: 4.0366667 | V184: 0 | W184: 0 | X184: 0 | Y184: 0 | Z184: 0 | AA184: 0 | AB184: 0 | AD184: =SUM(E184:AB184) -> 30.897333
B185: PE-SARCO | E185: 0 | F185: 0 | G185: 0 | H185: 0 | I185: 0 | J185: 0 | K185: 0 | L185: 0 | M185: 0.4325 | N185: 0.12733333 | O185: 0 | P185: 0 | Q185: 0 | R185: 0 | S185: 0.863 | T185: 5.7683333 | U185: 9.8566667 | V185: 0 | W185: 0 | X185: 0 | Y185: 0 | Z185: 0 | AA185: 0 | AB185: 0 | AD185: =SUM(E185:AB185) -> 17.047833
B186: PE-CABOLEONES-1 | E186: 0 | F186: 0 | G186: 0 | H186: 0 | I186: 0 | J186: 0 | K186: 0 | L186: 0 | M186: 0 | N186: 0.71333333 | O186: 0.0545 | P186: 0 | Q186: 0 | R186: 0 | S186: 0.0895 | T186: 2.6393333 | U186: 2.6206667 | V186: 0 | W186: 0 | X186: 0 | Y186: 0 | Z186: 0 | AA186: 0 | AB186: 0 | AD186: =SUM(E186:AB186) -> 6.1173333
B187: PE-CABOLEONES-2 | E187: 0 | F187: 0 | G187: 0 | H187: 0 | I187: 0 | J187: 0 | K187: 0 | L187: 0 | M187: 0.31466667 | N187: 0 | O187: 0 | P187: 0 | Q187: 0 | R187: 0 | S187: 0 | T187: 0.5595 | U187: 0 | V187: 0 | W187: 0 | X187: 0 | Y187: 0 | Z187: 0 | AA187: 0 | AB187: 0 | AD187: =SUM(E187:AB187) -> 0.87416667
B188: PE-CABOLEONES-3 | E188: 0 | F188: 0 | G188: 0 | H188: 0 | I188: 0 | J188: 0 | K188: 0 | L188: 0 | M188: 2.882 | N188: 2.0496667 | O188: 0.18883333 | P188: 0 | Q188: 0 | R188: 0 | S188: 0.4165 | T188: 8.7581667 | U188: 11.824667 | V188: 0 | W188: 0 | X188: 0 | Y188: 0 | Z188: 0 | AA188: 0 | AB188: 0 | AD188: =SUM(E188:AB188) -> 26.119833
B189: PE-SANJUAN | E189: 0 | F189: 0 | G189: 0 | H189: 0 | I189: 0 | J189: 0 | K189: 0 | L189: 0 | M189: 0.047666667 | N189: 0.133 | O189: 0 | P189: 0 | Q189: 0 | R189: 0 | S189: 1.3216667 | T189: 8.5768333 | U189: 10.309 | V189: 0 | W189: 0 | X189: 0 | Y189: 0 | Z189: 0 | AA189: 0 | AB189: 0 | AD189: =SUM(E189:AB189) -> 20.388167
B190: PE-PUNTACOLORADA | E190: 0 | F190: 0 | G190: 0 | H190: 0 | I190: 0 | J190: 0 | K190: 0 | L190: 0 | M190: 0 | N190: 0 | O190: 0 | P190: 0 | Q190: 0 | R190: 0 | S190: 0 | T190: 0 | U190: 0 | V190: 0 | W190: 0 | X190: 0 | Y190: 0 | Z190: 0 | AA190: 0 | AB190: 0 | AD190: =SUM(E190:AB190) -> 0
... B229: PE-KALLPA | E229: 0 | F229: 0 | G229: 0 | H229: 0 | I229: 0 | J229: 0 | K229: 0 | L229: 0 | M229: 53.1865 | N229: 73.4155 | O229: 60.533 | P229: 0 | Q229: 0 | R229: 0 | S229: 5.7961667 | T229: 17.167333 | U229: 22.930333 | V229: 0 | W229: 0 | X229: 0 | Y229: 0 | Z229: 0 | AA229: 0 | AB229: 0 | AD229: =SUM(E229:AB229) -> 233.02883
B230: Total | E230: =SUM(E179:E229) -> 0 | F230: =SUM(F179:F229) -> 0 | G230: =SUM(G179:G229) -> 0 | H230: =SUM(H179:H229) -> 0 | I230: =SUM(I179:I229) -> 0 | J230: =SUM(J179:J229) -> 0 | K230: =SUM(K179:K229) -> 0 | L230: =SUM(L179:L229) -> 2.1218333 | ... AB230: =SUM(AB179:AB229) -> 0 | AC230: =SUM(AC179:AE229) -> 1831.6015
B233: ='Resumen-Mensual'!$I$26 -> 45782
B235: Central/Hora | E235: 1 | F235: 2 | G235: 3 | H235: 4 | I235: 5 | J235: 6 | K235: 7 | L235: 8 | M235: 9 | N235: 10 | O235: 11 | P235: 12 | Q235: 13 | R235: 14 | S235: 15 | T235: 16 | U235: 17 | V235: 18 | W235: 19 | X235: 20 | Y235: 21 | Z235: 22 | AA235: 23 | AB235: 24 | AC235: Total
B236: PE-TCHAMMA | E236: 0 | F236: 0 | G236: 0 | H236: 0 | I236: 0 | J236: 0 | K236: 0 | L236: 0 | M236: 0 | N236: 0 | O236: 0 | P236: 0 | Q236: 0 | R236: 0 | S236: 0 | T236: 0 | U236: 0 | V236: 0 | W236: 0 | X236: 0 | Y236: 0 | Z236: 0 | AA236: 0 | AB236: 0 | AD236: =SUM(E236:AB236) -> 0
B237: PE-SIERRAGORDA | E237: 0 | F237: 0 | G237: 0 | H237: 0 | I237: 0 | J237: 0 | K237: 0 | L237: 0 | M237: 0 | N237: 0 | O237: 0 | P237: 0 | Q237: 0 | R237: 0 | S237: 0 | T237: 0 | U237: 0 | V237: 0 | W237: 0 | X237: 0 | Y237: 0 | Z237: 0 | AA237: 0 | AB237: 0 | AD237: =SUM(E237:AB237) -> 0
B238: PE-VALLEDELOSVIENTOS | E238: 0 | F238: 0 | G238: 0 | H238: 0 | I238: 0 | J238: 0 | K238: 0 | L238: 0 | M238: 0 | N238: 0 | O238: 0 | P238: 0 | Q238: 0 | R238: 0 | S238: 0 | T238: 0 | U238: 0 | V238: 0 | W238: 0 | X238: 0 | Y238: 0 | Z238: 0 | AA238: 0 | AB238: 0 | AD238: =SUM(E238:AB238) -> 0
B239: PE-CERROTIGRE | E239: 0 | F239: 0 | G239: 0 | H239: 0 | I239: 0 | J239: 0 | K239: 0 | L239: 0 | M239: 0 | N239: 0 | O239: 0 | P239: 0 | Q239: 0 | R239: 0 | S239: 0 | T239: 0 | U239: 0 | V239: 0 | W239: 0 | X239: 0 | Y239: 0 | Z239: 0 | AA239: 0 | AB239: 0 | AD239: =SUM(E239:AB239) -> 0
B240: PE-CALAMA | E240: 0 | F240: 0 | G240: 0 | H240: 0 | I240: 0 | J240: 0 | K240: 0 | L240: 0 | M240: 0 | N240: 0 | O240: 0 | P240: 0 | Q240: 0 | R240: 0 | S240: 0 | T240: 0 | U240: 0 | V240: 0 | W240: 0 | X240: 0 | Y240: 0 | Z240: 0 | AA240: 0 | AB240: 0 | AD240: =SUM(E240:AB240) -> 0
B241: PE-TALTAL | E241: 0 | F241: 0 | G241: 0 | H241: 0 | I241: 0 | J241: 0 | K241: 0 | L241: 0 | M241: 0 | N241: 0 | O241: 0.0895 | P241: 0 | Q241: 0 | R241: 1.3153333 | S241: 1.2371667 | T241: 0 | U241: 0 | V241: 0 | W241: 0 | X241: 0 | Y241: 0 | Z241: 0 | AA241: 0 | AB241: 0 | AD241: =SUM(E241:AB241) -> 2.642
B242: PE-SARCO | E242: 0 | F242: 0 | G242: 0 | H242: 0 | I242: 0 | J242: 0 | K242: 0 | L242: 0 | M242: 0 | N242: 0 | O242: 0 | P242: 0 | Q242: 0 | R242: 0 | S242: 0 | T242: 0 | U242: 0 | V242: 0 | W242: 0 | X242: 0 | Y242: 0 | Z242: 0 | AA242: 0 | AB242: 0 | AD242: =SUM(E242:AB242) -> 0
B243: PE-CABOLEONES-1 | E243: 0 | F243: 0 | G243: 0 | H243: 0 | I243: 0 | J243: 0 | K243: 0 | L243: 0 | M243: 0 | N243: 0 | O243: 0 | P243: 0 | Q243: 0 | R243: 0 | S243: 0 | T243: 0 | U243: 0 | V243: 0 | W243: 0 | X243: 0 | Y243: 0 | Z243: 0 | AA243: 0 | AB243: 0 | AD243: =SUM(E243:AB243) -> 0
B244: PE-CABOLEONES-2 | E244: 0 | F244: 0 | G244: 0 | H244: 0 | I244: 0 | J244: 0 | K244: 0 | L244: 0 | M244: 0 | N244: 0 | O244: 0 | P244: 0 | Q244: 0 | R244: 0 | S244: 0 | T244: 0 | U244: 0 | V244: 0 | W244: 0 | X244: 0 | Y244: 0 | Z244: 0 | AA244: 0 | AB244: 0 | AD244: =SUM(E244:AB244) -> 0
B245: PE-CABOLEONES-3 | E245: 0 | F245: 0 | G245: 0 | H245: 0 | I245: 0 | J245: 0 | K245: 0 | L245: 0 | M245: 0 | N245: 0 | O245: 0 | P245: 0 | Q245: 0 | R245: 0 | S245: 0 | T245: 0 | U245: 0 | V245: 0 | W245: 0 | X245: 0 | Y245: 0 | Z245: 0 | AA245: 0 | AB245: 0 | AD245: =SUM(E245:AB245) -> 0
B246: PE-SANJUAN | E246: 0 | F246: 0 | G246: 0 | H246: 0 | I246: 0 | J246: 0 | K246: 0 | L246: 0 | M246: 0 | N246: 0 | O246: 0 | P246: 0 | Q246: 0 | R246: 0 | S246: 0 | T246: 0 | U246: 0 | V246: 0 | W246: 0 | X246: 0 | Y246: 0 | Z246: 0 | AA246: 0 | AB246: 0 | AD246: =SUM(E246:AB246) -> 0
B247: PE-PUNTACOLORADA | E247: 0 | F247: 0 | G247: 0 | H247: 0 | I247: 0 | J247: 0 | K247: 0 | L247: 0 | M247: 0 | N247: 0 | O247: 0 | P247: 0 | Q247: 0 | R247: 0 | S247: 0 | T247: 0 | U247: 0 | V247: 0 | W247: 0 | X247: 0 | Y247: 0 | Z247: 0 | AA247: 0 | AB247: 0 | AD247: =SUM(E247:AB247) -> 0
... B286: PE-KALLPA | E286: 0 | F286: 0 | G286: 0 | H286: 0 | I286: 0 | J286: 0 | K286: 0 | L286: 0 | M286: 0 | N286: 0 | O286: 0 | P286: 0 | Q286: 0 | R286: 0 | S286: 0 | T286: 0 | U286: 0 | V286: 0 | W286: 0 | X286: 0 | Y286: 0 | Z286: 0 | AA286: 0 | AB286: 0 | AD286: =SUM(E286:AB286) -> 0
B287: Total | E287: =SUM(E236:E286) -> 0 | F287: =SUM(F236:F286) -> 0 | G287: =SUM(G236:G286) -> 0 | H287: =SUM(H236:H286) -> 0 | I287: =SUM(I236:I286) -> 0 | J287: =SUM(J236:J286) -> 0 | K287: =SUM(K236:K286) -> 0 | L287: =SUM(L236:L286) -> 0 | ... AB287: =SUM(AB236:AB286) -> 0 | AC287: =SUM(AC236:AE286) -> 2.642
B290: ='Resumen-Mensual'!$J$26 -> 45783
B292: Central/Hora | E292: 1 | F292: 2 | G292: 3 | H292: 4 | I292: 5 | J292: 6 | K292: 7 | L292: 8 | M292: 9 | N292: 10 | O292: 11 | P292: 12 | Q292: 13 | R292: 14 | S292: 15 | T292: 16 | U292: 17 | V292: 18 | W292: 19 | X292: 20 | Y292: 21 | Z292: 22 | AA292: 23 | AB292: 24 | AC292: Total
B293: PE-TCHAMMA | E293: 0 | F293: 0 | G293: 0 | H293: 0 | I293: 0 | J293: 0 | K293: 0 | L293: 0 | M293: 0 | N293: 0 | O293: 0 | P293: 0 | Q293: 0 | R293: 7.7035 | S293: 19.6255 | T293: 25.610667 | U293: 18.508333 | V293: 0.56083333 | W293: 0 | X293: 0 | Y293: 0 | Z293: 0 | AA293: 0 | AB293: 0 | AD293: =SUM(E293:AB293) -> 72.008833
B294: PE-SIERRAGORDA | E294: 0 | F294: 0 | G294: 0 | H294: 0 | I294: 0 | J294: 0 | K294: 0 | L294: 0 | M294: 0 | N294: 0 | O294: 0 | P294: 0 | Q294: 0 | R294: 6.2341667 | S294: 17.138167 | T294: 20.713667 | U294: 20.404 | V294: 0.68033333 | W294: 0 | X294: 0 | Y294: 0 | Z294: 0 | AA294: 0 | AB294: 0 | AD294: =SUM(E294:AB294) -> 65.170333
B295: PE-VALLEDELOSVIENTOS | E295: 0 | F295: 0 | G295: 0 | H295: 0 | I295: 0 | J295: 0 | K295: 0 | L295: 0 | M295: 0 | N295: 0 | O295: 0 | P295: 0 | Q295: 0 | R295: 10.403667 | S295: 34.595667 | T295: 38.905333 | U295: 35.006833 | V295: 0.78933333 | W295: 0 | X295: 0 | Y295: 0 | Z295: 0 | AA295: 0 | AB295: 0 | AD295: =SUM(E295:AB295) -> 119.70083
B296: PE-CERROTIGRE | E296: 0 | F296: 0 | G296: 0 | H296: 0 | I296: 0 | J296: 0 | K296: 0 | L296: 0 | M296: 0 | N296: 0 | O296: 0 | P296: 0 | Q296: 0 | R296: 2.5296667 | S296: 5.646 | T296: 17.079167 | U296: 34.499167 | V296: 1.4378333 | W296: 0 | X296: 0 | Y296: 0 | Z296: 0 | AA296: 0 | AB296: 0 | AD296: =SUM(E296:AB296) -> 61.191833
B297: PE-CALAMA | E297: 0 | F297: 0 | G297: 0 | H297: 0 | I297: 0 | J297: 0 | K297: 0 | L297: 0 | M297: 0 | N297: 0 | O297: 0 | P297: 0 | Q297: 0 | R297: 24.191667 | S297: 74.647167 | T297: 86.783833 | U297: 90.160167 | V297: 2.6326667 | W297: 0 | X297: 0 | Y297: 0 | Z297: 0 | AA297: 0 | AB297: 0 | AD297: =SUM(E297:AB297) -> 278.4155
B298: PE-TALTAL | E298: 0 | F298: 0 | G298: 0 | H298: 0 | I298: 0 | J298: 0 | K298: 0 | L298: 0 | M298: 0 | N298: 0 | O298: 0 | P298: 0 | Q298: 0 | R298: 7.4541667 | S298: 18.444667 | T298: 9.6975 | U298: 0.96 | V298: 0 | W298: 0 | X298: 0 | Y298: 0 | Z298: 0 | AA298: 0 | AB298: 0 | AD298: =SUM(E298:AB298) -> 36.556333
B299: PE-SARCO | E299: 0 | F299: 0 | G299: 0 | H299: 0 | I299: 0 | J299: 0 | K299: 0 | L299: 0 | M299: 0 | N299: 0 | O299: 0 | P299: 0 | Q299: 0 | R299: 0 | S299: 0 | T299: 0 | U299: 0 | V299: 0.65633333 | W299: 0 | X299: 0 | Y299: 0 | Z299: 0 | AA299: 0 | AB299: 0 | AD299: =SUM(E299:AB299) -> 0.65633333
B300: PE-CABOLEONES-1 | E300: 0 | F300: 0 | G300: 0 | H300: 0 | I300: 0 | J300: 0 | K300: 0 | L300: 0 | M300: 0 | N300: 0 | O300: 0 | P300: 0 | Q300: 0 | R300: 0 | S300: 0 | T300: 0 | U300: 0 | V300: 0 | W300: 0 | X300: 0 | Y300: 0 | Z300: 0 | AA300: 0 | AB300: 0 | AD300: =SUM(E300:AB300) -> 0
B301: PE-CABOLEONES-2 | E301: 0 | F301: 0 | G301: 0 | H301: 0 | I301: 0 | J301: 0 | K301: 0 | L301: 0 | M301: 0 | N301: 0 | O301: 0 | P301: 0 | Q301: 0 | R301: 0 | S301: 0 | T301: 0 | U301: 0 | V301: 0 | W301: 0 | X301: 0 | Y301: 0 | Z301: 0 | AA301: 0 | AB301: 0 | AD301: =SUM(E301:AB301) -> 0
B302: PE-CABOLEONES-3 | E302: 0 | F302: 0 | G302: 0 | H302: 0 | I302: 0 | J302: 0 | K302: 0 | L302: 0 | M302: 0 | N302: 0 | O302: 0 | P302: 0 | Q302: 0 | R302: 0 | S302: 0 | T302: 0 | U302: 0 | V302: 0 | W302: 0 | X302: 0 | Y302: 0 | Z302: 0 | AA302: 0 | AB302: 0 | AD302: =SUM(E302:AB302) -> 0
B303: PE-SANJUAN | E303: 0 | F303: 0 | G303: 0 | H303: 0 | I303: 0 | J303: 0 | K303: 0 | L303: 0 | M303: 0 | N303: 0 | O303: 0 | P303: 0 | Q303: 0 | R303: 0 | S303: 1.9763333 | T303: 0 | U303: 0 | V303: 0 | W303: 0 | X303: 0 | Y303: 0 | Z303: 0 | AA303: 0 | AB303: 0 | AD303: =SUM(E303:AB303) -> 1.9763333
B304: PE-PUNTACOLORADA | E304: 0 | F304: 0 | G304: 0 | H304: 0 | I304: 0 | J304: 0 | K304: 0 | L304: 0 | M304: 0 | N304: 0 | O304: 0 | P304: 0 | Q304: 0 | R304: 0 | S304: 0 | T304: 0 | U304: 0 | V304: 0 | W304: 0 | X304: 0 | Y304: 0 | Z304: 0 | AA304: 0 | AB304: 0 | AD304: =SUM(E304:AB304) -> 0
... B343: PE-KALLPA | E343: 0 | F343: 0 | G343: 0 | H343: 0 | I343: 0 | J343: 0 | K343: 0 | L343: 0 | M343: 0 | N343: 0 | O343: 0 | P343: 0 | Q343: 0 | R343: 0 | S343: 0 | T343: 0 | U343: 0 | V343: 0 | W343: 0 | X343: 0 | Y343: 0 | Z343: 0 | AA343: 0 | AB343: 0 | AD343: =SUM(E343:AB343) -> 0
B344: Total | E344: =SUM(E293:E343) -> 0 | F344: =SUM(F293:F343) -> 0 | G344: =SUM(G293:G343) -> 0 | H344: =SUM(H293:H343) -> 0 | I344: =SUM(I293:I343) -> 0 | J344: =SUM(J293:J343) -> 0 | K344: =SUM(K293:K343) -> 0 | L344: =SUM(L293:L343) -> 0 | ... AB344: =SUM(AB293:AB343) -> 0 | AC344: =SUM(AC293:AE343) -> 1135.2818
B347: ='Resumen-Mensual'!$K$26 -> 45784
B349: Central/Hora | E349: 1 | F349: 2 | G349: 3 | H349: 4 | I349: 5 | J349: 6 | K349: 7 | L349: 8 | M349: 9 | N349: 10 | O349: 11 | P349: 12 | Q349: 13 | R349: 14 | S349: 15 | T349: 16 | U349: 17 | V349: 18 | W349: 19 | X349: 20 | Y349: 21 | Z349: 22 | AA349: 23 | AB349: 24 | AC349: Total
B350: PE-TCHAMMA | E350: 0 | F350: 0 | G350: 0 | H350: 0 | I350: 0 | J350: 0 | K350: 0 | L350: 0 | M350: 0 | N350: 0 | O350: 0 | P350: 0 | Q350: 0.6575 | R350: 20.375 | S350: 20.36 | T350: 22.869167 | U350: 11.820333 | V350: 0 | W350: 0 | X350: 0 | Y350: 0 | Z350: 0 | AA350: 0 | AB350: 0 | AD350: =SUM(E350:AB350) -> 76.082
...

Sheet Resumen-DiarioHorario-Solar
B2: CURTAILMENTS SOLAR POR CENTRALES EN FORMA DIARIA/HORARIA
B5: ='Resumen-Mensual'!$E$26 -> 45778
B7: Central/Hora | E7: 1 | F7: 2 | G7: 3 | H7: 4 | I7: 5 | J7: 6 | K7: 7 | L7: 8 | M7: 9 | N7: 10 | O7: 11 | P7: 12 | Q7: 13 | R7: 14 | S7: 15 | T7: 16 | U7: 17 | V7: 18 | W7: 19 | X7: 20 | Y7: 21 | Z7: 22 | AA7: 23 | AB7: 24 | AC7: Total
B8: PFV-POZOALMONTE-2 | E8: 0 | F8: 0 | G8: 0 | H8: 0 | I8: 0 | J8: 0 | K8: 0 | L8: 0 | M8: 0.37166667 | N8: 0.39633333 | O8: 0.43283333 | P8: 0.44116667 | Q8: 0.6075 | R8: 0.435 | S8: 0.473 | T8: 0.95083333 | U8: 0 | V8: 0 | W8: 0 | X8: 0 | Y8: 0 | Z8: 0 | AA8: 0 | AB8: 0 | AD8: =SUM(E8:AB8) -> 4.1083333
B9: PFV-POZOALMONTE-3 | E9: 0 | F9: 0 | G9: 0 | H9: 0 | I9: 0 | J9: 0 | K9: 0 | L9: 0 | M9: 0.033833333 | N9: 0 | O9: 0 | P9: 0 | Q9: 0 | R9: 0 | S9: 0 | T9: 0 | U9: 0 | V9: 0 | W9: 0 | X9: 0 | Y9: 0 | Z9: 0 | AA9: 0 | AB9: 0 | AD9: =SUM(E9:AB9) -> 0.033833333
B10: PFV-LAHUAYCA-2 | E10: 0 | F10: 0 | G10: 0 | H10: 0 | I10: 0 | J10: 0 | K10: 0 | L10: 0 | M10: 3.2011667 | N10: 5.124 | O10: 4.68 | P10: 5.99 | Q10: 7.1641667 | R10: 7.0446667 | S10: 7.3068333 | T10: 7.468 | U10: 0.274 | V10: 0 | W10: 0 | X10: 0 | Y10: 0 | Z10: 0 | AA10: 0 | AB10: 0 | AD10: =SUM(E10:AB10) -> 48.252833
B11: PFV-SANTAISABEL | E11: 0 | F11: 0 | G11: 0 | H11: 0 | I11: 0 | J11: 0 | K11: 0 | L11: 0 | M11: 24.026667 | N11: 42.0605 | O11: 29.066333 | P11: 31.641333 | Q11: 39.778333 | R11: 40.031833 | S11: 28.343167 | T11: 24.747 | U11: 4.1035 | V11: 0 | W11: 0 | X11: 0 | Y11: 0 | Z11: 0 | AA11: 0 | AB11: 0 | AD11: =SUM(E11:AB11) -> 263.79867
B12: PFV-HUATACONDO | E12: 0 | F12: 0 | G12: 0 | H12: 0 | I12: 0 | J12: 0 | K12: 0 | L12: 0 | M12: 0 | N12: 0 | O12: 0 | P12: 0 | Q12: 0 | R12: 0 | S12: 0 | T12: 0 | U12: 0 | V12: 0 | W12: 0 | X12: 0 | Y12: 0 | Z12: 0 | AA12: 0 | AB12: 0 | AD12: =SUM(E12:AB12) -> 0
B13: PFV-ATACAMASOLAR-2 | E13: 0 | F13: 0 | G13: 0 | H13: 0 | I13: 0 | J13: 0 | K13: 0 | L13: 0 | M13: 3.6351667 | N13: 4.3651667 | O13: 7.412 | P13: 1.8991667 | Q13: 19.221333 | R13: 20.2675 | S13: 9.1738333 | T13: 7.6576667 | U13: 0.043333333 | V13: 0 | W13: 0 | X13: 0 | Y13: 0 | Z13: 0 | AA13: 0 | AB13: 0 | AD13: =SUM(E13:AB13) -> 73.675167
B14: PFV-NUEVOQUILLAGUA | E14: 0 | F14: 0 | G14: 0 | H14: 0 | I14: 0 | J14: 0 | K14: 0 | L14: 0 | M14: 39.6795 | N14: 38.16 | O14: 18.25 | P14: 13.81 | Q14: 7.94 | R14: 8.35 | S14: 0 | T14: 7.74 | U14: 6.06 | V14: 0 | W14: 0 | X14: 0 | Y14: 0 | Z14: 0 | AA14: 0 | AB14: 0 | AD14: =SUM(E14:AB14) -> 139.9895
B15: PFV-GRANJA | E15: 0 | F15: 0 | G15: 0 | H15: 0 | I15: 0 | J15: 0 | K15: 0 | L15: 0 | M15: 0.001 | N15: 0 | O15: 0 | P15: 0 | Q15: 0.0585 | R15: 0 | S15: 0 | T15: 0.59816667 | U15: 0 | V15: 0 | W15: 0 | X15: 0 | Y15: 0 | Z15: 0 | AA15: 0 | AB15: 0 | AD15: =SUM(E15:AB15) -> 0.65766667
B16: PFV-USYA | E16: 0 | F16: 0 | G16: 0 | H16: 0 | I16: 0 | J16: 0 | K16: 0 | L16: 0 | M16: 0.0295 | N16: 0 | O16: 0 | P16: 0 | Q16: 0 | R16: 0 | S16: 0 | T16: 0 | U16: 0 | V16: 0 | W16: 0 | X16: 0 | Y16: 0 | Z16: 0 | AA16: 0 | AB16: 0 | AD16: =SUM(E16:AB16) -> 0.0295
B17: PFV-SANPEDRO-GPG | E17: 0 | F17: 0 | G17: 0 | H17: 0 | I17: 0 | J17: 0 | K17: 0 | L17: 0 | M17: 22.331833 | N17: 28.385167 | O17: 22.202833 | P17: 30.285833 | Q17: 23.431 | R17: 13.0655 | S17: 12.683167 | T17: 17.392167 | U17: 1.45 | V17: 0 | W17: 0 | X17: 0 | Y17: 0 | Z17: 0 | AA17: 0 | AB17: 0 | AD17: =SUM(E17:AB17) -> 171.2275
B18: PFV-JAMA-1 | E18: 0 | F18: 0 | G18: 0 | H18: 0 | I18: 0 | J18: 0 | K18: 0 | L18: 0 | M18: 0 | N18: 0 | O18: 0 | P18: 0 | Q18: 0 | R18: 0 | S18: 0 | T18: 0 | U18: 0 | V18: 0 | W18: 0 | X18: 0 | Y18: 0 | Z18: 0 | AA18: 0 | AB18: 0 | AD18: =SUM(E18:AB18) -> 0
B19: PFV-JAMA-2 | E19: 0 | F19: 0 | G19: 0 | H19: 0 | I19: 0 | J19: 0 | K19: 0 | L19: 0 | M19: 2.0483333 | N19: 4.5641667 | O19: 3.0928333 | P19: 4.9978333 | Q19: 3.2965 | R19: 2.395 | S19: 1.6528333 | T19: 2.1663333 | U19: 0.13483333 | V19: 0 | W19: 0 | X19: 0 | Y19: 0 | Z19: 0 | AA19: 0 | AB19: 0 | AD19: =SUM(E19:AB19) -> 24.348667
... B78: PFV-TAIRA | E78: 0 | F78: 0 | G78: 0 | H78: 0 | I78: 0 | J78: 0 | K78: 0 | L78: 0 | M78: 0 | N78: 0 | O78: 0 | P78: 0 | Q78: 0 | R78: 0 | S78: 0 | T78: 0 | U78: 0 | V78: 0 | W78: 0 | X78: 0 | Y78: 0 | Z78: 0 | AA78: 0 | AB78: 0 | AD78: =SUM(E78:AB78) -> 0
B79: Total | E79: =SUM(E8:E78) -> 0 | F79: =SUM(F8:F78) -> 0 | G79: =SUM(G8:G78) -> 0 | H79: =SUM(H8:H78) -> 0 | I79: =SUM(I8:I78) -> 0 | J79: =SUM(J8:J78) -> 0 | K79: =SUM(K8:K78) -> 0 | L79: =SUM(L8:L78) -> 0 | ... AB79: =SUM(AB8:AB78) -> 0 | AC79: =SUM(AC8:AE78) -> 10604.201
B82: ='Resumen-Mensual'!$F$26 -> 45779
B84: Central/Hora | E84: 1 | F84: 2 | G84: 3 | H84: 4 | I84: 5 | J84: 6 | K84: 7 | L84: 8 | M84: 9 | N84: 10 | O84: 11 | P84: 12 | Q84: 13 | R84: 14 | S84: 15 | T84: 16 | U84: 17 | V84: 18 | W84: 19 | X84: 20 | Y84: 21 | Z84: 22 | AA84: 23 | AB84: 24 | AC84: Total
B85: PFV-POZOALMONTE-2 | E85: 0 | F85: 0 | G85: 0 | H85: 0 | I85: 0 | J85: 0 | K85: 0 | L85: 0 | M85: 0.6095 | N85: 1.3456667 | O85: 0.9085 | P85: 0 | Q85: 0 | R85: 0 | S85: 0.28466667 | T85: 1.1881667 | U85: 0.0115 | V85: 0 | W85: 0 | X85: 0 | Y85: 0 | Z85: 0 | AA85: 0 | AB85: 0 | AD85: =SUM(E85:AB85) -> 4.348
B86: PFV-POZOALMONTE-3 | E86: 0 | F86: 0 | G86: 0 | H86: 0 | I86: 0 | J86: 0 | K86: 0 | L86: 0 | M86: 0.249 | N86: 0.028166667 | O86: 0.00033333333 | P86: 0 | Q86: 0 | R86: 0 | S86: 0 | T86: 0 | U86: 0 | V86: 0 | W86: 0 | X86: 0 | Y86: 0 | Z86: 0 | AA86: 0 | AB86: 0 | AD86: =SUM(E86:AB86) -> 0.2775
B87: PFV-LAHUAYCA-2 | E87: 0 | F87: 0 | G87: 0 | H87: 0 | I87: 0 | J87: 0 | K87: 0 | L87: 0 | M87: 1.4656667 | N87: 7.1431667 | O87: 4.2518333 | P87: 0 | Q87: 0 | R87: 0 | S87: 2.0415 | T87: 9.6331667 | U87: 3.9345 | V87: 0 | W87: 0 | X87: 0 | Y87: 0 | Z87: 0 | AA87: 0 | AB87: 0 | AD87: =SUM(E87:AB87) -> 28.469833
B88: PFV-SANTAISABEL | E88: 0 | F88: 0 | G88: 0 | H88: 0 | I88: 0 | J88: 0 | K88: 0 | L88: 0 | M88: 16.7235 | N88: 41.005167 | O88: 6.467 | P88: 0 | Q88: 0 | R88: 0 | S88: 5.5346667 | T88: 17.987333 | U88: 17.840833 | V88: 0 | W88: 0 | X88: 0 | Y88: 0 | Z88: 0 | AA88: 0 | AB88: 0 | AD88: =SUM(E88:AB88) -> 105.5585
B89: PFV-HUATACONDO | E89: 0 | F89: 0 | G89: 0 | H89: 0 | I89: 0 | J89: 0 | K89: 0 | L89: 0 | M89: 1.5498333 | N89: 15.933833 | O89: 21.204333 | P89: 23.036167 | Q89: 22.947167 | R89: 19.984167 | S89: 18.795333 | T89: 16.047 | U89: 0.0675 | V89: 0 | W89: 0 | X89: 0 | Y89: 0 | Z89: 0 | AA89: 0 | AB89: 0 | AD89: =SUM(E89:AB89) -> 139.56533
B90: PFV-ATACAMASOLAR-2 | E90: 0 | F90: 0 | G90: 0 | H90: 0 | I90: 0 | J90: 0 | K90: 0 | L90: 0 | M90: 8.3333333 | N90: 36.9355 | O90: 2.1926667 | P90: 0 | Q90: 0 | R90: 0 | S90: 8.521 | T90: 41.489833 | U90: 33.031333 | V90: 0 | W90: 0 | X90: 0 | Y90: 0 | Z90: 0 | AA90: 0 | AB90: 0 | AD90: =SUM(E90:AB90) -> 130.50367
B91: PFV-NUEVOQUILLAGUA | E91: 0 | F91: 0 | G91: 0 | H91: 0 | I91: 0 | J91: 0 | K91: 0 | L91: 0 | M91: 22.036667 | N91: 38.45 | O91: 20.06 | P91: 0 | Q91: 0 | R91: 0 | S91: 16.076667 | T91: 25.4 | U91: 10.42 | V91: 0 | W91: 0 | X91: 0 | Y91: 0 | Z91: 0 | AA91: 0 | AB91: 0 | AD91: =SUM(E91:AB91) -> 132.44333
B92: PFV-GRANJA | E92: 0 | F92: 0 | G92: 0 | H92: 0 | I92: 0 | J92: 0 | K92: 0 | L92: 0 | M92: 0 | N92: 0 | O92: 0 | P92: 0 | Q92: 0 | R92: 0 | S92: 0 | T92: 0 | U92: 0 | V92: 0 | W92: 0 | X92: 0 | Y92: 0 | Z92: 0 | AA92: 0 | AB92: 0 | AD92: =SUM(E92:AB92) -> 0
B93: PFV-USYA | E93: 0 | F93: 0 | G93: 0 | H93: 0 | I93: 0 | J93: 0 | K93: 0 | L93: 0 | M93: 0 | N93: 0 | O93: 2.396 | P93: 0 | Q93: 0 | R93: 0 | S93: 0 | T93: 4.0726667 | U93: 1.6636667 | V93: 0 | W93: 0 | X93: 0 | Y93: 0 | Z93: 0 | AA93: 0 | AB93: 0 | AD93: =SUM(E93:AB93) -> 8.1323333
B94: PFV-SANPEDRO-GPG | E94: 0 | F94: 0 | G94: 0 | H94: 0 | I94: 0 | J94: 0 | K94: 0 | L94: 0 | M94: 6.4618333 | N94: 16.890833 | O94: 7.1585 | P94: 0 | Q94: 0 | R94: 0 | S94: 0.0395 | T94: 22.64 | U94: 7.4798333 | V94: 0 | W94: 0 | X94: 0 | Y94: 0 | Z94: 0 | AA94: 0 | AB94: 0 | AD94: =SUM(E94:AB94) -> 60.6705
B95: PFV-JAMA-1 | E95: 0 | F95: 0 | G95: 0 | H95: 0 | I95: 0 | J95: 0 | K95: 0 | L95: 0 | M95: 4.3156667 | N95: 0 | O95: 10.99 | P95: 0 | Q95: 0 | R95: 0 | S95: 5.0266667 | T95: 9.56 | U95: 9.6463333 | V95: 0 | W95: 0 | X95: 0 | Y95: 0 | Z95: 0 | AA95: 0 | AB95: 0 | AD95: =SUM(E95:AB95) -> 39.538667
B96: PFV-JAMA-2 | E96: 0 | F96: 0 | G96: 0 | H96: 0 | I96: 0 | J96: 0 | K96: 0 | L96: 0 | M96: 0.19183333 | N96: 2.3006667 | O96: 3.0785 | P96: 0 | Q96: 0 | R96: 0 | S96: 1.3061667 | T96: 8.7148333 | U96: 3.6891667 | V96: 0 | W96: 0 | X96: 0 | Y96: 0 | Z96: 0 | AA96: 0 | AB96: 0 | AD96: =SUM(E96:AB96) -> 19.281167
... B155: PFV-TAIRA | E155: 0 | F155: 0 | G155: 0 | H155: 0 | I155: 0 | J155: 0 | K155: 0 | L155: 0 | M155: 0 | N155: 0 | O155: 0 | P155: 0 | Q155: 0 | R155: 0 | S155: 0 | T155: 0 | U155: 0 | V155: 0 | W155: 0 | X155: 0 | Y155: 0 | Z155: 0 | AA155: 0 | AB155: 0 | AD155: =SUM(E155:AB155) -> 0
B156: Total | E156: =SUM(E85:E155) -> 0 | F156: =SUM(F85:F155) -> 0 | G156: =SUM(G85:G155) -> 0 | H156: =SUM(H85:H155) -> 0 | I156: =SUM(I85:I155) -> 0 | J156: =SUM(J85:J155) -> 0 | K156: =SUM(K85:K155) -> 0 | L156: =SUM(L85:L155) -> 0 | ... AB156: =SUM(AB85:AB155) -> 0 | AC156: =SUM(AC85:AE155) -> 3462.8627
B159: ='Resumen-Mensual'!$G$26 -> 45780
B161: Central/Hora | E161: 1 | F161: 2 | G161: 3 | H161: 4 | I161: 5 | J161: 6 | K161: 7 | L161: 8 | M161: 9 | N161: 10 | O161: 11 | P161: 12 | Q161: 13 | R161: 14 | S161: 15 | T161: 16 | U161: 17 | V161: 18 | W161: 19 | X161: 20 | Y161: 21 | Z161: 22 | AA161: 23 | AB161: 24 | AC161: Total
B162: PFV-POZOALMONTE-2 | E162: 0 | F162: 0 | G162: 0 | H162: 0 | I162: 0 | J162: 0 | K162: 0 | L162: 0 | M162: 0.14966667 | N162: 0.11516667 | O162: 0.11666667 | P162: 0 | Q162: 0 | R162: 0.04 | S162: 0.24283333 | T162: 0.26983333 | U162: 0.031 | V162: 0 | W162: 0 | X162: 0 | Y162: 0 | Z162: 0 | AA162: 0 | AB162: 0 | AD162: =SUM(E162:AB162) -> 0.96516667
B163: PFV-POZOALMONTE-3 | E163: 0 | F163: 0 | G163: 0 | H163: 0 | I163: 0 | J163: 0 | K163: 0 | L163: 0 | M163: 0 | N163: 0 | O163: 0 | P163: 0 | Q163: 0 | R163: 0 | S163: 0 | T163: 0 | U163: 0 | V163: 0 | W163: 0 | X163: 0 | Y163: 0 | Z163: 0 | AA163: 0 | AB163: 0 | AD163: =SUM(E163:AB163) -> 0
B164: PFV-LAHUAYCA-2 | E164: 0 | F164: 0 | G164: 0 | H164: 0 | I164: 0 | J164: 0 | K164: 0 | L164: 0 | M164: 3.912 | N164: 6.8481667 | O164: 3.2028333 | P164: 0 | Q164: 0 | R164: 0.7555 | S164: 4.5281667 | T164: 6.5925 | U164: 2.078 | V164: 0 | W164: 0 | X164: 0 | Y164: 0 | Z164: 0 | AA164: 0 | AB164: 0 | AD164: =SUM(E164:AB164) -> 27.917167
B165: PFV-SANTAISABEL | E165: 0 | F165: 0 | G165: 0 | H165: 0 | I165: 0 | J165: 0 | K165: 0 | L165: 0 | M165: 4.6965 | N165: 2.9545 | O165: 1.4135 | P165: 0 | Q165: 0 | R165: 0.014 | S165: 0 | T165: 0 | U165: 0 | V165: 0 | W165: 0 | X165: 0 | Y165: 0 | Z165: 0 | AA165: 0 | AB165: 0 | AD165: =SUM(E165:AB165) -> 9.0785
B166: PFV-HUATACONDO | E166: 0 | F166: 0 | G166: 0 | H166: 0 | I166: 0 | J166: 0 | K166: 0 | L166: 0 | M166: 0 | N166: 0 | O166: 0 | P166: 0 | Q166: 0 | R166: 0 | S166: 0 | T166: 0 | U166: 0 | V166: 0 | W166: 0 | X166: 0 | Y166: 0 | Z166: 0 | AA166: 0 | AB166: 0 | AD166: =SUM(E166:AB166) -> 0
B167: PFV-ATACAMASOLAR-2 | E167: 0 | F167: 0 | G167: 0 | H167: 0 | I167: 0 | J167: 0 | K167: 0 | L167: 0 | M167: 0.0091666667 | N167: 0.73866667 | O167: 0 | P167: 0 | Q167: 0 | R167: 0 | S167: 0 | T167: 0 | U167: 0 | V167: 0 | W167: 0 | X167: 0 | Y167: 0 | Z167: 0 | AA167: 0 | AB167: 0 | AD167: =SUM(E167:AB167) -> 0.74783333
B168: PFV-NUEVOQUILLAGUA | E168: 0 | F168: 0 | G168: 0 | H168: 0 | I168: 0 | J168: 0 | K168: 0 | L168: 0 | M168: 10.06 | N168: 4.67 | O168: 3.46 | P168: 0 | Q168: 0 | R168: 12.683333 | S168: 0.83 | T168: 0 | U168: 5.3 | V168: 0 | W168: 0 | X168: 0 | Y168: 0 | Z168: 0 | AA168: 0 | AB168: 0 | AD168: =SUM(E168:AB168) -> 37.003333
B169: PFV-GRANJA | E169: 0 | F169: 0 | G169: 0 | H169: 0 | I169: 0 | J169: 0 | K169: 0 | L169: 0 | M169: 0.49383333 | N169: 0 | O169: 0 | P169: 0 | Q169: 0 | R169: 0 | S169: 0 | T169: 0 | U169: 0 | V169: 0 | W169: 0 | X169: 0 | Y169: 0 | Z169: 0 | AA169: 0 | AB169: 0 | AD169: =SUM(E169:AB169) -> 0.49383333
B170: PFV-USYA | E170: 0 | F170: 0 | G170: 0 | H170: 0 | I170: 0 | J170: 0 | K170: 0 | L170: 0 | M170: 0.208 | N170: 0.10066667 | O170: 5.0706667 | P170: 0 | Q170: 0 | R170: 1.6435 | S170: 17.525 | T170: 13.959833 | U170: 4.1435 | V170: 0 | W170: 0 | X170: 0 | Y170: 0 | Z170: 0 | AA170: 0 | AB170: 0 | AD170: =SUM(E170:AB170) -> 42.651167
B171: PFV-SANPEDRO-GPG | E171: 0 | F171: 0 | G171: 0 | H171: 0 | I171: 0 | J171: 0 | K171: 0 | L171: 0 | M171: 14.848333 | N171: 12.242 | O171: 4.9173333 | P171: 0 | Q171: 0 | R171: 1.6936667 | S171: 9.6826667 | T171: 11.8265 | U171: 0.718 | V171: 0 | W171: 0 | X171: 0 | Y171: 0 | Z171: 0 | AA171: 0 | AB171: 0 | AD171: =SUM(E171:AB171) -> 55.9285
B172: PFV-JAMA-1 | E172: 0 | F172: 0 | G172: 0 | H172: 0 | I172: 0 | J172: 0 | K172: 0 | L172: 0 | M172: 0 | N172: 6.63 | O172: 10.054167 | P172: 0 | Q172: 0 | R172: 4.0116667 | S172: 8.22 | T172: 7.9 | U172: 9.9903333 | V172: 0 | W172: 0 | X172: 0 | Y172: 0 | Z172: 0 | AA172: 0 | AB172: 0 | AD172: =SUM(E172:AB172) -> 46.806167
B173: PFV-JAMA-2 | E173: 0 | F173: 0 | G173: 0 | H173: 0 | I173: 0 | J173: 0 | K173: 0 | L173: 0 | M173: 1.1005 | N173: 6.7223333 | O173: 3.7375 | P173: 0 | Q173: 0 | R173: 1.2475 | S173: 10.708667 | T173: 9.68 | U173: 1.5451667 | V173: 0 | W173: 0 | X173: 0 | Y173: 0 | Z173: 0 | AA173: 0 | AB173: 0 | AD173: =SUM(E173:AB173) -> 34.741667
... B232: PFV-TAIRA | E232: 0 | F232: 0 | G232: 0 | H232: 0 | I232: 0 | J232: 0 | K232: 0 | L232: 0 | M232: 0 | N232: 0 | O232: 0 | P232: 0 | Q232: 0 | R232: 0 | S232: 0 | T232: 0 | U232: 0 | V232: 0 | W232: 0 | X232: 0 | Y232: 0 | Z232: 0 | AA232: 0 | AB232: 0 | AD232: =SUM(E232:AB232) -> 0
B233: Total | E233: =SUM(E162:E232) -> 0 | F233: =SUM(F162:F232) -> 0 | G233: =SUM(G162:G232) -> 0 | H233: =SUM(H162:H232) -> 0 | I233: =SUM(I162:I232) -> 0 | J233: =SUM(J162:J232) -> 0 | K233: =SUM(K162:K232) -> 0 | L233: =SUM(L162:L232) -> 0 | ... AB233: =SUM(AB162:AB232) -> 0 | AC233: =SUM(AC162:AE232) -> 4099.3972
B236: ='Resumen-Mensual'!$H$26 -> 45781
B238: Central/Hora | E238: 1 | F238: 2 | G238: 3 | H238: 4 | I238: 5 | J238: 6 | K238: 7 | L238: 8 | M238: 9 | N238: 10 | O238: 11 | P238: 12 | Q238: 13 | R238: 14 | S238: 15 | T238: 16 | U238: 17 | V238: 18 | W238: 19 | X238: 20 | Y238: 21 | Z238: 22 | AA238: 23 | AB238: 24 | AC238: Total
B239: PFV-POZOALMONTE-2 | E239: 0 | F239: 0 | G239: 0 | H239: 0 | I239: 0 | J239: 0 | K239: 0 | L239: 0 | M239: 0 | N239: 0.23433333 | O239: 0.41566667 | P239: 0 | Q239: 0 | R239: 0 | S239: 0.033833333 | T239: 0.060333333 | U239: 0 | V239: 0 | W239: 0 | X239: 0 | Y239: 0 | Z239: 0 | AA239: 0 | AB239: 0 | AD239: =SUM(E239:AB239) -> 0.74416667
B240: PFV-POZOALMONTE-3 | E240: 0 | F240: 0 | G240: 0 | H240: 0 | I240: 0 | J240: 0 | K240: 0 | L240: 0 | M240: 0 | N240: 0 | O240: 0 | P240: 0 | Q240: 0 | R240: 0 | S240: 0.26016667 | T240: 0.4 | U240: 0.49533333 | V240: 0 | W240: 0 | X240: 0 | Y240: 0 | Z240: 0 | AA240: 0 | AB240: 0 | AD240: =SUM(E240:AB240) -> 1.1555
B241: PFV-LAHUAYCA-2 | E241: 0 | F241: 0 | G241: 0 | H241: 0 | I241: 0 | J241: 0 | K241: 0 | L241: 0 | M241: 5.53 | N241: 12.7 | O241: 12.5 | P241: 0 | Q241: 0 | R241: 0 | S241: 2 | T241: 5.96 | U241: 4 | V241: 0 | W241: 0 | X241: 0 | Y241: 0 | Z241: 0 | AA241: 0 | AB241: 0 | AD241: =SUM(E241:AB241) -> 42.69
B242: PFV-SANTAISABEL | E242: 0 | F242: 0 | G242: 0 | H242: 0 | I242: 0 | J242: 0 | K242: 0 | L242: 0 | M242: 3.8371667 | N242: 6.694 | O242: 2.4586667 | P242: 0 | Q242: 0 | R242: 0 | S242: 0.03 | T242: 0 | U242: 0 | V242: 0 | W242: 0 | X242: 0 | Y242: 0 | Z242: 0 | AA242: 0 | AB242: 0 | AD242: =SUM(E242:AB242) -> 13.019833
B243: PFV-HUATACONDO | E243: 0 | F243: 0 | G243: 0 | H243: 0 | I243: 0 | J243: 0 | K243: 0 | L243: 0 | M243: 0 | N243: 0 | O243: 0 | P243: 0 | Q243: 0 | R243: 0 | S243: 0 | T243: 0 | U243: 0 | V243: 0 | W243: 0 | X243: 0 | Y243: 0 | Z243: 0 | AA243: 0 | AB243: 0 | AD243: =SUM(E243:AB243) -> 0
B244: PFV-ATACAMASOLAR-2 | E244: 0 | F244: 0 | G244: 0 | H244: 0 | I244: 0 | J244: 0 | K244: 0 | L244: 0 | M244: 0 | N244: 0 | O244: 0 | P244: 0 | Q244: 0 | R244: 0 | S244: 0 | T244: 0 | U244: 0 | V244: 0 | W244: 0 | X244: 0 | Y244: 0 | Z244: 0 | AA244: 0 | AB244: 0 | AD244: =SUM(E244:AB244) -> 0
B245: PFV-NUEVOQUILLAGUA | E245: 0 | F245: 0 | G245: 0 | H245: 0 | I245: 0 | J245: 0 | K245: 0 | L245: 0 | M245: 14.88 | N245: 3.98 | O245: 7.26 | P245: 0 | Q245: 0 | R245: 0 | S245: 9.76 | T245: 1.2 | U245: 27.125 | V245: 0 | W245: 0 | X245: 0 | Y245: 0 | Z245: 0 | AA245: 0 | AB245: 0 | AD245: =SUM(E245:AB245) -> 64.205
B246: PFV-GRANJA | E246: 0 | F246: 0 | G246: 0 | H246: 0 | I246: 0 | J246: 0 | K246: 0 | L246: 0 | M246: 7.1141667 | N246: 8.6548333 | O246: 0.41983333 | P246: 0 | Q246: 0 | R246: 0 | S246: 2.0145 | T246: 0 | U246: 2.0848333 | V246: 0 | W246: 0 | X246: 0 | Y246: 0 | Z246: 0 | AA246: 0 | AB246: 0 | AD246: =SUM(E246:AB246) -> 20.288167
B247: PFV-USYA | E247: 0 | F247: 0 | G247: 0 | H247: 0 | I247: 0 | J247: 0 | K247: 0 | L247: 0 | M247: 2.2293333 | N247: 5.2963333 | O247: 18.507833 | P247: 0 | Q247: 0 | R247: 0 | S247: 0.83133333 | T247: 0.22916667 | U247: 2.4111667 | V247: 0 | W247: 0 | X247: 0 | Y247: 0 | Z247: 0 | AA247: 0 | AB247: 0 | AD247: =SUM(E247:AB247) -> 29.505167
B248: PFV-SANPEDRO-GPG | E248: 0 | F248: 0 | G248: 0 | H248: 0 | I248: 0 | J248: 0 | K248: 0 | L248: 0 | M248: 9.0796667 | N248: 13.666833 | O248: 12.123 | P248: 0 | Q248: 0 | R248: 0 | S248: 1.355 | T248: 2.7425 | U248: 6.6985 | V248: 0 | W248: 0 | X248: 0 | Y248: 0 | Z248: 0 | AA248: 0 | AB248: 0 | AD248: =SUM(E248:AB248) -> 45.6655
B249: PFV-JAMA-1 | E249: 0 | F249: 0 | G249: 0 | H249: 0 | I249: 0 | J249: 0 | K249: 0 | L249: 0 | M249: 11.284 | N249: 6.47 | O249: 4.59 | P249: 0 | Q249: 0 | R249: 0 | S249: 3.4666667 | T249: 10.4 | U249: 7.3208333 | V249: 0 | W249: 0 | X249: 0 | Y249: 0 | Z249: 0 | AA249: 0 | AB249: 0 | AD249: =SUM(E249:AB249) -> 43.5315
B250: PFV-JAMA-2 | E250: 0 | F250: 0 | G250: 0 | H250: 0 | I250: 0 | J250: 0 | K250: 0 | L250: 0 | M250: 2.8451667 | N250: 7.0846667 | O250: 5.0498333 | P250: 0 | Q250: 0 | R250: 0 | S250: 1.3365 | T250: 3.7238333 | U250: 1.1093333 | V250: 0 | W250: 0 | X250: 0 | Y250: 0 | Z250: 0 | AA250: 0 | AB250: 0 | AD250: =SUM(E250:AB250) -> 21.149333
... B309: PFV-TAIRA | E309: 0 | F309: 0 | G309: 0 | H309: 0 | I309: 0 | J309: 0 | K309: 0 | L309: 0 | M309: 0 | N309: 0 | O309: 0 | P309: 0 | Q309: 0 | R309: 0 | S309: 0 | T309: 0 | U309: 0 | V309: 0 | W309: 0 | X309: 0 | Y309: 0 | Z309: 0 | AA309: 0 | AB309: 0 | AD309: =SUM(E309:AB309) -> 0
B310: Total | E310: =SUM(E239:E309) -> 0 | F310: =SUM(F239:F309) -> 0 | G310: =SUM(G239:G309) -> 0 | H310: =SUM(H239:H309) -> 0 | I310: =SUM(I239:I309) -> 0 | J310: =SUM(J239:J309) -> 0 | K310: =SUM(K239:K309) -> 0 | L310: =SUM(L239:L309) -> 0 | ... AB310: =SUM(AB239:AB309) -> 0 | AC310: =SUM(AC239:AE309) -> 2637.8337
B313: ='Resumen-Mensual'!$I$26 -> 45782
B315: Central/Hora | E315: 1 | F315: 2 | G315: 3 | H315: 4 | I315: 5 | J315: 6 | K315: 7 | L315: 8 | M315: 9 | N315: 10 | O315: 11 | P315: 12 | Q315: 13 | R315: 14 | S315: 15 | T315: 16 | U315: 17 | V315: 18 | W315: 19 | X315: 20 | Y315: 21 | Z315: 22 | AA315: 23 | AB315: 24 | AC315: Total
B316: PFV-POZOALMONTE-2 | E316: 0 | F316: 0 | G316: 0 | H316: 0 | I316: 0 | J316: 0 | K316: 0 | L316: 0 | M316: 0 | N316: 0 | O316: 0 | P316: 0 | Q316: 0 | R316: 0 | S316: 0 | T316: 0 | U316: 0 | V316: 0 | W316: 0 | X316: 0 | Y316: 0 | Z316: 0 | AA316: 0 | AB316: 0 | AD316: =SUM(E316:AB316) -> 0
B317: PFV-POZOALMONTE-3 | E317: 0 | F317: 0 | G317: 0 | H317: 0 | I317: 0 | J317: 0 | K317: 0 | L317: 0 | M317: 0 | N317: 0 | O317: 0 | P317: 0 | Q317: 0 | R317: 0 | S317: 0 | T317: 0 | U317: 0 | V317: 0 | W317: 0 | X317: 0 | Y317: 0 | Z317: 0 | AA317: 0 | AB317: 0 | AD317: =SUM(E317:AB317) -> 0
B318: PFV-LAHUAYCA-2 | E318: 0 | F318: 0 | G318: 0 | H318: 0 | I318: 0 | J318: 0 | K318: 0 | L318: 0 | M318: 0 | N318: 0 | O318: 0 | P318: 0 | Q318: 0 | R318: 0 | S318: 0 | T318: 0 | U318: 0 | V318: 0 | W318: 0 | X318: 0 | Y318: 0 | Z318: 0 | AA318: 0 | AB318: 0 | AD318: =SUM(E318:AB318) -> 0
B319: PFV-SANTAISABEL | E319: 0 | F319: 0 | G319: 0 | H319: 0 | I319: 0 | J319: 0 | K319: 0 | L319: 0 | M319: 0 | N319: 0 | O319: 0 | P319: 0 | Q319: 0 | R319: 0 | S319: 0 | T319: 0 | U319: 0 | V319: 0 | W319: 0 | X319: 0 | Y319: 0 | Z319: 0 | AA319: 0 | AB319: 0 | AD319: =SUM(E319:AB319) -> 0
B320: PFV-HUATACONDO | E320: 0 | F320: 0 | G320: 0 | H320: 0 | I320: 0 | J320: 0 | K320: 0 | L320: 0 | M320: 0 | N320: 0 | O320: 19.182333 | P320: 28.326667 | Q320: 27.5915 | R320: 14.4695 | S320: 1.093 | T320: 1.7786667 | U320: 0.16783333 | V320: 0 | W320: 0 | X320: 0 | Y320: 0 | Z320: 0 | AA320: 0 | AB320: 0 | AD320: =SUM(E320:AB320) -> 92.6095
B321: PFV-ATACAMASOLAR-2 | E321: 0 | F321: 0 | G321: 0 | H321: 0 | I321: 0 | J321: 0 | K321: 0 | L321: 0 | M321: 0 | N321: 0 | O321: 0 | P321: 0 | Q321: 0 | R321: 0 | S321: 0 | T321: 0 | U321: 0 | V321: 0 | W321: 0 | X321: 0 | Y321: 0 | Z321: 0 | AA321: 0 | AB321: 0 | AD321: =SUM(E321:AB321) -> 0
B322: PFV-NUEVOQUILLAGUA | E322: 0 | F322: 0 | G322: 0 | H322: 0 | I322: 0 | J322: 0 | K322: 0 | L322: 0 | M322: 0 | N322: 0 | O322: 0 | P322: 0 | Q322: 0 | R322: 0 | S322: 0 | T322: 0 | U322: 0 | V322: 0 | W322: 0 | X322: 0 | Y322: 0 | Z322: 0 | AA322: 0 | AB322: 0 | AD322: =SUM(E322:AB322) -> 0
B323: PFV-GRANJA | E323: 0 | F323: 0 | G323: 0 | H323: 0 | I323: 0 | J323: 0 | K323: 0 | L323: 0 | M323: 0 | N323: 0 | O323: 0 | P323: 0 | Q323: 0 | R323: 0 | S323: 0 | T323: 0 | U323: 0 | V323: 0 | W323: 0 | X323: 0 | Y323: 0 | Z323: 0 | AA323: 0 | AB323: 0 | AD323: =SUM(E323:AB323) -> 0
B324: PFV-USYA | E324: 0 | F324: 0 | G324: 0 | H324: 0 | I324: 0 | J324: 0 | K324: 0 | L324: 0 | M324: 0 | N324: 0 | O324: 0 | P324: 0 | Q324: 0 | R324: 0 | S324: 0 | T324: 0 | U324: 0 | V324: 0 | W324: 0 | X324: 0 | Y324: 0 | Z324: 0 | AA324: 0 | AB324: 0 | AD324: =SUM(E324:AB324) -> 0
B325: PFV-SANPEDRO-GPG | E325: 0 | F325: 0 | G325: 0 | H325: 0 | I325: 0 | J325: 0 | K325: 0 | L325: 0 | M325: 0 | N325: 0 | O325: 0 | P325: 0 | Q325: 0 | R325: 0 | S325: 0 | T325: 0 | U325: 0 | V325: 0 | W325: 0 | X325: 0 | Y325: 0 | Z325: 0 | AA325: 0 | AB325: 0 | AD325: =SUM(E325:AB325) -> 0
B326: PFV-JAMA-1 | E326: 0 | F326: 0 | G326: 0 | H326: 0 | I326: 0 | J326: 0 | K326: 0 | L326: 0 | M326: 0 | N326: 0 | O326: 0 | P326: 0 | Q326: 0 | R326: 0 | S326: 0 | T326: 0 | U326: 0 | V326: 0 | W326: 0 | X326: 0 | Y326: 0 | Z326: 0 | AA326: 0 | AB326: 0 | AD326: =SUM(E326:AB326) -> 0
B327: PFV-JAMA-2 | E327: 0 | F327: 0 | G327: 0 | H327: 0 | I327: 0 | J327: 0 | K327: 0 | L327: 0 | M327: 0 | N327: 0 | O327: 0 | P327: 0 | Q327: 0 | R327: 0 | S327: 0 | T327: 0 | U327: 0 | V327: 0 | W327: 0 | X327: 0 | Y327: 0 | Z327: 0 | AA327: 0 | AB327: 0 | AD327: =SUM(E327:AB327) -> 0
... B386: PFV-TAIRA | E386: 0 | F386: 0 | G386: 0 | H386: 0 | I386: 0 | J386: 0 | K386: 0 | L386: 0 | M386: 0 | N386: 0 | O386: 0 | P386: 0 | Q386: 0 | R386: 0 | S386: 0 | T386: 0 | U386: 0 | V386: 0 | W386: 0 | X386: 0 | Y386: 0 | Z386: 0 | AA386: 0 | AB386: 0 | AD386: =SUM(E386:AB386) -> 0
B387: Total | E387: =SUM(E316:E386) -> 0 | F387: =SUM(F316:F386) -> 0 | G387: =SUM(G316:G386) -> 0 | H387: =SUM(H316:H386) -> 0 | I387: =SUM(I316:I386) -> 0 | J387: =SUM(J316:J386) -> 0 | K387: =SUM(K316:K386) -> 0 | L387: =SUM(L316:L386) -> 0 | ... AB387: =SUM(AB316:AB386) -> 0 | AC387: =SUM(AC316:AE386) -> 387.75183
B390: ='Resumen-Mensual'!$J$26 -> 45783
B392: Central/Hora | E392: 1 | F392: 2 | G392: 3 | H392: 4 | I392: 5 | J392: 6 | K392: 7 | L392: 8 | M392: 9 | N392: 10 | O392: 11 | P392: 12 | Q392: 13 | R392: 14 | S392: 15 | T392: 16 | U392: 17 | V392: 18 | W392: 19 | X392: 20 | Y392: 21 | Z392: 22 | AA392: 23 | AB392: 24 | AC392: Total
B393: PFV-POZOALMONTE-2 | E393: 0 | F393: 0 | G393: 0 | H393: 0 | I393: 0 | J393: 0 | K393: 0 | L393: 0 | M393: 0 | N393: 0 | O393: 0 | P393: 0 | Q393: 0 | R393: 0.16916667 | S393: 0.041833333 | T393: 0.019 | U393: 0 | V393: 0 | W393: 0 | X393: 0 | Y393: 0 | Z393: 0 | AA393: 0 | AB393: 0 | AD393: =SUM(E393:AB393) -> 0.23
B394: PFV-POZOALMONTE-3 | E394: 0 | F394: 0 | G394: 0 | H394: 0 | I394: 0 | J394: 0 | K394: 0 | L394: 0 | M394: 0 | N394: 0 | O394: 0 | P394: 0 | Q394: 0 | R394: 0.34833333 | S394: 0.6555 | T394: 0.18916667 | U394: 0 | V394: 0 | W394: 0 | X394: 0 | Y394: 0 | Z394: 0 | AA394: 0 | AB394: 0 | AD394: =SUM(E394:AB394) -> 1.193
B395: PFV-LAHUAYCA-2 | E395: 0 | F395: 0 | G395: 0 | H395: 0 | I395: 0 | J395: 0 | K395: 0 | L395: 0 | M395: 0 | N395: 0 | O395: 0 | P395: 0 | Q395: 0 | R395: 4.1981667 | S395: 11.126 | T395: 7.2021667 | U395: 4.8396667 | V395: 0 | W395: 0 | X395: 0 | Y395: 0 | Z395: 0 | AA395: 0 | AB395: 0 | AD395: =SUM(E395:AB395) -> 27.366
B396: PFV-SANTAISABEL | E396: 0 | F396: 0 | G396: 0 | H396: 0 | I396: 0 | J396: 0 | K396: 0 | L396: 0 | M396: 0 | N396: 0 | O396: 0 | P396: 0 | Q396: 0 | R396: 4.0546667 | S396: 11.4715 | T396: 6.1136667 | U396: 2.3711667 | V396: 0 | W396: 0 | X396: 0 | Y396: 0 | Z396: 0 | AA396: 0 | AB396: 0 | AD396: =SUM(E396:AB396) -> 24.011
B397: PFV-HUATACONDO | E397: 0 | F397: 0 | G397: 0 | H397: 0 | I397: 0 | J397: 0 | K397: 0 | L397: 0 | M397: 5.2981667 | N397: 20.731 | O397: 25.214333 | P397: 13.903 | Q397: 0 | R397: 3.006 | S397: 1.279 | T397: 0.17033333 | U397: 1.3961667 | V397: 0 | W397: 0 | X397: 0 | Y397: 0 | Z397: 0 | AA397: 0 | AB397: 0 | AD397: =SUM(E397:AB397) -> 70.998
B398: PFV-ATACAMASOLAR-2 | E398: 0 | F398: 0 | G398: 0 | H398: 0 | I398: 0 | J398: 0 | K398: 0 | L398: 0 | M398: 0 | N398: 0 | O398: 0 | P398: 0 | Q398: 0 | R398: 6.42 | S398: 6.3183333 | T398: 7.9816667 | U398: 6.019 | V398: 0 | W398: 0 | X398: 0 | Y398: 0 | Z398: 0 | AA398: 0 | AB398: 0 | AD398: =SUM(E398:AB398) -> 26.739
B399: PFV-NUEVOQUILLAGUA | E399: 0 | F399: 0 | G399: 0 | H399: 0 | I399: 0 | J399: 0 | K399: 0 | L399: 0 | M399: 0 | N399: 0 | O399: 0 | P399: 0 | Q399: 0 | R399: 2.22 | S399: 1.23 | T399: 2.39 | U399: 11.13 | V399: 0.48 | W399: 0 | X399: 0 | Y399: 0 | Z399: 0 | AA399: 0 | AB399: 0 | AD399: =SUM(E399:AB399) -> 17.45
B400: PFV-GRANJA | E400: 0 | F400: 0 | G400: 0 | H400: 0 | I400: 0 | J400: 0 | K400: 0 | L400: 0 | M400: 0 | N400: 0 | O400: 0 | P400: 0 | Q400: 0 | R400: 32.153333 | S400: 5.53 | T400: 11.56 | U400: 9.82 | V400: 1.02 | W400: 0 | X400: 0 | Y400: 0 | Z400: 0 | AA400: 0 | AB400: 0 | AD400: =SUM(E400:AB400) -> 60.083333
B401: PFV-USYA | E401: 0 | F401: 0 | G401: 0 | H401: 0 | I401: 0 | J401: 0 | K401: 0 | L401: 0 | M401: 0 | N401: 0 | O401: 0 | P401: 0 | Q401: 0 | R401: 2.4805 | S401: 22.040167 | T401: 19.312833 | U401: 13.349833 | V401: 0 | W401: 0 | X401: 0 | Y401: 0 | Z401: 0 | AA401: 0 | AB401: 0 | AD401: =SUM(E401:AB401) -> 57.183333
B402: PFV-SANPEDRO-GPG | E402: 0 | F402: 0 | G402: 0 | H402: 0 | I402: 0 | J402: 0 | K402: 0 | L402: 0 | M402: 0 | N402: 0 | O402: 0 | P402: 0 | Q402: 0 | R402: 4.3933333 | S402: 4.7115 | T402: 5.066 | U402: 24.747833 | V402: 0.87083333 | W402: 0 | X402: 0 | Y402: 0 | Z402: 0 | AA402: 0 | AB402: 0 | AD402: =SUM(E402:AB402) -> 39.7895
B403: PFV-JAMA-1 | E403: 0 | F403: 0 | G403: 0 | H403: 0 | I403: 0 | J403: 0 | K403: 0 | L403: 0 | M403: 0 | N403: 0 | O403: 0 | P403: 0 | Q403: 0 | R403: 11.7 | S403: 11.71 | T403: 9.86 | U403: 1.5 | V403: 0.094666667 | W403: 0 | X403: 0 | Y403: 0 | Z403: 0 | AA403: 0 | AB403: 0 | AD403: =SUM(E403:AB403) -> 34.864667
B404: PFV-JAMA-2 | E404: 0 | F404: 0 | G404: 0 | H404: 0 | I404: 0 | J404: 0 | K404: 0 | L404: 0 | M404: 0 | N404: 0 | O404: 0 | P404: 0 | Q404: 0 | R404: 5.1451667 | S404: 11.130333 | T404: 9.9271667 | U404: 3.2786667 | V404: 0 | W404: 0 | X404: 0 | Y404: 0 | Z404: 0 | AA404: 0 | AB404: 0 | AD404: =SUM(E404:AB404) -> 29.481333
... B463: PFV-TAIRA | E463: 0 | F463: 0 | G463: 0 | H463: 0 | I463: 0 | J463: 0 | K463: 0 | L463: 0 | M463: 0 | N463: 0 | O463: 0 | P463: 0 | Q463: 0 | R463: 0 | S463: 0 | T463: 0 | U463: 0 | V463: 0 | W463: 0 | X463: 0 | Y463: 0 | Z463: 0 | AA463: 0 | AB463: 0 | AD463: =SUM(E463:AB463) -> 0
B464: Total | E464: =SUM(E393:E463) -> 0 | F464: =SUM(F393:F463) -> 0 | G464: =SUM(G393:G463) -> 0 | H464: =SUM(H393:H463) -> 0 | I464: =SUM(I393:I463) -> 0 | J464: =SUM(J393:J463) -> 0 | K464: =SUM(K393:K463) -> 0 | L464: =SUM(L393:L463) -> 0 | ... AB464: =SUM(AB393:AB463) -> 0 | AC464: =SUM(AC393:AE463) -> 2559.1083
B467: ='Resumen-Mensual'!$K$26 -> 45784
B469: Central/Hora | E469: 1 | F469: 2 | G469: 3 | H469: 4 | I469: 5 | J469: 6 | K469: 7 | L469: 8 | M469: 9 | N469: 10 | O469: 11 | P469: 12 | Q469: 13 | R469: 14 | S469: 15 | T469: 16 | U469: 17 | V469: 18 | W469: 19 | X469: 20 | Y469: 21 | Z469: 22 | AA469: 23 | AB469: 24 | AC469: Total
B470: PFV-POZOALMONTE-2 | E470: 0 | F470: 0 | G470: 0 | H470: 0 | I470: 0 | J470: 0 | K470: 0 | L470: 0 | M470: 0 | N470: 0 | O470: 0 | P470: 0 | Q470: 0.034166667 | R470: 0.00066666667 | S470: 0.0015 | T470: 0 | U470: 0 | V470: 0 | W470: 0 | X470: 0 | Y470: 0 | Z470: 0 | AA470: 0 | AB470: 0 | AD470: =SUM(E470:AB470) -> 0.036333333
...

Sheet Resumen-DiarioHorario-HP
B2: CURTAILMENT HIDRO PASADA POR CENTRALES EN FORMA DIARIA/HORARIA
B5: =+'Resumen-Mensual'!E26 -> 45778
B7: Central/Hora | E7: 1 | F7: 2 | G7: 3 | H7: 4 | I7: 5 | J7: 6 | K7: 7 | L7: 8 | M7: 9 | N7: 10 | O7: 11 | P7: 12 | Q7: 13 | R7: 14 | S7: 15 | T7: 16 | U7: 17 | V7: 18 | W7: 19 | X7: 20 | Y7: 21 | Z7: 22 | AA7: 23 | AB7: 24 | AC7: Total
B8: ABANICO-1 | E8: 0 | F8: 0 | G8: 0 | H8: 0 | I8: 0 | J8: 0 | K8: 0 | L8: 0 | M8: 0 | N8: 0.42611261 | O8: 0 | P8: 0 | Q8: 0 | R8: 0.049574882 | S8: 2.1555089 | T8: 1.7981347 | U8: 0.11750053 | V8: 0 | W8: 0 | X8: 0 | Y8: 0 | Z8: 0 | AA8: 0 | AB8: 0 | AD8: =SUM(E8:AB8) -> 4.5468316
B9: ABANICO-3 | E9: 0 | F9: 0 | G9: 0 | H9: 0 | I9: 0 | J9: 0 | K9: 0 | L9: 0 | M9: 0 | N9: 0.42611261 | O9: 0 | P9: 0 | Q9: 0 | R9: 0.049574882 | S9: 2.1555089 | T9: 1.7981347 | U9: 0.11750053 | V9: 0 | W9: 0 | X9: 0 | Y9: 0 | Z9: 0 | AA9: 0 | AB9: 0 | AD9: =SUM(E9:AB9) -> 4.5468316
B10: ABANICO-5 | E10: 0 | F10: 0 | G10: 0 | H10: 0 | I10: 0 | J10: 0 | K10: 0 | L10: 0 | M10: 0 | N10: 0.42611261 | O10: 0 | P10: 0 | Q10: 0 | R10: 0.049574882 | S10: 2.1555089 | T10: 1.7981347 | U10: 0.11750053 | V10: 0 | W10: 0 | X10: 0 | Y10: 0 | Z10: 0 | AA10: 0 | AB10: 0 | AD10: =SUM(E10:AB10) -> 4.5468316
B11: ABANICO-6 | E11: 0 | F11: 0 | G11: 0 | H11: 0 | I11: 0 | J11: 0 | K11: 0 | L11: 0 | M11: 0 | N11: 0.42611261 | O11: 0 | P11: 0 | Q11: 0 | R11: 0.049574882 | S11: 2.1555089 | T11: 1.7981347 | U11: 0.11750053 | V11: 0 | W11: 0 | X11: 0 | Y11: 0 | Z11: 0 | AA11: 0 | AB11: 0 | AD11: =SUM(E11:AB11) -> 4.5468316
